시도,시군구,건강증진센터구분,건강증진센터명,소재지도로명주소,건강증진업무내용,운영기관전화번호,위도,경도
전라남도,신안군,건강증진,가거도건강증진센터,전라남도 신안군 흑산면 가거도길 36,"의과, 치과, 한의과 진료",061-246-3585,34.052388,125.1266341
전라남도,신안군,건강증진,홍도건강증진센터,전라남도 신안군 흑산면 홍도 1길 32,"의과, 치과, 한의과 진료",061-246-3701,34.68315259,125.191718
전라북도,장수군,건강증진,장계면건강생활지원센터,전라북도 장수군 장계면 한들로 124,만성질환예방및건강한생활습관 형성 지원,063-352-8700,35.73113068,127.5856752
인천광역시,남동구,정신보건,남동구정신건강복지센터,"인천광역시 남동구 인주대로 819, 6층","만성정신질환관리사업, 정신건강증진사업, 아동청소년정신건강사업, 자살예방사업",032-465-6412,37.4488382,126.728235
경기도,시흥시,정신보건,시흥시정신건강복지센터,경기도 시흥시 호현로 55,생애주기별 정신건강증진사업/정신장애인관리사업/자살예방사업,031-316-6661,37.44558366,126.7852959
경상남도,의령군,정신보건,의령군정신건강복지센터,경상남도 의령군 의령읍 의병로8길 16,"정신질환 예방, 상담, 치료연계, 정신질환자 주간재활프로그램 운영, 자살예방 및 정신건강증진 교육 등 군민정신건강증진 도모",055-570-4093,35.3178199,128.2547693
인천광역시,연수구,건강증진,맞춤형건강클리닉,인천광역시 연수구 함박뫼로 13,"치매검진, 당뇨.고혈압 상담 및 검사, 뇌경색.심뇌혈관질환, 정신건강 상담",032-749-8104,37.41913159,126.6711606
전라남도,장흥군,건강증진,장흥군건강증진센터,전라남도 장흥군 장흥읍 흥성로 49,"인바디 측정, 운동치료",061-860-6489,34.67646767,126.9083343
울산광역시,동구,건강증진,울산광역시 동구보건소 건강증진센터,울산광역시 동구 봉수로 155,장애인 전용 건강증진 프로그램 운영,052-209-4058,35.50506971,129.4164300357
전라북도,무주군,건강증진,무주군보건의료원 건강증진센터,전라북도 무주군 무주읍 한풍루로 413,"기초건강측정 및 상담, 운동처방, 운동프로그램 운영",063-320-8241,36.0058821,127.6716991
경기도,하남시,정신보건,하남시정신건강복지센터,경기도 하남시 미사강변대로 200,"정신건강증진사업, 아동청소년정신건강증진사업, 자살예방사업, 노인자살예방사업",031-793-6552,37.5676545044,127.1858193513
부산광역시,동래구,정신보건,동래구정신건강복지센터,부산광역시 동래구 명륜로187번길 56,지역정신건강증진,051-507-7306,35.21140793,129.0798561
서울특별시,성동구,정신보건,성동구정신건강복지센터,서울특별시 성동구 행당로 12,"정신건강증진, 중증정신질환자 관리",02-2298-1080,37.5544895353,127.021461921
경북,칠곡군,건강증진,건강증진센터,경북 칠곡군 왜관읍 관문로1길 30,ㅇ 체력진단 및 운동처방ㅇ 혈압 및 혈당 등 건강검사ㅇ 영양상담 및 운동상담ㅇ 운동프로그램 운영,054-973-4000,35.99070797,128.4186406
광주광역시,광산구,정신보건,광산구정신건강복지센터,"광주광역시 광산구 상무대로 239-1, 3층","정신질환자 사례관리, 정신건강증진사업, 자살예방사업 등",062-941-8567,35.14062095,126.7932445
광주광역시,광산구,정신보건,광산구중독관리통합지원센터,"광주광역시 광산구 상무대로 287, 3층","알코올 중독자 사례관리, 재활프로그램 등",062-714-1233,35.14360579,126.7928318
전라남도,여수시,건강증진,여수건강증진센터,전라남도 여수시 시청서4길47(학동),"대사증후군관리사업,영양플러스사업,신체활동사업,영양관리사업",061-659-4213,34.75931552,127.6603872
경기도,의정부시,건강증진,의정부시건강증진센터,경기도 의정부시 범골로 131,"건강증진센터 운영(개인별 맞춤형 운동처방, 운동·영양 교육 및 상담), 대사증후군 관리",031-870-6089,37.73615933,127.0395595
경상북도,김천시,정신보건,김천시정신건강복지센터,"경상북도 김천시 체육공원길 21, 3층",정신건강증진 및 자살예방사업,054-433-4005,36.1197327,128.1445275
충청북도,충주시,건강증진,충주시건강증진센터,충청북도 충주시 사직산21길34,"영양, 운동, 건강상담",043-850-3551,36.97085167,127.9280135
서울특별시,구로구,정신보건,서울특별시 구로정신건강복지센터,서울특별시 구로구 새말로60,정신건강증진사업 업무전반,02-861-2284,37.50321336,126.8866567
경상남도,통영시,정신보건,통영시정신건강복지센터,"경상남도 통영시 안개4길 108,(무전동)",정신건강증진 및 자살예방사업,055-650-6542,34.85980836,128.4320132
경상남도,창녕군,정신보건,창녕군정신건강복지센터,경상남도 창녕군 창녕읍 우포2로 1189-35,"정신건강증진사업, 자살예방사업, 중증정신질환자 관리 등",055-530-6260,35.5436522,128.4900857
광주광역시,북구,정신보건,광주북구정신건강복지센터,광주광역시 북구 북문대로 43,"정신건강증진, 정신장애인 및 자살예방 사례관리",062-267-5510,35.17518862,126.8807727
경상남도,고성군,정신보건,고성군정신건강복지센터,경상남도 고성군 고성읍 남포로 79번길 103-3,"재가정신질환자등록관리, 재활프로그램운영, 정신건강교육 등 정신건강증진사업운영",055-670-4057,34.96957375,128.3154029
부산광역시,해운대구,건강증진,해운대구건강증진센터,부산광역시 해운대구 반송로 853,예방보건 다목적 체육시설,051-717-3445,35.23004498,129.1478938
전라남도,신안군,건강증진,암태건강증진센터,전라남도 신안군 암태면 승봉로 38,"의과, 치과, 한의과 진료",061-271-1573,34.826233,126.1101211
전라남도,신안군,건강증진,하의건강증진센터,전라남도 신안군 하의면 하의로 250,"의과, 치과, 한의과 진료",061-275-4024,34.605756,126.0357691
울산광역시,남구,정신보건,울산광역시남구정신건강복지센터,울산광역시 남구 삼산중로 132,"정신질환자 재활, 정신건강교육.상담.홍보, 자살예방사업",052-227-1116,35.5453601,129.3363124
울산광역시,남구,정신보건,울산광역시남구정신건강복지센터,울산광역시 남구 삼산중로 132,"정신질환자 재활, 정신건강교육.상담.홍보, 자살예방사업",052-227-1116,35.5453601,129.3363124
울산광역시,남구,건강증진,무거건강생활지원센터,울산광역시 남구 대학로 147번길 41-26,건강생활습관 형성지원 및 만성질환 예방관리,052-226-2340,35.55124599,129.2596398
경기도,성남시,건강증진,수정구보건소 건강증진센터,경기도 성남시 수정구 수정로 218,"대사증후군관리, 체성분측정, 영양, 운동상담",031-729-3860,37.4443296,127.1440618
경기도,성남시,건강증진,중원구보건소 건강증진센터,경기도 성남시 중원구 금상로 137,"대사증후군관리, 영양, 운동",031-729-3936,37.44215625,127.1705808
경기도,성남시,건강증진,분당구보건소 건강증진센터,경기도 성남시 분당구 양현로 306,"대사증후군관리, 체성분측정, 영양, 운동상담",031-729-4005,37.4110097,127.124601
대구광역시,달성군,정신보건,달성군정신건강복지센터,"대구광역시 달성군 옥포읍 비슬로458길 6-2, 3층","정신건강증진사업, 중증정신질환자 관리사업, 자살예방사업, 아동·청소년정신건강증진사업, 통합정신건강증진사업",053-643-0199,35.789593,128.471279
전라남도,곡성군,정신보건,곡성군정신건강복지센터,전라남도 곡성군 곡성읍 곡성로 854,정신보건,061-363-9917,35.27886716,127.2969046
충청남도,태안군,건강증진,태안군보건의료원 건강검진센터,충청남도 태안군 태안읍 서해로 1952-16,국가 암 및 건강검진 등,041-671-5246,36.7518786,126.3231987
충청북도,영동군,정신보건,영동군정신건강복지센터,충청북도 영동군 영동읍 반곡동길 7,"정신건강증진, 자살예방, 아동청소년정신보건",043-740-5929,36.16849628,127.7759673
부산광역시,영도구,정신보건,영도구 정신건강복지센터,부산광역시 영도구 동삼북로 3(동삼동),정신건강과 자살예방 관련 상담 및 프로그램 진행,051-404-3379,35.08302016,129.0692231
경상남도,사천시,정신보건,사천시정신건강복지센터,경상남도 사천시 용현면 시청로 77-1,지역주민 정신건강증진사업,055-831-2794,35.00448215,128.0641106
대전광역시,유성구,정신보건,유성구정신건강복지센터,"대전광역시 유성구 박산로 177, 유성구보건소 2층",정신건강관리,042-825-3527,36.3538124711,127.3286409054
대구광역시,서구,건강증진,대구서구건강생활지원센터,대구광역시 서구 서대구로7길 46,"만성질환 상담실 및 운동 프로그램 운영, 내당권역 방문건강관리사업",053-663-3232,35.8607456,128.551449
경상북도,상주시,정신보건,상주시정신건강복지센터,경상북도 상주시 경상대로 3023,"중증정신질환자관리, 정신건강증진, 자살예방",054-536-0668,36.41691331,128.1508541
대구광역시,북구,정신보건,대구북구정신건강복지센터,"대구광역시 북구 성북로 43, 4층","중증정신질환자 관리, 정신건강증진사업, 아동청소년 정신건강증진사업, 자살예방사업 등",053-353-3631,35.891605,128.5882723
경기도,포천시,정신보건,포천시정신건강복지센터,경기도 포천시 포천로 1612,"시민 정신건강 증진, 중증정신질환자 지역사회 통합, 자살 위험없는 안전사회 구현",031-542-0222,37.90082576,127.2012628
경상남도,진주시,정신보건,진주시 정신건강복지센터,경상남도 진주시 문산읍 월아산로 983,"주간재활프로그램, 무료상담소 운영, 정신질환 의료비 지원 등",055-749-5774,35.15912752,128.163613
부산광역시,기장군,정신보건,기장군 정신건강증진센터,부산광역시 기장군 정관읍 용수로 11,정신건강증진사업 자살예방사업 중증정신질환자 관리 등,051-709-2983,35.32519573,129.1793749
경상남도,김해시,정신보건,김해시정신건강복지센터,"경상남도 김해시 주촌면 주선로 29-1, 3층","중증정신질환관리, 자살예방 및 정신건강증진, 아동청소년 정신건강증진",055-320-5949,35.23477742,128.8457571
부산광역시,수영구,건강증진,수영구건강증진센터,부산광역시 수영구 수영로 637-5,"운동, 영양, 비만, 건강행태개선 업무",051-752-4000,35.1624774,129.1134413
울산광역시,북구,건강증진,울산광역시 북구보건소 건강증진센터,"울산광역시 북구 산업로 1018, 2층건강관리센터",만성질환 예방 및 관리,052-241-8168,35.58355486,129.3607258
경기도,부천시,정신보건,부천시정신건강복지센터,경기도 부천시 성오로 172,"중증정신질환자관리사업, 아동청소년정신보건사업, 자살예방사업, 정신건강증진사업",032-654-4024,37.5283486197,126.7960258927
경기도,양평군,정신보건,양평군정신건강복지센터(부설 자살예방센터),"경기도 양평군 양평읍 중앙로111번길 34-21, 3층","정신건강증진, 자살예방관리",031-771-3521,37.49662351,127.505177
경기도,오산시,건강증진,건강증진센터,경기도 오산시 경기동로 59,"대사증후군관리, 영양관리, 비만관리, 신체활동교육",031-8036-6071,37.15936876,127.0778335
서울특별시,종로구,정신보건,정신건강복지센터,서울특별시 종로구 성균관로15길 10,정신건강증진사업,02-745-0199,37.590054,126.9976147
서울특별시,종로구,건강증진,명륜건강증진센터,서울특별시 종로구 성균관로1길 6-3,대사증후군관리,02-2148-3735,37.5834055,126.9977661
전라남도,나주시,정신보건,진산요양원,전라남도 나주시 노안면 노안삼도로 507-22,정신요양시설운영,061-336-1911,35.089994,126.6945442
전라남도,나주시,정신보건,빛고을정신요양원,전라남도 나주시 다도면 다도로 287-22,정신요양시설운영,061-337-3427,34.98546561,126.8276577
광주광역시,동구,정신보건,광주동구정신건강복지센터,광주광역시 동구 서남로 14,정신 건강예방서비스,062-233-0468,35.1449509557,126.9231629766
광주광역시,동구,정신보건,광주동구중독관리통합지원센터,"광주광역시 동구 구성로 190, 2층","중독자 등록관리, 중독예방사업",062-222-5666,35.152598,126.913948
경상북도,경산시,정신보건,정신건강복지센터,경상북도 경산시 남매로 158,정신건강증진사업 및 자살예방사업,053-816-7190,35.82511247,128.7432823
충청북도,단양군,건강증진,단양군 CCTV통합관제센터 체력단련실,충청북도 단양군 단양읍 별곡1로 17,체력단련실,043-420-3277,36.98473681,128.3674437
충청남도,논산시,건강증진,논산시건강생활지원센터,충청남도 논산시 해월로125번길 26,"건강증진프로그램운영, 대사증후군관리 등",041-746-8027,36.20478393,127.0822907
충청남도,천안시,건강증진,성정건강생활지원센터,충청남도 천안시 서북구 서부8길 29,"만성질환관리, 영양관리, 운동관리, 구강관리",041-521-2584,36.8197764,127.1398813
충청북도,옥천군,건강증진,옥천군보건소 건강증진센터,충청북도 옥천군 옥천읍 삼양로8길 10,건강증진사업,043-730-2121,36.30448958,127.5697187
대구광역시,중구,정신보건,대구광역시 중구정신건강복지센터,대구광역시 중구 태평로 45,"중증정신질환자 관리 및 아동청소년 정신건강 서비스,  지역주민 정신건강증진,  자살예방 및 위기대응",053-256-2900,35.87790606,128.583346
전라남도,구례군,건강증진,구례군 보건의료원 건강증진센터,전라남도 구례군 구례읍 동편제길 30,"운동상담, 영양상담, 금연상담, 대사증후군 관리, 물리치료실, 모바일 헬스케어 관리",061-780-2017,35.216048,127.4617801
대구광역시,수성구,정신보건,대구수성구정신건강복지센터,대구광역시 수성구 수성로 213,"중증정신질환자관리사업, 아동청소년정신보건사업, 자살예방사업, 정신건강증진사업",053-756-5860,35.844919,128.6119385422
대구광역시,수성구,건강증진,대구수성구보건건강생활지원센터,대구광역시 수성구 욱수천로 99,"대사증후군관리, 영양, 구강, 금연, 운동, 방문건강, 모자보건사업",053-666-3163,35.8369885032,128.7128212323
부산광역시,남구,정신보건,남구정신건강복지센터,부산광역시 남구 유엔평화로4번길 61,정신건강상담 및 프로그램 운영,051-626-4660,35.134251,129.088534
경상북도,영주시,정신보건,경상북도영주시보건소정신건강복지센터,경상북도 영주시 영주로159번길 73,"통합정신건강증진사업, 자살예방사업, 중증정신질환 등록관리",054-639-5728,36.82876293,128.6159883
광주광역시,광산구,정신보건,송광정신재활센터,광주광역시 광산구 우산로 17,정신질환자 재활프로그램 운영 및 사회복귀 도모,062-841-8250,35.15982359,126.8041452
광주광역시,동구,정신보건,광주동구치매안심센터,"광주광역시 동구 서남로 14, 7층",치매예방관리,062-608-3490,35.14495096,126.923163
광주광역시,동구,건강증진,지원건강생활지원센터,"광주광역시 동구 지원로 31-9, 2층","만성질환예방 및 관리사업, 신체활동, 영양, 비만, 재활, 건강체험관 운영",062-608-3950,35.125318,126.935176655
서울특별시,강북구,건강증진,강북구민건강관리센터(삼각산분소),서울특별시 강북구 삼양로19길 154,"호흡기환자진료센터, 건강운동지원실 운영, 어린이체험관 운영",02-901-4801,37.6170482,127.015605
광주광역시,광산구,정신보건,광역정신건강복지센터,광주광역시 광산구 무진대로 246,"정신건강사업 기획, 홍보, 매뉴얼 개발, 지역사회 네트워크 구축 등",062-600-1930,35.16108692,126.807107
서울특별시,노원구,정신보건,노원구정신건강복지센터,서울특별시 노원구 노해로 455,정신질환자 등록관리,02-2116-4591,37.65416667,127.0585199
경상남도,남해군,정신보건,남해군정신건강복지센터,경상남도 남해군 남해읍 선소로 6,"중증정신질환자관리, 주간재활프로그램운영",055-860-8785,34.84474988,127.8987857
서울특별시,강남구,건강증진,수서동건강증진센터,서울특별시 강남구 밤고개로1길 52,"대사증후군관리,만성질환관리",02-3423-8773,37.48900105,127.1052745
서울특별시,강남구,건강증진,세곡동건강증진센터,서울특별시 강남구 밤고개로 286,"대사증후군관리,만성질환관리,고혈압,당뇨 교육",02-3423-8688,37.4690094,127.1069041
인천광역시,계양구,건강증진,효성건강생활지원센터,인천광역시 계양구 봉오대로543번길 21,"만성질환등록관리, 교육 프로그램 운영, 기타서비스제공(금연클리닉, 불소용액 배부, 모자보건 상담 등)",032-430-7793,37.532549,126.7086103178
서울특별시,강서구,정신보건,강서구정신건강복지센터,"서울특별시 강서구 공항대로 561, B1층","중증정신질환관리, 정신건강상담, 자살예방, 알코올중독예방 등",02-2600-5926,37.54964994,126.8682802
전라북도,익산시,건강증진,익산시정신건강복지센터,전라북도 익산시 무왕로 975,"정신건강증진사업, 아동청소년 정신보건사업, 자살예방사업",063-841-4235,35.96098753,126.9664376
경기도,남양주시,건강증진,호평건강생활지원센터,경기도 남양주시 호평로68번길 21,"만성질환 예방관리, 건강생활실천 상담, 교육프로그램 운영",031-590-8084,37.65456666,127.2489491
경기도,남양주시,건강증진,화도건강생활지원센터,경기도 남양주시 화도읍 비룡로 59,"만성질환 예방관리, 건강생활실천 상담, 교육프로그램 운영",031-590-8434,37.65784817,127.3007103
경기도,군포시,정신보건,군포시정신복지센터(부설)자살예방센터,경기도 군포시 군포로 221,"만성정신장애인 관리, 정신건강사업, 주간재활 프로그램운영, 자살예방사업, 아동청소년정신건강사업,생명존중 및 노인자살예방사업",031-461-1771,37.3330901,126.9254149
충청남도,보령시,건강증진,보령시보건소 건강증진센터,충청남도 보령시 남포면 보령남로 234,"개인 운동상담 및 체성분 측정, 영양상담, 건강상담",041-930-5980,36.32450916,126.6023712
서울특별시,중랑구,정신보건,중랑구정신건강복지센터,서울특별시 중랑구 면목로 238,중증정신질환자 등록 및 사례관리아동청소년 정신건강사업정신장애인 재활프로그램 운영정신건강상담,02-2276-7000,37.5739185,127.0851055
강원도,인제군,정신보건,인제군 정신건강증진센터,강원도 인제군 인제읍 인제로 140번길 34,"정신건강증진센터운영(정신장애인 사회재활, 아동청소년 정신보건사업) 및 자살예방사업",033-461-2425,38.06327706,128.1685854
울산광역시,중구,정신보건,울산중구정신건강복지센터,울산광역시 중구 외솔큰길 225,"중증정신건강사업, 자살예방사업, 아동 청소년 정신건강증진사업",052-292-2900,35.569483,129.350445
울산광역시,중구,정신보건,울산중구정신건강복지센터,울산광역시 중구 외솔큰길 225,"중증정신건강사업, 자살예방사업, 아동 청소년 정신건강증진사업",052-292-2900,35.569483,129.350445
경기도,이천시,정신보건,이천시정신건강복지센터,경기도 이천시 이섭대천로 1119(증일동) 2층,"정신건강증진, 아동청소년정신건강증진사업, 자살예방사업",031-637-2330,37.27052428,127.4454563
경상남도,산청군,정신보건,산청군 정신건강복지센터,경상남도 산청군 산청읍 중앙로 97,"정신건강사업, 자살예방사업",055-970-7637,35.41608206,127.8842381
부산광역시,강서구,정신보건,부산광역시강서구정신건강복지센터,"부산광역시 강서구 공항진입로 8, ㈜제이슨인터네셔날 2층",자살예방 및 정신건강증진 사업 등,051-973-3418,35.18133851,128.9575791
경기도,광명시,건강증진,광명시시민건강증진센터,경기도 광명시 광명로 942-1,"건강기초검사, 상담, 어린이 건강체험관, 어르신 운동 프로그램 운영",02-2680-0967,37.48278046,126.8562947
경기도,고양시,건강증진,건강생활지원센터 고양,경기도 고양시 덕양구 혜음로 19-11,"건강마을 만들기, 대사증후군 등록관리, 생애주기별 비만예방 프로그램",031-8075-4823,37.7025182,126.9011953
경상남도,거창군,건강증진,거창군정신건강복지센터,경상남도 거창군 거창읍 거함대로 3079,"정신질환대상자 등록 관리, 주간재활프로그램 운영, 지역주민 정신건강상담 및 지원, 자살예방사업 등",055-940-8383,35.6809363,127.8987274
전라남도,영광군,정신보건,영광군정신건강복지센터,전라남도 영광군 영광읍 신남로4길17,"정신질환자 사례관리및 상담 교육, 정신질환자 사회복귀을 위한 프로그램",061-350-4807,35.274681,126.504163
전라남도,광양시,건강증진,광양시건강증진센터,전라남도 광양시 광양읍 인덕로 1100,"건강증진사업, 모바일헬스케어, 워크온",061-797-4103,34.98097674,127.5836111
전라남도,광양시,정신보건,광양시 정신건강복지센터,전라남도 광양시 광양읍 인덕로 1100,"중증정신질환자 관리사업, 아동청소년 정신건강증진사업, 자살예방사업 등",061-797-3746,34.98097674,127.5836111
전라남도,광양시,정신보건,광양시치매안심센터,전라남도 광양시 광양읍 호북길 13-3,"치매상담, 치매등록, 치매조기검진, 치매예방프로그램, 공공후견인사업, 치매안심마을, 치매인식개선 홍보, 지역 치매네크워크 구축, 치매환자 약제비 지원, 조호물품지급, 쉼터운영, 치매가족지원",061-797-4059,34.98010194,127.5836111
경상북도,청도군,건강증진,청도군건강증진센터,경상북도 청도군 화양읍 청화로 79-11,"수영장, 헬스장운영",054-370-2669,35.64862487,128.7372615
서울특별시,중구,정신보건,중구정신건강복지센터,서울특별시 중구 서소문로6길 16,"중증 정신질환자 등록 관리사업,영유아 아동청소년 지원사업주민정신건강증진사업생명사랑사업 등",02-2236-6606,37.559432,126.9662595
경상북도,문경시,정신보건,문경시정신건강복지센터,경상북도 문경시 신흥로 165,"중증 정신질환자 관리사업, 정신건강증진·환경 조성사업, 자살예방사업",054-554-0802,36.59576737,128.2023884
경기도,양평군,건강증진,양평군 건강관리중앙센터,"경기도 양평군 양평읍 마유산로 7, 보건소 뒤","운동, 질환, 영양, 심뇌혈관",031-770-2273,37.49761932,127.486322
경기도,양평군,건강증진,양평군 건강관리서부센터,"경기도 양평군 양서면 북한강로 38, 에코힐링센터내 3층","운동, 질환, 영양, 심뇌혈관",031-770-3447,37.54711021,127.3215219
경기도,양평군,건강증진,양평군 건강관리동부센터(추가),경기도 양평군 용문면 용문로 391 양평 동부청소년문화의집 내  3층,"운동, 질환, 영양, 심뇌혈관",031-770-3494,34.48702946,127.5958947
대전광역시,서구,건강증진,서구 보건소 건강증진센터,대전광역시 서구 만년로 74,"체성분 검사, 운동처방 운동프로그램",042-288-4545,36.367062,127.3810998
대전광역시,서구,건강증진,서구 관저보건지소 건강증진센터,대전광역시 서구 구봉산북로 300,"체성분 검사, 운동처방 운동프로그램",042-288-4634,36.301037,127.345007
경기도,가평군,건강증진,건강증진센터,경기도 가평군 가평읍 가화로 155-9,"신체활동, 영양업무",031-580-2833,37.8329564,127.5112146
대구광역시,남구,정신보건,대구남구정신건강복지센터,대구광역시 남구 영선길 34,"중증정신질환자관리사업, 아동청소년정신보건사업, 자살예방사업, 정신건강증진사업",053-628-5863,35.853883,128.5915237
경상남도,밀양시,건강증진,건강드림센터,경상남도 밀양시 삼문중앙로 41,"맞춤 운동처방 및 영양상담, 지역특화 건강증진, 만성질환 관리 프로그램 운영",055-359-7056,35.485619,128.756009
전라북도,정읍시,건강증진,시민(어르신)건강증진센터,전라북도 정읍시 수성1로 61,"만성질환건강상담,운동상담,영양상담,시민건강증진교육",063-539-6088,35.5779812453,126.8545209615
부산광역시,북구,정신보건,부산북구정신건강복지센터,부산광역시 북구 만덕대로89번길 9(덕천동) 북구보건소 덕천지소 3층,"정신건강증진및재활, 생명존중자살예방, 아동청소년정신건강증진",051-334-3200,35.2127675,129.0144018
강원도,강릉시,건강증진,남부건강생활지원센터,강원도 강릉시 성덕포남로 80-22,"모바일헬스케어사업, 소생활권맞춤형건강증진사업, 심뇌혈관질환예방관리사업, 한의약건강증진사업, 건강한성덕동만들기",033-660-2483,37.76324924,128.9188369
강원도,태백시,건강증진,태백시건강증진센터,강원도 태백시 태백로 905,건강증진,033-550-3039,37.176676,128.9924305
인천광역시,중구,정신건강증진,중구정신건강복지센터,인천광역시 중구 참외전로72번길 21,"정신건강사업, 생명피움사업, 종합자가검진 및 상담제공",032-760-6090,37.47721729,126.6291077
충청북도,청주시,정신보건,상당정신건강복지센터,충청북도 청주시 상당구 남일면 단재로 480,"정신건강, 질병예방, 건강관리",043-298-0199,36.5882642096,127.5059388388
충청북도,청주시,정신보건,서원정신건강복지센터,충청북도 청주시 서원구 구룡산로 235,"정신건강, 질병예방, 건강관리",043-291-0199,36.61602197,127.4713297
충청북도,청주시,정신보건,흥덕정신건강복지센터,충청북도 청주시 흥덕구 비하로15번길 16,"정신건강, 질병예방, 건강관리",043-234-8686,36.62858039,127.4242658
충청북도,청주시,정신보건,청원정신건강복지센터,충청북도 청주시 청원구 오창읍 과학산업3로 238,"정신건강, 질병예방, 건강관리",043-215-6868,36.71040553,127.4304724
경기도,파주시,정신보건,파주시정신건강복지센터,경기도 파주시 조리읍 봉천로 68,정신질환예방 및 정신질환자 등록 관리,031-942-2117,37.74507915,126.8050097
경상북도,울진군,건강증진,울진군보건소,경상북도 울진군 울진읍 읍내8길 61-8,"운동지도(운동, 운동실 기구이용), 영양상담(체지방측정 대사증후군)",054-789-5081,36.99621755,129.4045994
인천광역시,미추홀구,건강증진,건강증진120센터,인천광역시 미추홀구 한나루로 444,건강측정 및 건강상담,032-880-7475,37.44658054,126.667441
인천광역시,미추홀구,건강증진,건강증진120센터,인천광역시 미추홀구 소성로 339,건강측정 및 건강상담,032-728-6513,37.43768332,126.6850043
인천광역시,미추홀구,건강증진,건강증진120센터,인천광역시 미추홀구 석정로 464,건강측정 및 건강상담,032-861-9788,37.4658875,126.687304
인천광역시,미추홀구,건강증진,건강증진120센터,인천광역시 미추홀구 인주대로 198,건강측정 및 건강상담,032-728-6177,37.45480121,126.658576
인천광역시,미추홀구,건강증진,건강체력증진센터,인천광역시 미추홀구 주안서로 52,체력검사 및 맞춤운동프로그램 운영,032-876-0321,37.46346603,126.678076
서울특별시,영등포구,정신보건,영등포구 정신건강복지센터,서울특별시 영등포구 당산로 123(당산동3가),"정신건강 고위험군 조기발견 및 조기개입, 생애주기별 정신건강 예방사업, 정신건강 취약지역 사업자살위기개입 및 관리",02-2670-4793,37.52596316,126.8963671
경기도,양주시,건강증진,양주시 동부 건강생활지원센터,경기도 양주시 화합로1426번길 90,통합건강증진사업 업무,031-8082-4341,37.83814235,127.0680351
경기도,양주시,건강증진,양주시 서부 건강생활지원센터,경기도 양주시 광적면 부흥로 618번길 303,통합건강증진사업 업무,031-8082-4372,37.81249951,126.9723084
경기도,수원시,정신보건,수원시행복정신건강복지센터,경기도 수원시 장안구 송원로 101,수원시마음건강 지원 사업 생애주기별 정신건강증진 및 질환예방사업 등 수원시 정신건강 비젼 및 계획수립,031-253-5737,37.30402833,127.0103129
경기도,수원시,정신보건,수원시아동청소년정신건강복지센터,경기도 수원시 팔달구 동말로47번길 17,지역 내 아동 청소년 정신보건사업 기획 조기중재사업 평가사업,031-242-5738,37.27939629,126.9993939
경기도,수원시,정신보건,수원시성인정신건강복지센터,경기도 수원시 팔달구 매산로 89,중증정신 질환 관리 정신건강 증진사업,031-247-0888,37.27049849,127.0106742
경기도,수원시,정신보건,수원시자살예방센터,경기도 수원시 팔달구 동말로47번길 17,수원시 자살예방사업 종합계획 수립 자살 고위험군 등록관리 및 치료지원,031-247-3279,37.27939629,126.9993967
울산광역시,울주군,정신보건,울주군정신건강복지센터,울산광역시 울주군 삼남면 서향교1길 67-12,"중증정신질환자관리, 정신건강증진, 자살예방사업, 아동청소년 정신건강증진 등",052-262-1148,35.5583314,129.113771
울산광역시,울주군,정신보건,울주군정신건강복지센터,울산광역시 울주군 삼남면 서향교1길 67-12,"중증정신질환자관리, 정신건강증진, 자살예방사업, 아동청소년 정신건강증진 등",052-262-1148,35.5583314,129.113771
경상북도,영덕군,정신보건,영덕군정신건강복지센터,경상북도 영덕군 영덕읍 경동로 8367,"정신건강증진사업, 중증정신질환관리사업, 생명존중(자살예방)사업, 정신보건 환경조성사업",054-730-7161,36.4181557591,129.3676308742
경기도,평택시,정신보건,평택시정신건강복지센터,경기도 평택시 평택5로56,정신건강증진 및 자살예방사업,031-658-9818,36.99089576,127.1119697
경기도,평택시,건강증진,포승건강생활지원센터,경기도 평택시 포승읍 여술로47,"금연, 운동관리",031-8024-8660,36.98936154,126.847404
경기도,평택시,건강증진,평택시건강증진센터,경기도 평택시 평택5로 56,"통합건강상담실, 어린이건강체험관, 재활운동실, 로봇보행재활실 운영",031-8024-4414,36.99089531,127.1119719
대전광역시,중구,정신보건,대전광역시중구정신건강복지센터,대전광역시 중구 수도산로 15,"중증정신질환자관리, 자살예방 및 정신건강증진사업, 아동청소년 정신건강증진사업",042-257-9930,36.3203561,127.4258843
경기도,수원시,정신보건,수원시중독관리통합지원센터,경기도 수원시 팔달구 매산로 89,알코올 및 기타중독자의 발견 및 등록사업 가족전화 내방상담 교육,031-256-9478,37.27049849,127.0106742
경기도,수원시,정신보건,수원시노인정신건강복지센터,경기도 수원시 영통구 영통로 396,노인정신건강 서비스 대상자 등록 및 관리 의뢰체계 구축 노인정신질환 관련 프로그램 운영,031-273-7524,37.2568828,127.0697108
경기도,남양주시,건강증진,오남건강생활지원센터,경기도 남양주시 오남읍 진건오남로 806-34,"만성질환 예방관리, 건강생활실천 상담, 교육프로그램 운영",031-590-8501,37.69857596,127.2048422
경기도,남양주시,건강증진,와부건강생활지원센터,경기도 남양주시 와부읍 월문천로 35,"만성질환 예방관리, 건강생활실천 상담, 교육프로그램 운영",031-590-4394,37.58551455,127.2163294
경기도,남양주시,건강증진,별내건강생활지원센터,경기도 남양주시 별내3로 64-21,"만성질환 예방관리, 건강생활실천 상담, 교육프로그램 운영",031-590-8188,37.64616741,127.1218817
경기도,남양주시,건강증진,다산건강생활지원센터,경기도 남양주시 다산중앙로 7,"만성질환 예방관리, 건강생활실천 상담, 교육프로그램 운영",031-590-8580,37.613928,127.1555493
충청남도,부여군,건강증진,부여군 건강재활센터,충청남도 부여군 부여읍 성왕로 205,"장애인 등록관리 및 재활서비스 제공, 장애인 재활치료 및 사회참여 프로그램, 원스톱 건강관리 클리닉 및 운동처방실 운영, , 대사증후군 건강관리 운동교실 운영 등",041-830-8732,36.28305231,126.9093363
충청남도,부여군,정신보건,오석산정신요양원,충청남도 부여군 부여읍 청마로 61,만성정신질환자 입소 관리,041-835-5900,36.28025591,126.9518851
충청남도,부여군,정신보건,부여군 정신건강복지센터,충청남도 부여군 부여읍 성왕로 205,"지역사회 정신건강증진사업, 자살예방사업 등",041-830-8626,36.28305231,126.9093363
서울특별시,서초구,건강증진,건강증진센터,서울특별시 서초구 남부순환로 2584,"신체활동사업(체성분, 체력측정에 따른 운동상담) 영양사업(영양플러스, 영양상담)",02-2155-8074,37.48362486,127.0326987
전라북도,부안군,정신보건,부안군정신건강복지센터,전라북도 부안군 부안읍 오리정로 124,"중증정신질환자관리사업, 정신건강증진사업, 자살예방사업 등",063-581-5830,35.72283463,126.7355916
부산광역시,연제구,건강증진,건강체험실,부산광역시 연제구 연제로2,구민 건강증진프로그램 운영,051-665-4818,35.17621174,129.0797456
충청남도,서천군,건강증진,서천군주민건강센터,충청남도 서천군 서천읍 사곡길 26,"운동관리, 영양관리, 비만관리",041-950-6748,36.08213429,126.6894386
대구광역시,동구,정신보건,동구정신건강복지센터,대구광역시 동구 동촌로 79,"정신건강증진, 자살예방사업",053-983-8340,35.88812099,128.6512343
전라북도,순창군,건강증진,순창건강증진센터,전라북도 순창군 순창읍 순창5길11-6,"운동처방, 건강증진",063-650-5256,35.37279371,127.1407559
서울특별시,광진구,정신보건,광진구정신건강복지센터,"서울특별시 광진구 긴고랑로 110, 4층","중증정신질환자 등록 사례관리 및 재활프로그램운영, 생애주기별 정신건강사업, 정신건강상담, 지역주민 심리지원",02-450-1895,37.55933773,127.0870912
대전광역시,대덕구,건강증진,대덕구남부건강생활지원센터,대전광역시 대덕구 동춘당로187,주민참여기반의 건강증진사업,042-608-4474,36.36720857,127.4308384
경상북도,안동시,건강증진,안동시주민건강지원센터,경상북도 안동시 서동문로 165,"만성질환관리, 금연클리닉, 영양플러스, 건강증진실, 구강보건, 방문보건업무 등 건강증진프로그램 운영",054-840-5997,36.5669986,128.7302562
경기도,의왕시,정신보건,의왕시정신건강복지센터,"경기도 의왕시 오봉로34, 의왕시보건소 별관 1층","생명사랑프로젝트사업, 노인자살예방사업, 청년정신건강증진사업, 치료비지원사업 등",031-458-0682,37.34378796,126.9719938
경기도,구리시,건강증진,구리시정신건강증진센터,경기도 구리시 건원대로 34번길 84,"기초정신건강증진센터 운영, 정신질환자 치료비지원 사업, 아동청소년 정신건강증진, 자살예방사업",031-523-8614,37.604755,127.145063
강원도,삼척시,정신보건,삼척시정신건강복지센터,강원도 삼척시 척주로 76,자살예방 및 정신건강증진사업,033-574-0190,37.4437523,129.1722129
충청북도,괴산군,정신보건,괴산군정신건강복지센터,"충청북도 괴산군 괴산읍 동진천길 43, 2층","정신건강증진사업, 자살예방사업, 만성정신질환자관리사업, 아동청소년정신건강증진사업",043-832-0330,36.80799723,127.7966873
경상북도,경주시,정신보건,경주시정신건강증진센터,경상북도 경주시 양정로 300,"중증정신질환관리사업, 정신건강증진사업, 아동청소년 정신건강증진사업, 자살예방 및 정신건강증진사업, 정신보건환경조성사업, 통합정신건강증진사업",054-741-2300,35.85948296,129.224632
충청북도,음성군,건강증진,음성군 건강증진센터,충청북도 음성군 음성읍 중앙로 49,운동기구를 활용한 체력단련,043-871-2089,36.92884607,127.6888780885
강원도,홍천군,건강증진,건강생활지원센터,강원도 홍천군 북방면 상화계2길 17,북방면 건강증진프로그램 운영,033-430-4132,37.70603484,127.8542579
전라북도,남원시,건강증진,남원시 보건소 주민건강증진센터,전라북도 남원시 요천로 1285,"금연, 절주, 영양, 신체활동, 비만 등맞춤형 건강상담 및 교육",063-620-7987,35.39783988,127.3639897
충청남도,금산군,건강증진,금산군정신건강복지센터,충청남도 금산군 금산읍 금산로 1559,"만성정신질환자관리, 자살예방사업, 아동청소년 정신건강사업",041-751-4721,36.112082,127.491624
경상남도,함양군,건강증진,함양군건강증진센터,경상남도 함양군 함양읍 한들로 139,"정신, 재활사업",055-960-8060,35.51955171,127.7314751
충청남도,예산군,건강증진,예산군보건소 건강증진센터,충청남도 예산군 예산읍 군청로 22,"건강증진사업, 건강상담",041-339-6080,36.68088054,126.8448507
충청남도,예산군,정신보건,예산군정신건강복지센터,충청남도 예산군 예산읍 군청로 22,"정신건강증진사업, 자살예방사업",041-339-6111,36.68088054,126.8448507
충청남도,예산군,정신보건,예산정신요양원,충청남도 예산군 예산읍 간양길 258,만정 정신질환자 요양 및 보호,041-334-7951,36.72533069,126.8784205
울산광역시,동구,정신보건,울산광역시동구정신건강증진센터,울산광역시 동구 봉수로 155,"만성정신질환자관리, 지역주민 정신건강증진, 아동청소년정신보건, 자살예방사업",052-209-1040,35.50506971,129.4164300357
부산광역시,금정구,건강증진,금정구 건강생활지원센터,부산광역시 금정구 서동로175번길 41-5,"만성질환관리를 위한 건강상담실 운영, 체력단련실 및 재활운동실 운영, 건강증진 프로그램 및 건강동아리 운영 등",051-519-5481,35.21544759,129.1074473
부산광역시,금정구,건강증진,장전2동 건강생활지원센터,부산광역시 금정구 금정로 29-6,"만성질환관리를 위한 건강상담실 운영, 체력단련실 운영, 건강증진 프로그램 및 건강동아리 운영 등",051-519-5801,35.2274584,129.0855712
광주광역시,서구,정신보건,서구정신건강복지센터,광주광역시 서구 운천로 172번길 32,"중증정신질환자관리사업, 자살예방사업, 아동청소년 정신건강관리사업, 정신건강증진사업",062-350-4195,35.1481692,126.8601743
경상남도,거제시,정신보건,정신건강복지센터,경상남도 거제시 수양로 506,정신건강사업자살예방사업,055-639-6119,34.8916875668,128.6365603847
충청북도,제천시,건강증진,제천시보건소 건강증진센터,충청북도 제천시 의림대로 242,"대사증후군관리, 영양관리, 맞춤형 신체활동관리",043-641-3043,37.1493417,128.2160865
충청북도,제천시,건강증진,용두건강생활지원센터,충청북도 제천시 용두대로17길8,"신체활동사업,영양사업,구강보건사업, 만성질환예방관리사업등",043-641-3282,37.1423157,128.2003609
서울특별시,양천구,정신보건,양천구 정신건강복지센터,서울특별시 양천구 목동서로 339(신정동),"만성정신질환자 관리사업, 정신건강증진사업, 아동청소년 정신건강특화사업",02-2061-8881,37.517794,126.865739
전라남도,순천시,정신보건,순천시 정신건강복지센터,전라남도 순천시 중앙로 232 순천시 보건소 2층,정신건강 복지,061-749-6695,34.96667705,127.4860726
전라남도,순천시,건강증진,순천시치매안심센터,전라남도 순천시 중앙로 232,"치매예방, 상담, 조기진단, 보건복지 자원연계 및 교육 등 통합관리",061-749-8888,34.96667705,127.4860726
인천광역시,서구,건강증진,완정건강생활지원센터,"인천광역시 서구 청마로167번길 19 (당하동, 2층)","영양관리, 대사증후군관리, 비만, 금연관리, 임산부관리, 구강건강, 건강강좌, 재활보건사업",032-718-0530,37.59210105,126.6746306
인천광역시,서구,건강증진,석남건강생활지원센터,인천광역시 서구 길주로 79,"영양관리, 대사증후군관리, 비만, 금연관리, 임산부관리, 구강건강, 건강강좌, 어린이건강체험관",032-718-0552,37.50672637,126.670879
인천광역시,서구,건강증진,가좌건강생활지원센터,인천광역시 서구 건지로284번길 60,"영양관리, 대사증후군관리, 비만, 금연관리, 임산부관리, 구강건강, 건강강좌",032-718-0570,37.49392982,126.6730183
인천광역시,서구,건강증진,검단건강생활지원센터,인천광역시 서구 완정로 214,"영양관리, 대사증후군관리, 비만, 금연관리, 임산부관리, 구강건강, 건강강좌",032-560-5080,37.60359356,126.6529551
서울특별시,강동구,정신보건,강동구정신건강복지센터,서울특별시 강동구 성내로 45,"중증사례관리사업, 아동청소년사업, 우울자살예방사업, 지역환경조성사업",02-471-3223,37.52954199,127.125597
충청남도,서산시,건강증진,서산시보건소 건강증진센터,충청남도 서산시 호수공원 6로 6,"기초튼튼운동, 요통예방운동, 대사증후군개선운동, 비만관리, 영양관리, 건강상담",041-661-8106,36.77457668,126.4445156
부산광역시,사상구,건강증진,사상구건강증진센터,부산광역시 사상구 가야대로196번길 51,"체성분 측정 및 운동 처방, 혈압혈당측정 및 상담, 금연클리닉 등",051-310-3393,35.14744572,128.9948744
강원도,춘천시,건강증진,춘천시민건강증진센터,강원도 춘천시 중앙로 131,"체성분측정, 체력측정, 운동상담, 영양상담, 비만클리닉, 건강증진 프로그램 운영",033-250-4693,37.875777,127.720819
부산광역시,부산진구,건강증진,부산진구 건강증진센터,부산광역시 부산진구 시민공원로 30,"건강증진사업, 정신건강복지센터, 영양상담실, 금연클리닉, 만성질환관리실, 체력측정실",051-605-5941,35.16282985,129.0531867
부산,중구,건강증진,건강생활지원센터,부산 중구 흑교로48,"건강측정, 상담 및 프로그램 운영",051-600-4721,35.103775,129.025356
세종특별자치시,조치원읍,정신보건,세종시정신건강복지센터,세종특별자치시 조치원읍 대첩로 32,정신건강증진 및 자살예방사업,044-865-5255,36.596515,127.292804
서울특별시,관악구,정신보건,관악구정신건강복지센터,서울특별시 관악구 관악로 145,"중증정신질환관리, 아동청소년정신건강관리, 정신건강증진, 자살예방사업",02-879-4911,37.47820977,126.9515032
부산광역시,동구,정신보건,부산동구정신건강복지센터,부산광역시 동구 구청로 1,"자살예방 및 정신건강증진, 중증정신질환자관리, 재난정신건강지원 등",051-911-4600,35.1292975675,129.0452982033
경상북도,구미시,정신보건,구미시정신건강복지센터,경상북도 구미시 선산대로 111,"중증정신질환자 관리, 자살예방, 아동정신건강관리",054-444-0199,36.13993105,128.3459831
경상북도,구미시,정신보건,구미중독관리통합지원센터,경상북도 구미시 검성로 115,"알코올, 마약, 게임 중독관리",054-474-9791,36.11857165,128.4314026
강원도,철원군,건강증진,건강증진센터,강원도 철원군 갈말읍 군탄로 16,"건강증진상담 및 교육, 운동프로그램운영",033-450-5123,38.1481382,127.3025602
강원도,고성군,정신보건,고성군정신건강복지센터,강원도 고성군 간성읍 수성로 30,자살예방 및 정신건강증진,033-680-4001,38.37761662,128.472194
경상남도,창원시,정신보건,마산정신건강복지센터,경상남도 창원시 마산합포구 월영동북로 15,"중증정신질환자 관리, 자살예방 및 정신건강증진, 아동청소년정신건강증진",055-225-6032,35.182399,128.562899
경상남도,창원시,건강증진,진해구건강증진센터,경상남도 창원시 진해구 진해대로 1101,"개인맞춤형 운동처방실, 건강증진프로그램 운영",055-225-6187,35.131433,128.71016
경상남도,창원시,정신보건,창원정신건강복지센터,경상남도 창원시 성산구 중앙대로162번길 9,정신건강증사업 및 자살예방사업,055-287-1223,35.227852,128.685536
경상남도,창원시,정신보건,진해정신건강복지센터,경상남도 창원시 진해구 중원동로 62,"중증정신질환관리, 자살예방 및 정신건강증진, 아동청소년정신건강증진",055-225-6691,35.149898,128.661939
전라남도,고흥군,정신보건,고흥군 보건소 건강증진센터,전라남도 고흥군 고흥읍 등암3길 5,"기초체력 및 체성분 측정 건강 및 영양, 신체활동 상담 지도 등",061-830-6635,34.5919855,127.2692469
전라남도,목포시,건강증진,목포시 보건소 건강증진센터,전라남도 목포시 원산로 45번길 5,운동상담_영양상담_금연상담,061-270-4000,34.80442532,126.3737232
전라북도,진주시,정신보건,전라북도정신건강복지센터,"전라북도 진주시 덕진구 정여립로 1115, 4층","정신건강증진사업, 정신사회재활사업,자살예방사업, 응급개입팀 운영",063-251-0650,35.848855,127.084693
인천광역시,동구,건강증진,동구보건소 건강증진센터,인천광역시 동구 석수로 90,"금연,절주 홍보 및 예방교육,공중이용시설점검,금연클리닉 운영,담배소매점의 청소년 담배판매 모니터링 ,비만관리,노인체조교실 ,주민걷기프로그램 ,비만스크리닝 및 영양상담 식사일지 작성,분석상담비만관리에 따른 영양상담비만관리",032-770-5736,37.48304084,126.6259351
경상북도,영천시,정신보건,영천시정신건강복지센터,경상북도 영천시 조양공원길 21,정신건강관리,054-331-6770,35.966608,128.9322974
전라남도,완도군,정신보건,완도군정신건강복지센터,전라남도 완도군 완도읍 농공단지길34,"정신건강복지사업, 자살예방사업",061-550-6745,34.33582329,126.731327
경상북도,봉화군,건강증진,건강증진실,경상북도 봉화군 봉화읍 봉화로 1203,건강증진,054-679-6736,36.89071878,128.7418543
경상북도,봉화군,정신보건,정신건강복지센터,경상북도 봉화군 봉화읍 거촌로 12-3,정신건강증진사업,054-674-1126,36.8909246197,128.7421580051
광주광역시,남구,정신보건,남구정신건강증진센터,광주광역시 남구 봉선로1,정신건강증진사업,062-676-8236,35.13290539,126.902408
충청남도,청양군,정신보건,청양군정신건강증진센터,충청남도 청양군 청양읍 칠갑산로 7길 54,자살예방 및 정신건강증진,041-940-4533,36.45501978,126.8049308
전라북도,군산시,정신보건,군산시정신건강복지센터,전라북도 군산시 공단대로 482(나운동),"중증정신질환자 관리사업, 정신건강증진사업, 자살예방사업, 아동청소년정신보건사업",063-451-0363,35.9646059,126.6897785
전라북도,군산시,정신보건,군산시중독관리통합지원센터,전라북도 군산시 공단대로 482(나운동),"중독상담, 중독자관리등",063-464-0061,35.9646059,126.6897785
전라북도,전주시,건강증진,전주시보건소건강증진센터,전라북도 전주시 완산구 전라감영로 33(전주시보건소 3층),"영양, 비만, 운동, 절주 등 개인 및 소규모집단에 대한 교육, 상담분야별 지속 프로그램 운영",063-281-6335,35.81584604,127.1433514
경상남도,양산시,정신보건,정신건강복지센터,경상남도 양산시 중앙로 7-32,"정신건강증진사업, 자살예방사업",055-367-2255,35.33215753,129.0379934
강원도,동해시,건강증진,북삼건강생활지원센터,강원도 동해시 청운로 96,"대사증후군관리사업, 금연지원사업",033-530-2423,37.48852873,129.1026735
강원도,동해시,건강증진,묵호건강증진센터,강원도 동해시 발한로 227 (발한동),"심뇌혈관질환예방관리사업, 동해시치매안심센터",033-530-2426,37.5495162,129.1081409
경기도,광주시,건강증진,건강증진센터,경기도 광주시 중앙로197,"금연업무, 건강생활실천업무, 대사증후군관리, 영양관리, 절주및비만관리 업무, 노인건강증진업무",031-760-2549,37.4168267,127.2564965
서울특별시,동작구,정신보건,동작구정신건강복지센터,서울특별시 동작구 사당로 253-3,정신질환자 조기발견 및 관리,02-820-4072,37.48367377,126.9758719
경기도,김포시,건강증진,김포시보건소 건강증진센터,경기도 김포시 사우중로 108(김포시보건소),"기초체력검사/ 체성분 검사 및 운동처방 상담, 지도/ 대사증후군 상담",031-980-5023,37.62373439,126.7229474
강원도,평창군,건강증진,평창군건강생활지원센터,강원도 평창군 진부면 석두산2길 13,"만성질환예방관리, 운동영양관리",033-336-6128,37.637146,128.553517
서울특별시,용산구,건강증진,용산구 시민건강관리센터,서울특별시 용산구 녹사평대로150,"대사증후군관리, 금연상담",02-2199-8158,37.53245265,126.9904783
서울특별시,용산구,정신보건,용산구 정신건강복지센터,서울특별시 용산구 녹사평대로150,"중증정신질환자 사례관리,정신건강상담 등",02-2199-8340,37.53245265,126.9904783
울산광역시,동구,건강증진,울산광역시 동구보건소 건강증진센터,울산광역시 동구 봉수로 155,장애인 전용 건강증진 프로그램 운영,052-209-4058,35.5050697141,129.4164300357
울산광역시,동구,정신보건,울산광역시동구정신건강증진센터,울산광역시 동구 봉수로 155,"만성정신질환자관리, 지역주민 정신건강증진, 아동청소년정신보건, 자살예방사업",052-209-1040,35.5050697141,129.4164300357
울산광역시,남구,건강증진,무거건강생활지원센터,울산광역시 남구 대학로 147번길 41-26,건강생활습관 형성지원 및 만성질환 예방관리,052-226-2345,35.55124599,129.2596398
울산광역시,북구,건강증진,울산광역시 북구보건소 건강증진센터,"울산광역시 북구 산업로 1018, 2층건강관리센터",만성질환 예방 및 관리,052-241-8168,35.5835548619,129.3607258
부산광역시,사하구,건강증진,통합건강증진센터,"부산광역시 사하구 하신중앙로185(신평동, 사하구제2청사)","대사증후군 클리닉, 영양, 금연클리닉, 모바일헬스케어",051-220-5781,35.09496298,128.9615461
부산광역시,사하구,정신보건,사하구정신건강복지센터,"부산광역시 사하구 장림번영로 41, 한국메디칼빌딩 5층(장림동)","정신건강증진사업, 중증정신질환자관리사업, 아동청소년정신건강증진사업, 자살예방사업",051-263-8891,35.08083406,128.9699332
전라남도,함평군,건강증진,함평군통합건강관리센터,전라남도 함평군 함평읍 중앙길 54-8,"신체활동, 영양, 비만 등 건강상담",061-320-2451,35.06189599,126.5242477
충청남도,당진시,건강증진,당진시보건소 건강증진센터,충청남도 당진시 서부로 56,"건강상담, 금연상담, 운동체험, 건강체험",041-360-6004,36.88735969,126.6304725
경기도,여주시,정신보건,여주시정신건강복지센터,경기도 여주시 여흥로160번길 14(상동),정신건강증진 및 자살예방사업,031-886-3435,37.29461028,127.640392
경기도,안산시,건강증진,안산시 고혈압당뇨병 등록교육센터,경기도 안산시 상록구 차돌배기로1길 5(3층일부),"고혈압 당뇨병환자 등록 관리, 기본검사 및 상담 교육(기본,심화,체험,운동), 리콜리마인드서비스, 건강행태개선 인센티브 지원, 치료비 및 등록비 지원 등",031-416-9088,37.300265,126.84504
경기도,화성시,건강증진,웰빙건강클리닉센터(서신),경기도 화성시 서신면 궁평항로 1702,생애주기별_신체활동프로그램_제공,031-5189-6482,37.1665869768,126.7087356267
경기도,화성시,건강증진,웰빙건강클리닉센터(서신),경기도 화성시 서신면 궁평항로 1702,생애주기별_신체활동프로그램_제공,031-5189-6482,37.1665869768,126.7087356267
경기도,안산시,정신보건,안산시자살예방센터,경기도 안산시 상록구 차돌배기로1길 5,자살예방업무,031-418-0123,37.300265,126.84504
경기도,안산시,정신보건,정신건강복지센터,"경기도 안산시 단원구 화랑로 387, 구 단원보건소 1층",정신질환자 등록관리 및 정신건강증진 사업,031-411-7573,37.3225569017,126.8327135158
경기도,안산시,정신보건,중독관리통합지원센터,"경기도 안산시 단원구 화랑로 387, 구 단원보건소 2층",중독자 등록관리 및 중독예방사업,031-411-8445,37.3225569017,126.8327135158
서울특별시,금천구,정신보건,금천구정신건강복지센터,서울특별시 금천구 시흥대로 123길 11,"중증정신질환자관리,아동청소년정신건강사업,알코올중독관리사업,자살위기대응사업",02-3281-9314,37.47021905,126.897019
부산광역시,서구,정신보건,부산서구정신건강복지센터,부산광역시 서구 부용로30,"중증정신질환자관리사업, 정신건강증진사업, 아동청소년정신보건사업, 자살예방사업",051-246-1981,35.10743623,129.018061
제주특별자치도,제주시,정신보건,제주시정신건강복지센터,제주특별자치도 제주시 연삼로 264,고위험군 등록 및 사례관리. 재활프로그램 운영. 자살유가족 서비스. 상담 및 교육 홍보 등,064-728-4074,33.49159994,126.520276
제주특별자치도,제주시,정신보건,제주중독관리통합지원센터,제주특별자치도 제주시 서사로 184,중독조기발견 및 개입서비스. 중독질환 관리.  중독폐혜 예방교육 및 홍보 등,064-759-0911,33.49593437,126.5194874
전라남도,무안군,건강증진,남악 건강생활지원센터,전라남도 무안군 삼향읍 남악3로 40(2층),"건강생활실천, 만성질환관리, 여성과 어린이건강관리, 지역거버넌스 구축",061-450-5001,34.80941832,126.4610002263
전라남도,해남군,건강증진,해남건강누리센터,전라남도 해남군 해남읍 해남로 46,"운동·영양상담, 금연상담, 체력단련",061-531-3786,34.57046123,126.6120439
서울특별시,은평구,정신보건,은평구정신건강복지센터,서울특별시 은평구 연서로 34길 11,"정신건강 교육 및 홍보, 고위험군 발견 및 연계, 전문 상담 및 관리",02-351-8680,37.62156914,126.9276195
강원도,횡성군,정신보건,횡성군정신건강복지센터,강원도 횡성군 횡성읍 횡성로 379,"중증정신질환자관리 및 자살예방사업, 신규정신질환자 발굴 및 프로그램 운영",033-345-9901,37.4871296,127.9844504
강원도,원주시,정신보건,원주시정신건강복지센터,강원도 원주시 원일로 139,"정신질환관리, 지역주민 정신건강증진, 아동청소년 정신건강증진, 자살예방사업 등",033-746-0199,37.3515821,127.9467619
경기도,동두천시,정신보건,동두천시정신건강복지센터,경기도 동두천시 중앙로 167,"중증전신질환관리,자사예방,정신건강증진,환경조성및인식개선 업무",031-863-3632,37.89661147,127.051717
경기도,동두천시,정신보건,동두천요양원(정신요양시설),경기도 동두천시 평화로3208번길 43-15,"생활,심리,사회,교육,직업재활 업무",031-867-9820,37.97388525,127.0688704
서울특별시,성북구,정신보건,성북구정신건강복지센터,"서울특별시 성북구 화랑로 63, 6층","초발,중증정신질환자관리, 아동청소년정신건강관리,우울자살예방, 알코올중독관리 및 예방, 정신건강증진환경 조성, 코로나 관련 자가격리자 상담",02-2241-6313,37.60270967,127.0395315
서울특별시,서대문구,건강증진,건강관리센터,서울특별시 서대문구 연희로242,대사증후군관리,02-330-8727,37.5786098,126.9362749
강원도,양양군,정신보건,양양군정신건강복지센터,강원도 양양군 양양읍 양양로 9-5,"만성정신질환자관리, 정신건강증진사업, 생명존중사업",033-670-1730,38.07784528,128.6274871
인천광역시,강화군,건강증진,건강증진센터,인천광역시 강화군 강화읍 충렬사로 26-1,"체력측정실, 비만영양클리닉, 금연클리닉, 운동체험실운영",032-930-4075,37.73723039,126.4847095
제주특별자치도,서귀포시,건강증진,시민건강증진센터,제주특별자치도 서귀포시 남원읍 태위로 527,장비이용 체력단련. 체성분 측정. 건강영양상담.,064-760-6121,33.27562882,126.7034172
제주특별자치도,서귀포시,건강증진,건강증진센터,제주특별자치도 서귀포시 대정읍 최남단해안로15번길 12,장비이용 체력단련. 체성분 측정. 건강상담,064-760-6226,33.21867302,126.2532449
제주특별자치도,서귀포시,건강증진,주민건강증진센터,제주특별자치도 서귀포시 중앙로101번길 52(서홍동),장비이용 체력단련. 체성분 측정. 건강영양상담.,064-760-6094,33.2534258,126.5553625
제주특별자치도,서귀포시,정신보건,정신건강복지센터,제주특별자치도 서귀포시 중앙로101번길 52(서홍동),재활프로그램 운영 및 정신건강상담. 정신질환자 사례관리,064-760-6553,33.2534258,126.5553625
제주특별자치도,서귀포시,정신보건,중독관리통합지원센터,제주특별자치도 서귀포시 중앙로101번길 52(서홍동),중독관련 상담. 사례관리. 재활프로그램 운영,064-760-6552,33.2534258,126.5553625
경기도,안성시,건강증진,안성시보건소 건강증진센터,경기도 안성시 강변로74번길 18,"체성분측정, 혈압, 혈당, 콜레스테롤 측정, 만성질환교육, 영양교육, 비만교육, 신체활동 교육",031-678-5756,37.0001476,127.2698156
서울특별시,송파구,건강증진,송파건강증진센터,서울특별시 송파구 올림픽로 326,일반종합검진,02-2147-3539,37.514469,127.1058587
서울특별시,송파구,건강증진,송파건강관리센터,서울특별시 송파구 올림픽로 326,"1차 진료, 운동, 영양, 금연, 치매,대사증후군 관리서비스 제공",02-2147-3456,37.51447565,127.1058587
경기도,연천군,건강증진,연천군건강증진센터,경기도 연천군 전곡읍 은대성로 95,"영양상담, 운동처방",031-839-4178,38.02353445,127.0609628
경상북도,울릉군,건강증진,울릉군 통합건강증진실,경상북도 울릉군 울릉읍 울릉순환로 396-18,"통합건강증진사업(금연, 절주, 신체활동, 영양구강, 심뇌혈관질환예방관리, 아토피천식, 여성어린이특화, 재활, 방문건강관리 등), 기초건강측정(혈압, 혈당, 염도, CO)",054-790-6826,37.48590672,130.8994626
전라북도,고창군,정신보건,고창군정신건강복지센터,전라북도 고창군 고창읍 전봉준로 90,"중증정신질환자관리사업, 정신건강증진사업, 아동청소년 정신건강증진사업, 자살예방 심리치유지원사업",063-563-8751,35.4437625509,126.6832504419
대전광역시,유성구,건강증진,유성구 보건소 건강증진센터,대전광역시 유성구 유성대로 730번길 51,"개인별 맞춤형 운동처방, 대사증후군관리,비만,영양관리, 신체활동 교육, 체성분검사, 운동상담 등",042-611-5096,36.3581253,127.3354682
대전광역시,서구,건강증진,서구보건소 건강증진센터,대전광역시 서구 만년로 74,"개인별 맞춤형 운동처방, 대사증후군관리,비만,영양관리, 신체활동 교육, 체성분검사, 운동상담 등",042-288-4673,36.3670619,127.3810998
대전광역시,서구,건강증진,관저보건지소 건강증진센터,대전광역시 서구 구봉산북로 300,"개인별 맞춤형 운동처방, 대사증후군관리,비만,영양관리, 신체활동 교육, 체성분검사, 운동상담 등",042-288-4634,36.3010372,127.3450071
대전광역시,동구,건강증진,동구보건지소 건강증진지원센터,대전광역시 동구 현암로 22(삼성동),"개인별 맞춤형 운동처방, 비만, 신체활동 교육, 체성분검사, 운동상담 등",042-636-7629,36.3429869594,127.4204616889
대전광역시,대덕구,건강증진,대덕구 보건소 건강생활지원센터,대전광역시 대덕구 동춘당로 187,"개인별 맞춤형 운동처방, 대사증후군관리,비만,영양관리, 신체활동 교육, 체성분검사, 운동상담 등",042-608-4474,36.3672076725,127.4308386054
전라남도,장성군,건강증진,장성군정신건강복지센터,전라남도 장성군 장성읍 청운11길 13,"정신질환자 등록관리,자살예방사업, 아동청소년 정신보건사업",061-395-0199,35.30454285,126.7824532
전라남도,장성군,정신보건,장성군치매안심센터,전라남도 장성군 장성읍 성산5길17,"치매환자 등록 및 관리사업, 조호물품 지원, 인지재활프로그램 운영, 치매환자 가족 지원사업, 치매안심마을 운영, 치매조기검진사업, 치매치료관리비 지원, 실종예방 인식표 발급등",061-390-7160,35.3233002988,126.8083670054
경상북도,포항시,건강증진,통합건강증진센터,경상북도 포항시 북구 삼흥로 98,"대사증후군 관리 원스톱 운영, 생애주기별, 생활터별 건강증진 프로그램 운영, 모바일헬스케어 운영",054-270-4105,36.07066182,129.3804374
경상북도,포항시,건강증진,통합건강증진센터,경상북도 포항시 남구 동해안로 6119,"대사증후군 관리 원스톱 운영, 생애주기별, 생활터별 건강증진 프로그램 운영, 모바일헬스케어 운영",054-270-4081,35.99244128,129.396245
경상북도,성주군,건강증진,건강증진센터,경상북도 성주군 성밖숲길 12,건강증진상담및교육,054-930-8193,35.91741735,128.2785293
강원도,양구군,정신보건,양구군정신건강증진센터,강원도 양구군 양구읍 관공서로 42,"정신장애인 재활프로그램 운영, 자살예방",033-480-2789,38.10994446,127.9892036
전라남도,나주시,건강증진,빛가람건강생활지원센터,전라남도 나주시 빛가람로 721,건강증진,061-339-4751,35.0222053958,126.790659
전라남도,나주시,정신보건,나주시정신건강증진센터,전라남도 나주시 건재로 211,정신보건,061-330-4114,35.051091,126.7237199
경기도,용인시,건강증진,수지구보건소 건강증진센터,경기도 용인시 수지구 포은대로 435,"모바일헬스케어, 운동관리, 영양관리, 건강관리, 영양플러스사업",031-324-8838,37.3222219027,127.0974474224
경기도,용인시,정신보건,용인시정신건강복지센터,경기도 용인시 기흥구 신갈로58번길 11,"정신질환자 관리 및 정신건강증진사업,자살예방사업",031-286-0949,37.272634,127.106729
경기도,용인시,정신보건,용인시정신건강복지센터 부설자살예방센터,경기도 용인시 기흥구 신갈로58번길 11,자살예방 및 생명존중사업,031-286-0949,37.272634,127.106729
충청남도,계룡시,건강증진,통합건강증진센터,충청남도 계룡시 장안로 54,"신체활동, 영양, 비만, 만성질환 검사 및 상담",042-840-3531,36.2730058,127.250047
경기도,화성시,건강증진,웰빙건강클리닉센터(우정),경기도 화성시 우정읍 쌍봉로 109-14,생애주기별_신체활동프로그램_제공,031-369-6413,37.0898259089,126.8153597
경기도,화성시,건강증진,웰빙건강클리닉센터(우정),경기도 화성시 우정읍 쌍봉로 109-14,생애주기별_신체활동프로그램_제공,031-369-6413,37.0898259089,126.8153597
경기도,화성시,건강증진,웰빙건강클리닉센터(서신),경기도 화성시 서신면 궁평항로 1702,생애주기별_신체활동프로그램_제공,031-369-6482,37.1665869768,126.7087356267
경기도,화성시,건강증진,웰빙건강클리닉센터(서신),경기도 화성시 서신면 궁평항로 1702,생애주기별_신체활동프로그램_제공,031-369-6482,37.1665869768,126.7087356267
경기도,화성시,건강증진,U_만성질환관리센터(보건소),경기도 화성시 향남읍 3.1만세로 1055,고혈압_당뇨병_이상지질혈증_비만_비약물관리,031-369-6371,37.1292815681,126.9045557299
경기도,화성시,건강증진,U_만성질환관리센터(동탄),경기도 화성시 노작로 226-9,고혈압_당뇨병_이상지질혈증_비만_비약물관리,031-369-4374,37.2070698,127.0786006746
경기도,화성시,건강증진,U_만성질환관리센터(기배),경기도 화성시 기안남로 62,고혈압_당뇨병_이상지질혈증_비만_비약물관리,031-369-4491,37.2243352918,126.9846364182
경기도,화성시,건강증진,U_만성질환관리센터(봉담),경기도 화성시 봉담읍 동화새터길 109,고혈압_당뇨병_이상지질혈증_비만_비약물관리,031-369-6253,37.2170543838,126.9611048104
경기도,화성시,건강증진,U_만성질환관리센터(정남),경기도 화성시 정남면 서봉로 998,고혈압_당뇨병_이상지질혈증_비만_비약물관리,031-369-4481,37.160272937,126.9711096594
경기도,화성시,건강증진,U_만성질환관리센터(정남),경기도 화성시 정남면 서봉로 998,고혈압_당뇨병_이상지질혈증_비만_비약물관리,031-3699-4481,37.160272937,126.9711096594
경기도,화성시,건강증진,웰빙건강클리닉센터(우정),경기도 화성시 우정읍 쌍봉로 109-14,생애주기별_신체활동프로그램_제공,031-5189-6413,37.0898259089,126.8153597
경기도,화성시,건강증진,웰빙건강클리닉센터(우정),경기도 화성시 우정읍 쌍봉로 109-14,생애주기별_신체활동프로그램_제공,031-5189-6413,37.0898259089,126.8153597
경기도,화성시,건강증진,U_만성질환관리센터(보건소),경기도 화성시 향남읍 3.1만세로 1055,고혈압_당뇨병_이상지질혈증_비만_비약물관리,031-5189-6371,37.1292815681,126.9045557299
경기도,화성시,건강증진,U_만성질환관리센터(동탄),경기도 화성시 노작로 226-9,고혈압_당뇨병_이상지질혈증_비만_비약물관리,031-5189-4374,37.2070698,127.0786006746
경기도,화성시,건강증진,U_만성질환관리센터(기배),경기도 화성시 기안남로 62,고혈압_당뇨병_이상지질혈증_비만_비약물관리,031-5189-4491,37.2243352918,126.9846364182
경기도,화성시,건강증진,U_만성질환관리센터(봉담),경기도 화성시 봉담읍 동화새터길 109,고혈압_당뇨병_이상지질혈증_비만_비약물관리,031-5189-6253,37.2170543838,126.9611048104
경기도,화성시,건강증진,U_만성질환관리센터(정남),경기도 화성시 정남면 서봉로 998,고혈압_당뇨병_이상지질혈증_비만_비약물관리,031-5189-4481,37.160272937,126.9711096594
부산광역시,금정구,건강생활지원,장전2동건강생활지원센터,"부산광역시 금정구 금정로 29-6, 5층","금연, 절주, 신체활동, 영양, 만성질환예방 및 관리사업, 비만",051-519-5801,35.22747442,129.0855113
부산광역시,남구,건강생활지원,문현2동건강생활지원센터,부산광역시 남구 전포대로92번길 31-7,"심뇌혈관질환예방관리, 신체활동, 치매",051-607-6931,35.14527179,129.0686869
부산광역시,금정구,건강생활지원,금정구건강생활지원센터,부산광역시 금정구 서동로 175번길 41-5,"금연, 절주, 신체활동, 영양, 만성질환예방 및 관리사업, 재활",051-519-5481,35.21544759,129.1074472
부산광역시,동구,건강생활지원,행복동구건강생활지원센터,부산광역시 동구 안창로 90,"재활, 한의약건강증진, 아토피 천식 예방관리, 만성질환 예방 및 관리, 금연, 절주, 신체활동, 영양",051-440-6391,35.14449013,129.0396681
부산광역시,동래구,건강생활지원,동래구건강생활지원센터,부산광역시 동래구 명장로32,"영양, 신체활동, 심뇌혈관질환예방관리, 금연, 절주, 비만, 치매",051-550-1992,35.20469662,129.1042478
부산광역시,부산진구,건강생활지원,당감건강생활지원센터,"부산광역시 부산진구 백양순환로 40, 당감4동주민센터 4층~5층","심뇌혈관, 신체활동, 비만, 영양, 구강, 금연, 절주, 치매",051-605-6113,35.16822222,129.0334223
부산광역시,부산진구,건강생활지원,개금2동건강생활지원센터,"부산광역시 부산진구 복지로 93, 개금2동주민센터 2층","심뇌혈관, 신체활동, 비만, 치매",051-605-6693,35.14490697,129.0195347
부산광역시,사하구,건강생활지원,다대건강생활지원센터,부산광역시 사하구 다대로 530번길 7,"만성질환 예방 및 관리사업, 신체활동, 영양, 금연절주, 정신건강관리",051-220-5727,35.05916984,128.9713294
부산광역시,중구,건강생활지원,중구건강생활지원센터,부산광역시 중구 흑교로 48(보수동1가),"영양, 금연, 절주, 심뇌혈관질환예방관리, 운동, 재활",051-600-4726,35.10377395,129.0253563
부산광역시,남구,건강생활지원,문현1동건강생활지원센터,부산광역시 남구 고동골로60번길 1,"심뇌혈관질환예방관리, 신체활동, 치매",051-607-6912,35.14253417,129.0713224
경기도,남양주시,건강생활지원,화도건강생활지원센터,경기도 남양주시 화도읍 비룡로 59,"신체활동, 비만, 영양, 만성질환예방관리",031-590-8433,37.65784853,127.3007112
부산광역시,남구,건강생활지원,용호3동건강생활지원센터,부산광역시 남구 동명로164번길 40,"심뇌혈관질환예방관리, 신체활동, 치매",051-607-6771,35.11733521,129.1141211
부산광역시,사하구,건강생활지원,장림1동건강생활지원센터,부산광역시 사하구 장림로161번길2 보림행복센터,"금연, 치매, 신체활동, 심뇌혈관질환예방관리",051-262-9485,35.08305432,128.9668712
부산광역시,부산진구,건강생활지원,개금3동건강생활지원센터,부산광역시 부산진구 개금본동로 88,"심뇌혈관, 신체활동, 비만, 치매",051-605-6548,35.15576358,129.0219366
대구광역시,북구,건강생활지원,구암건강생활지원센터,대구광역시 북구 구암서로 30,"건강동아리, 신체활동, 금연, 치매, 방문건강관리",053-665-4281,35.9386464,128.5660100361
대구광역시,서구,건강생활지원,서구건강생활지원센터(대구광역시),대구광역시 서구 서대구로7길 46,"신체활동, 심뇌혈관질환예방관리",053-663-3231,35.86074781,128.551416
대구광역시,수성구,건강생활지원,고산건강생활지원센터,대구광역시 수성구 욱수천로 99,"모바일헬스케어, 심뇌혈관질환예방관리, 신체활동, 구강, 금연, 방문, 모자보건, 치매",053-666-3160,35.8369885,128.7128212
인천광역시,계양구,건강생활지원,효성건강생활지원센터,"인천광역시 계양구 봉오대로 543번길 21, 효성평생건강센터 3층","금연, 신체활동, 심뇌혈관질환예방관리",032-430-7793,37.53252721,126.7086103
인천광역시,남동구,건강생활지원,간석건강생활지원센터,인천광역시 남동구 간석로 41번길 18,"만성질환예방관리, 장애인재활사업, 치매주간보호센터사업, 이동건강관리사업, 건강생활실천사업",032-453-5960,37.46745879,126.7130108
인천광역시,부평구,건강생활지원,열우물건강생활지원센터,인천광역시 부평구 열우물로 103,"금연, 신체활동, 심뇌혈관질환예방관리",032-459-3164,37.47580459,126.6961223
인천광역시,서구,건강생활지원,가좌건강생활지원센터,인천광역시 서구 건지로 284번길 60,"건강원스톱사업, 심뇌혈관예방사업, 건강증진프로그램, 금연 및 흡연예방, 임산부등록 및 관리, 구강, 혈관노화도, 혈압ㆍ혈당ㆍ재활기구 대여사업",032-718-0570,37.49392982,126.6730351
인천광역시,서구,건강생활지원,검단건강생활지원센터,인천광역시 서구 완정로 214,"금연, 임산부, 신체활동, 심뇌혈관질환예방관리",032-718-0580,37.60359312,126.6529572
인천광역시,서구,건강생활지원,석남건강생활지원센터,"인천광역시 서구 길주로 79, 6층","건강생활실천사업, 심뇌혈관질환예방관리, 금연, 임산부등록, 재활기구대여, 불소양치용액배부 및 틀니세척",032-718-0550,37.50676483,126.670879
인천광역시,서구,건강생활지원,완정건강생활지원센터,"인천광역시 서구 청마로 167번길 19, 2층","건강생활실천, 심뇌혈관질환예방, 신체활동, 금연, 구강, 모자, 재활",032-718-0530,37.59210015,126.6746299
인천광역시,연수구,건강생활지원,송도건강생활지원센터,인천광역시 연수구 인천타워대로54번길 19,"만성질환관리, 건강생활실천관리, 장애인재활관리, 모자보건관리",032-749-6915,37.37978091,126.6465727
광주광역시,광산구,건강생활지원,수완건강생활지원센터,광주광역시 광산구 장덕로 158,"건강생활실천사업, 신체활동, 아토피, 심뇌혈관질환예방관리, 모자보건사업, 재활사업 등",062-960-8822,35.19707398,126.8257309
광주광역시,광산구,건강생활지원,우산건강생활지원센터,광주광역시 광산구 사암로 167,"구강, 건강생활실천, 모바일 헬스케어, 대사증후군, 재활",062-960-3801,35.15931267,126.8075588
경기도,남양주시,건강생활지원,호평건강생활지원센터,경기도 남양주시 호평로68번길 21,"신체활동, 비만, 만성질환예방관리, 스트레스관리",031-590-8088,37.65456793,127.2489488
광주광역시,남구,건강생활지원,월산건강생활지원센터,광주광역시 남구 중앙로 12,"만성질환예방관리, 건강생활실천, 치매예방관리, 영양교육, 운동처방실, 건강동아리활동지원지역사회 연계협력",062-607-6151,35.14458489,126.8999216
광주광역시,남구,건강생활지원,주월건강생활지원센터,광주광역시 남구 군분로 13번길 10,"신체활동, 영양교육, 건강의날, 운동처방실, 건강동아리활동지원, 만성질환예방관리, 지역사회 연계협력, 심뇌혈관질환 예방관리",062-607-3133,35.13480924,126.8944811
광주광역시,동구,건강생활지원,지원건강생활지원센터,"광주광역시 동구 지원로 31-9, 2층(소태동)","만성질환예방 및 관리사업, 신체활동, 영양, 비만, 재활",062-608-3950,35.1253006,126.9351767
광주광역시,북구,건강생활지원,두암건강생활지원센터,광주광역시 북구 군왕로 141번길 6,"방문건강관리, 재활보건",062-410-8984,35.17431405,126.9324676
광주광역시,북구,건강생활지원,본촌건강생활지원센터,광주광역시 북구 양산택지로79번길 26,"만성질환예방관리, 신체활동, 방문, 어린이, 임산부",062-410-6226,35.2140802,126.879098
광주광역시,서구,건강생활지원,서구건강생활지원센터(광주광역시),광주광역시 서구 운천로 172번길 32,심뇌혈관질환예방관리,062-350-4173,35.14818147,126.8601043
광주광역시,서구,건강생활지원,쌍촌건강생활지원센터,"광주광역시 서구 쌍학로 47, 쌍촌종합사회복지관 2층","금연, 신체활동, 심뇌혈관질환예방관리",062-350-4741,35.14738171,126.8688313
대전광역시,대덕구,건강생활지원,남부건강생활지원센터(대전광역시),대전광역시 대덕구 동춘당로 187,"금연, 영양, 신체활동, 심뇌혈관질환예방관리",042-608-4472,36.36720767,127.4308386
울산광역시,남구,건강생활지원,무거건강생활지원센터,울산광역시 남구 대학로 147번길 41-26,"신체활동, 영양, 금연, 심뇌혈관질환예방관리, 재활, 방문",052-226-2340,35.55124507,129.2596407
세종특별자치시,마음로,건강생활지원,고운동건강생활지원센터,세종특별자치시 마음로 64,"심뇌혈질환관리사업, 신체활동, 영양 등",044-301-2900,36.50497406,127.2353641
경기도,고양시,건강생활지원,고양건강생활지원센터,"경기도 고양시 덕양구 혜음로 19-11, 고양동종합복지회관 3층","신체활동, 영양교육, 대사증후군예방관리",02-8075-9668~,37.70251731,126.9011967
경기도,광명시,건강생활지원,100세건강생활지원센터,경기도 광명시 오리로 1018,"심뇌혈관질환예방관리, 신체활동, 금연, 임산부, 아토피천식",02-2680-5173~,37.48091392,126.8504732
경기도,광주시,건강생활지원,오포건강생활지원센터,경기도 광주시 오포읍 오포로 884-1,"모바일헬스케어, 아토피천식 예방관리, 재활사업, 신체활동",031-760-2558,37.36912576,127.2322113
경기도,남양주시,건강생활지원,다산건강생활지원센터,"경기도 남양주시 다산중앙로 7, 다산행정복지센터 2층","신체활동, 비만, 영양, 만성질환예방관리",031-590-8583,37.61392759,127.1555489
경기도,남양주시,건강생활지원,별내건강생활지원센터,경기도 남양주시 별내3로 64-21,"신체활동, 비만, 심뇌혈관질환예방관리",031-590-8190,37.64616615,127.1218825
경기도,남양주시,건강생활지원,오남건강생활지원센터,"경기도 남양주시 오남읍 진건오남로 806-34, 오남읍사무소 2층","신체활동, 비만, 심뇌혈관질환예방관리",031-590-8501,37.69857479,127.2048424
경기도,남양주시,건강생활지원,와부건강생활지원센터,경기도 남양주시 와부읍 월문천로 35,"신체활동, 영양, 만성질환예방관리, 구강건강관리",031-590-2751,37.58551527,127.2163281
경기도,시흥시,건강생활지원,배곧건강생활지원센터,경기도 시흥시 배곧4로 94-41,"신체활동, 만성질환 예방 및 관리사업",031-428-0005~,37.37170542,126.735733
경기도,시흥시,건강생활지원,중부건강생활지원센터,경기도 시흥시 목감우회로 23,"재활보건사업, 영양, 심뇌혈관질환예방관리, 금연, 구강, 여성과 어린이 건강증진, 신체활동, 기타",031-310-0702,37.38165404,126.8587492
경기도,안산시,건강생활지원,서부건강생활지원센터(안산시),경기도 안산시 단원구 신길중앙로 15(신길동),"대사증후군 검진, 금연클리닉, 흡연예방교육, 비만ㆍ고지혈증 관리, 당뇨ㆍ고혈압 관리, 영양운동절주 통합상담, 나트륨줄이기 염도계 대여",031-481-6466,37.33799202,126.7621943
경기도,안산시,건강생활지원,반월건강생활지원센터,경기도 안산시 상록구 건건로 119-4,"금연, 신체활동, 심뇌혈관질환예방관리",031-481-3792,37.31219292,126.904515
경기도,안성시,건강생활지원,공도건강생활지원센터,경기도 안성시 공도읍 공도로 51-11,"신체활동, 만성질환예방관리",031-678-6801,36.99971892,127.1661071
경기도,양주시,건강생활지원,동부건강생활지원센터(양주시),경기도 양주시 화합로 1426번길 90,"금연, 신체활동, 심뇌혈관, 대사증후군, 모바일헬스케어, 영양플러스, 재활",031-8082-4365,37.83814181,127.068036
경기도,양주시,건강생활지원,서부건강생활지원센터(양주시),경기도 양주시 광적면 부흥로 618번길 303,"금연, 신체활동, 심뇌혈관, 대사증후군, 한의약, 영양사업",031-8082-4375,37.81249969,126.9723072
경기도,오산시,건강생활지원,오산시건강생활지원센터,"경기도 오산시 문헌공로 45, 1층","심뇌혈관질환예방관리, 한의약건강증진, 운동관리",031-8036-6580,37.17664285,127.0545674
경기도,이천시,건강생활지원,마장건강생활지원센터,경기도 이천시 마장면 중앙로 81,"금연, 신체활동, 심뇌혈관질환예방관리, 모자보건, 구강, 치매",031-644-7186~,37.24993986,127.3585048
경기도,평택시,건강생활지원,포승건강생활지원센터,경기도 평택시 포승읍 여술로 47,"금연, 신체활동, 심뇌혈관질환예방관리, 만성질환, 영양, 비만예방, 재활",031-8024-8626,36.98936154,126.847404
강원도,강릉시,건강생활지원,남부건강생활지원센터(강릉시),강원도 강릉시 강릉대로313번길 6,"재활사업, 만성질환예방및관리사업",033-660-2488,37.76499482,128.9019205
강원도,고성군,건강생활지원,고성군건강생활지원센터,강원도 고성군 거진읍 행랑골길 24-1,"구강보건, 방문건강관리, 치매관리, 심뇌혈관질환관리, 신체활동, 금연",033-680-4129/,38.44927612,128.4551781
강원도,동해시,건강생활지원,북삼건강생활지원센터,강원도 동해시 청운로 96,"대사증후군, 신체활동, 비만, 금연",033-530-2423,37.48852873,129.1026735
강원도,원주시,건강생활지원,남원주건강생활지원센터,강원도 원주시 단관공원길 86,"금연, 신체활동, 영양, 건강상담실",033-737-5205,37.31637775,127.9573873
강원도,원주시,건강생활지원,서원주건강생활지원센터,강원도 원주시 지정면 가곡로 75-2,"만성질환 관리, 금연, 영양, 운동",033-737-3723,37.37717937,127.8754203
강원도,철원군,건강생활지원,서면건강생활지원센터,강원도 철원군 서면 무금로48번길 15,"금연, 구강, 신체활동, 심뇌혈관질환예방관리",033-450-5654,38.24438377,127.4374319
강원도,춘천시,건강생활지원,춘천시건강생활지원센터,강원도 춘천시 우두하리길 21(우두동),"신체활동, 만성질환예방관리, 재활, 영양, 신체활동, 금연, 절주",033-250-4489~,37.90185741,127.741043
강원도,평창군,건강생활지원,평창군건강생활지원센터,강원도 평창군 진부면 석두산2길 13,"운동, 영양, 신체활동, 금연, 심뇌혈관질환예방관리",033-336-6128,37.63726765,128.553517
강원도,홍천군,건강생활지원,북방면건강생활지원센터,강원도 홍천군 북방면 상화계2길 17,북방면 건강증진프로그램 운영-만성질환관리사업-신체활동증진사업-영양사업-건강플러스마을사업등,033-430-4131~,37.70603412,127.854258
충청북도,음성군,건강생활지원,맹동건강생활지원센터,충청북도 음성군 맹동면 사예2길 35,"신체활동, 만성질환 예방 및 관리사업",043-871-2191,36.91364052,127.5449461
충청북도,제천시,건강생활지원,용두동건강생활지원센터,충청북도 제천시 용두대로17길 8,"신체활동, 만성, 영양, 구강",043-641-3282,37.14231622,128.200363
충청북도,진천군,건강생활지원,덕산건강생활지원센터,충청북도 진천군 덕산읍 연미로 31,"신체활동, 영양, 임산부어린이, 만성질환예방관리",043-539-7422,36.89973094,127.5282012
충청남도,금산군,건강생활지원,금산군건강생활지원센터,충청남도 금산군 금산읍 건삼전3길 14,"신체활동, 심뇌혈관질환예방관리, 금연, 절주, 구강",041-754-8334,36.10157802,127.491428
충청남도,논산시,건강생활지원,논산시건강생활지원센터,충청남도 논산시 해월로125번길 26,"신체활동, 영양, 구강보건, 대사증후군관리",041-746-8027,36.20478349,127.0822883
충청남도,당진시,건강생활지원,송악건강생활지원센터,충청남도 당진시 송악읍 신복운로 99,"신체활동, 심뇌혈관질환예방관리, 영양실습교육",041-360-6080,36.93870119,126.7786187
충청남도,아산시,건강생활지원,배방건강생활지원센터,충청남도 아산시 배방읍 용연동길 50,"금연, 신체활동, 심뇌혈관질환예방관리, 만선질환관리, 아토피천식사업, 건강프로그램",041-536-8722,36.79320709,127.0939081
충청남도,천안시,건강생활지원,청수건강생활지원센터,"충청남도 천안시 동남구 청수6로 106-3, 6층","금연, 한의약, 신체활동, 심뇌혈관질환예방관리, 치매, 영양, 비만, 방문건강관리",041-521-5897,36.78962635,127.1553044
충청남도,천안시,건강생활지원,성정건강생활지원센터,충청남도 천안시 서북구 서부8길 29,"금연, 신체활동, 심뇌혈관질환예방관리, 구강, 방문, 영양, 어린이",041-521-2584,36.8197755,127.1398835
충청남도,태안군,건강생활지원,안면읍건강생활지원센터,충청남도 태안군 안면읍 장터로 149,"신체활동, 치매, 금연, 심뇌혈관질환예방관리, 구강",041-671-5271,36.52067135,126.344492
전라북도,군산시,건강생활지원,서부건강생활지원센터(군산시),전라북도 군산시 설림5길 83,"신체활동, 영양, 비만, 치매, 방문",063-454-5172,35.97431549,126.6792743
전라북도,익산시,건강생활지원,동부건강생활지원센터(익산시),전라북도 익산시 금마면 고도길 26-6,"신체활동, 영양, 만성및심뇌혈관질환예방관리, 치매예방관리, 금연, 절주",063-859-7472,35.99379252,127.0501633
전라북도,익산시,건강생활지원,익산시건강생활지원센터,전라북도 익산시 목천로 326,"통합건강증진사업, 만성질환예방관리사업, 재활보건사업",063-859-4908,35.92690996,126.9566872
전라북도,장수군,건강생활지원,장계면건강생활지원센터,전라북도 장수군 장계면 한들로 124,"심뇌혈관질환 예방관리, 영양, 신체활동, 금연, 장계면 보건사업 등",063-352-8700,35.73112933,127.5856748
전라남도,광양시,건강생활지원,골약건강생활지원센터,전라남도 광양시 성황3길 19(성황동),"금연, 영양, 신체활동, 만성질환관리, 치매예방, 임산부및 어린이건강증진",061-797-4894,34.93757509,127.6777208
전라남도,광양시,건강생활지원,광영건강생활지원센터,전라남도 광양시 금영로 127,"금연, 영양, 신체활동, 심뇌혈관질환예방관리, 치매",061-797-4075,34.96197069,127.7194206
전라남도,나주시,건강생활지원,빛가람건강생활지원센터,전라남도 나주시 빛가람로 721,"신체활동, 심뇌혈관질환예방관리, 여성어린이특화, 금연, 방문건강관리",061-339-4751,35.0222063,126.7906417
전라남도,무안군,건강생활지원,남악건강생활지원센터,전라남도 무안군 삼향읍 남악3로 40,"신체활동, 금연, 치매, 모자보건, 만성질환예방관리",061-450-5004,34.80941904,126.4610002
전라남도,순천시,건강생활지원,신대건강생활지원센터,전라남도 순천시 해룡면 신대로 142,"금연, 신체활동, 건강검진, 영양사업",061-749-3640,34.93618947,127.5500873
전라남도,순천시,건강생활지원,연향건강생활지원센터,전라남도 순천시 팔마3길 14-7,"금연, 절주, 신체활동, 영양, 비만, 심뇌혈관",061-749-4260,34.93468249,127.516378
전라남도,완도군,건강생활지원,완도군건강생활지원센터,전라남도 완도군 완도읍 청해진동로70,"신체활동, 비만예방, 영양사업, 대사증후군발견사업",061-550-6714,34.31779883,126.7355876
경상북도,김천시,건강생활지원,봉산면건강생활지원센터,경상북도 김천시 봉산면 예지송정길 9,"심뇌혈관사업, 치매예방사업, 신체활동, 심폐소생술 체험관, 치매분소",054-421-2871,36.14144378,128.0598364
경상남도,김해시,건강생활지원,동부건강생활지원센터(김해시),경상남도 김해시 분성로727번길 8-35(지내동),"재활, 만성질환관리, 금연, 절주, 영양, 신체활동",055-320-5951,35.2300251,128.9224445
경상남도,김해시,건강생활지원,주촌건강생활지원센터,경상남도 김해시 주촌면 주선로 29-1,"금연, 신체활동, 영양, 심뇌혈관질환예방관리",055-330-2602,35.23477742,128.8457571
경상남도,사천시,건강생활지원,삼천포건강생활지원센터,"경상남도 사천시 동금로 33, 2층","신체활동, 만성질환예방관리",055-831-5461,34.93092199,128.0790908
경상남도,양산시,건강생활지원,동부건강생활지원센터(양산시),경상남도 양산시 덕계회야길 68(덕계동),"신체활동, 절주, 영양, 심뇌, 치매, 비만",055-392-6981,35.37512088,129.149228
경상남도,창원시,건강생활지원,동부건강생활지원센터(창원시),경상남도 창원시 진해구 용원로 41번길 8,"금연, 영양, 신체활동, 심뇌혈관질환예방관리",055-225-6221,35.10025913,128.8143601
경상남도,함안군,건강생활지원,함안군건강생활지원센터,경상남도 함안군 칠원읍 용산1길 54-5,"농부증재활, 신체활동, 심뇌혈관질환예방관리",055-580-3312,35.31011238,128.5167043
제주특별자치도,제주시,건강생활지원,노형건강생활지원센터,제주특별자치도 제주시 노형9길 9-4,"장애인 지역사회중심재활사업, 건강상담실 운영 등",064-728-8721,33.48288157,126.4769921
제주특별자치도,제주시,건강생활지원,화북건강생활지원센터,제주특별자치도 제주시 동화로1길 45-22,건강생활실천사업,064-728-8511,33.51836381,126.5783832
