시도,시군구,기업명,연락처,구인사항,접수마감일자
광주광역시,동구,6070다방,062-223-8811,"사회참여 기회를 제공하여 소득보충, 적극적 사회참여 및 건강증진 등으로 노인문제 예방 및 사회적 비용을 절감하고 노인인력 활용에대한 사회적 인식개선을 위한 2022년 노인일자리 및 사회활동 지원사업 참여 어르신을 모집합니다.1. 모집입원 : 5명2. 모집대상 : 만 60세 이상의 동구지역에 거주하시는 어르신3. 근무내용 : 커피 제조 및 판매, 손님응대4. 근무시간 : 주2~3일, 1일 5시간 활동※ 근무시간은 변동가능5. 근무장소 : 동구 학동·증심사입구역 커피숍 매장6. 월보수 : 350,000원(1개월 만근 시)7. 지참서류 : 주민등본1통,  통장사본(본인), 참여신청서(비치서류), 코로나백신접종확인서8. 모집장소 : 거주지 관할 주민자치센터(동사무소), 광주동구시니어클럽9. 지원제외대상",2022-12-31
광주광역시,동구,여로(산수점),062-223-8811,"사회참여 기회를 제공하여 소득보충, 적극적 사회참여 및 건강증진 등으로 노인문제 예방 및 사회적 비용을 절감하고노인인력 활용에 대한 사회적 인식개선을 위한 2022년 노인일자리 및 사회활동 지원사업 참여 어르신을 모집합니다.1. 모집입원 : 4명2. 모집대상 : 만 60세 이상의 동구지역에 거주하시는 어르신3. 근무내용 : 청소관리, 손님응대, 프로그램 진행 4. 근무시간 : 주2~3일, 1일 3시간 ※ 근무시간은 변동가능5. 근무장소 : 광주 동구 동계로 16-17(산수동)6. 월보수 : 270,000원(1개월 만근 시)7. 지참서류 : 주민등본1통,  통장사본(본인), 참여신청서(비치서류), 코로나백신접종확인서8. 모집장소 : 거주지 관할 주민자치센터(동사무소), 광주동구시니어클럽9. 지원제외대상<",2022-12-31
광주광역시,동구,여로(동명점),062-223-8811,"사회참여 기회를 제공하여 소득보충, 적극적 사회참여 및 건강증진 등으로 노인문제 예방 및 사회적 비용을 절감하고노인인력 활용에 대한 사회적 인식개선을 위한 2022년 노인일자리 및 사회활동 지원사업 참여 어르신을 모집합니다.1. 모집입원 : 4명2. 모집대상 : 만 60세 이상의 동구지역에 거주하시는 어르신3. 근무내용 : 청소관리, 손님응대, 프로그램 진행 4. 근무시간 : 주2~3일, 1일 3시간 ※ 근무시간은 변동가능5. 근무장소 : 광주 동구 동계로 16-17(산수동)6. 월보수 : 270,000원(1개월 만근 시) 7. 지참서류 : 주민등본1통,  통장사본(본인), 참여신청서(비치서류), 코로나백신접종확인서8. 모집장소 : 거주지 관할 주민자치센터(동사무소), 광주동구시니어클럽9. 지원제외대상",2022-12-31
광주광역시,북구,광주해피케어,010-3277-6564,"* 사업목적  - 노인일자리 활성화 및 신규일자리 창출  - 어르신들의 근무의욕  고취* 사업내용 - 산모,신생아 돌봄서비스  * 부서배치 및 참여인원 - 산모신생아 건강관리사 / 5 명직무교육 : 안전수칙교육 및 해당 업무 교육* 운영계획: 오리엔테이션 ,인턴고용후 계속고용여부 판단* 모집연령대: 만60세이상* .근무지역 : 광주 전지역* 자격사항 : 산후도우미수료증(별도 교육이 있음), 특별한 자격이나 경력 필요 없으나 경력자 우대* 고용예정인원 : 인턴십 시행이후 계속고용 또는 신규고용 예정인원 5명 100% 계획",2022-12-31
광주광역시,북구,강북성북도봉 산후도우미 이레아이맘(강북),010-5304-7984,"* 사업내용 - 산모,신생아 돌봄서비스  * 부서배치 및 참여인원 - 산모신생아 건강관리사 / 5명직무교육 : 안전수칙교육 및 해당 업무 교육* 운영계획: 오리엔테이션 ,인턴고용후 계속고용여부 판단* 모집연령대: 만60세이상* .근무지역 : 서울 강북 부근* 자격사항 : 특별한 자격이나 경력 필요 없으나 경력자 우대* 고용예정인원 : 인턴십 시행이후 계속고용 또는 신규고용 예정인원 5명 100% 계획",2022-12-31
광주광역시,북구,강북성북도봉산후도우미이레아이맘, 010-5304-7984,"* 사업내용 - 산모,신생아 돌봄서비스  * 부서배치 및 참여인원 - 산모신생아 건강관리사 / 5명직무교육 : 안전수칙교육 및 해당 업무 교육* 운영계획: 오리엔테이션 ,인턴고용후 계속고용여부 판단* 모집연령대: 만60세이상* .근무지역 : 서울 성북구 부근* 자격사항 : 특별한 자격이나 경력 필요 없으나 경력자 우대* 고용예정인원 : 인턴십 시행이후 계속고용 또는 신규고용 예정인원 5명 100% 계획",2022-12-31
광주광역시,북구,한영기업,010-6602-1630,"1.사업목적 : - 노인일자리 활성화 및 신규 일자리창출 - 어르신들이 경제 활동을 통한 우울증 감소 및 자신감 회복2.사업내용 : 폐플라스틱 재활용 기기 조작원3.부서배치 및 참여인원 : 제조 /  2명 4.운영계획 : 오리엔테이션5.직무교육 : 자제교육6.모집연령대 : 60대7.모집직종 : 단순 제조,생산원8.근무지역 : 광주 광산구 하남산단6번로9.자격사항 : 별도 자격 없음10. 근무시간 : 오전 8시 30분 ~ 오후 5시30분  / 주 5일11.고용예정인원 : 인턴십 시행이수 계속고용 또는 신규고용 예정인원 2명 100% 계획",2022-12-31
광주광역시,북구,이레아이맘,010-2995-8865,"* 사업목적  - 노인일자리 활성화 및 신규일자리 창출  - 어르신들의 근무의욕  고취* 사업내용 - 산모,신생아 돌봄서비스* 부서배치 및 참여인원 - 산모신생아 건강관리사 / 5 명* 직무교육 : 안전수칙교육 및 해당 업무 교육* 운영계획: 오리엔테이션 * 모집연령대: 만60세이상* 근무시간 : 09:00~ 18:00 * .근무지역 : 경기도 김포시 * 자격사항 : 특별한 자격이나 경력 필요 없으나 경력자 우대* 고용예정인원 : 인턴십 시행이후 계속고용 또는 신규고용 예정인원 5 명 100% 계획",2022-12-31
광주광역시,북구,예찬어린이집,010-7720-8948,1.사업목적 : - 노인일자리 활성화 및 신규 일자리창출 - 어르신들이 경제 활동을 통한 우울증 감소 및 자신감 회복2.사업내용 : 어린이집  조리사3.구인인원 : 1명4.운영계획 : 오리엔테이션5.직무교육 : 자제교육6.모집연령대 : 60대7.모집직종 : 한식 조리사8. 근무시간: 8시 30분~ 14:30분9.근무지역 : 광주 북구 일곡동10.자격사항 : 한식조리사 자격증 필수 필요11. 고용예정인원 : 인턴십 시행이수 계속고용 또는 신규고용 예정인원 1명 100% 계획,2022-12-31
광주광역시,북구,산모도우미119,010-500-4945,"* 사업목적 - 노인일자리 활성화 및 신규 일자리창출 - 어르신들이 경제 활동을 통한 우울증 감소 및 자신감 회복 * 사업내용 - 산모,신생아 돌봄서비스 * 부서배치 및 참여인원 - 산모신생아 건강관리사 / 10 명* 근무시간 : 09:00~ 18:00 직무교육 : 안전수칙교육 및 해당 업무 교육* 운영계획: 오리엔테이션 * 모집연령대: 만60세이상* .근무지역 : 서울시 도봉구* 자격사항 : 산모신생아 건강관리사 교육이수자[입사후 교육 가능]* 고용예정인원 : 인턴십 시행이후 계속고용 또는 신규고용 예정인원 10명 100% 계획",2022-12-31
광주광역시,북구,아이원유치원,062-946-3777,"1.사업목적 : - 노인일자리 활성화 및 신규 일자리창출 - 어르신들이 경제 활동을 통한 우울증 감소 및 자신감 회복2.사업내용 : 어린이집 운전원, 조리사3.구인인원 : 운전원 1명, 조리사 1명4.운영계획 : 오리엔테이션5.직무교육 : 자제교육6.모집연령대 : 60대7.근무지역 : 광주 광산구 신창동9.자격사항 : 운전면허 자격소지자",2022-12-31
광주광역시,북구,이레아이맘 서대문 은평 종로지사,010-5310-7589,"* 사업목적  - 노인일자리 활성화 및 신규일자리 창출  - 어르신들의 근무의욕  고취* 사업내용 - 산모,신생아 돌봄서비스  * 부서배치 및 참여인원 - 산모신생아 건강관리사 / 10 명* 직무교육 : 안전수칙교육 및 해당 업무 교육* 운영계획: 오리엔테이션 * 모집연령대: 만60세이상* .근무지역 : 서울 서대문구 부근* 자격사항 : 특별한 자격이나 경력 필요 없으나 아기를 사랑하고 성실하신분               요리 잘하시는 분 * 근무조건: 09:00~18;00  / 주 5일 근무",2022-12-31
광주광역시,북구,썬아이유치원,010-6325-9236,1.사업목적 : - 노인일자리 활성화 및 신규 일자리창출 - 어르신들이 경제 활동을 통한 우울증 감소 및 자신감 회복2.사업내용 : 어린이집 운전원3.구인인원 : 1명4.운영계획 : 오리엔테이션5.직무교육 : 자제교육6.모집연령대 : 60대7.모집직종 : 어린이집  통학 차량8.근무지역 : 광주 광산구 송정동9.자격사항 : 운전면허 자격소지자,2022-12-31
광주광역시,북구,꼬마성어린이집,010-2655-0427,1.사업목적 : - 노인일자리 활성화 및 신규 일자리창출 - 어르신들이 경제 활동을 통한 우울증 감소 및 자신감 회복2.사업내용 : 어린이집 운전원3.구인인원 : 오전오후 2시간씩 2명 /  한명이 오전오후 모두 근무해 주실경우 1명4.운영계획 : 오리엔테이션5.직무교육 : 자제교육6.모집연령대 : 60대7.모집직종 : 어린이집  통학 차량8.근무지역 : 광주 북구 일곡동9.자격사항 : 운전면허 자격소지자(1종보통/1종대형)/ 경력자 우대,2022-12-31
광주광역시,북구,농업회사법인 주식회사 새벽팜,010-5648-7100,"* 사업목적  - 노인일자리 활성화 및 신규일자리 창출  - 어르신들의 근무의욕  고취* 사업내용  - 김치 및 유사채소 절임식품 제조 * 부서배치 및 참여인원  - 생산직 2명* 자격사항  - 없음* 운영계획: 시니어인턴십 3개월 운영 후 계속고용* 모집연령대: 만60세이상* 통근버스 운영하고 있음(운암동, 신창동,비아동, )  광주거주 사내직원이 많아 카플가능",2022-12-31
광주광역시,북구,주식회사 차암홀딩스,010-4042-1891,"* 사업목적  - 노인일자리 활성화 및 신규일자리 창출  - 어르신들의 근무의욕  고취* 사업내용  - 즉석조리식품제조업, 도매 및 소매* 부서배치 및 참여인원   경영관리자, 생산관리자 / 2명* 자격사항  - 없음* 운영계획: 시니어인턴십 3개월 운영 후 계속고용* 모집연령대: 만60세이상",2022-12-31
광주광역시,북구,해찬마을 협동조합(화순지점),010-9822-2560,"* 사업목적  - 노인일자리 활성화 및 신규일자리 창출  - 어르신들의 근무의욕  고취* 사업내용 - 일반음식점, 식품접객원* 부서배치 및 참여인원 -  조리부  1명* 운영계획 -  오리엔테이션* 모집연령대  -  만60세이상",2022-12-31
광주광역시,북구,주식회사 워킹맘,010-7211-1182,* 사업목적  - 노인일자리 활성화 및 신규일자리 창출  - 어르신들의 근무의욕  고취* 사업내용  식품제조 가공 - 위탁급식* 부서배치 및 참여인원 - 조리부 2명* 자격사항  - 없음* 운영계획: 시니어인턴십 3개월 운영 후 신규고용* 모집연령대: 만60세이상,2022-12-31
광주광역시,북구,유한회사 대성이엔시,062-363-1335,* 사업목적  - 노인일자리 활성화 및 신규일자리 창출  - 어르신들의 근무의욕  고취* 사업내용 운수업/ 택시 운전기사* 부서배치 및 참여인원  - 택시운전기사 / 40명  * 자격사항  - 운전면허증* 운영계획: 시니어인턴십 3개월 운영 후 신규고용* 모집연령대: 만60세이상,2022-12-31
광주광역시,북구,주식회사 명성에스디,062-363-1335,* 사업목적  - 노인일자리 활성화 및 신규일자리 창출  - 어르신들의 근무의욕  고취* 사업내용 운수업/ 택시 운전기사* 부서배치 및 참여인원  - 택시운전기사 / 40명  * 자격사항  - 운전면허증* 운영계획: 시니어인턴십 3개월 운영 후 신규고용* 모집연령대: 만60세이상,2022-12-31
광주광역시,북구,은하수전세버스협동조합,010-3641-2601,* 사업목적  - 노인일자리 활성화 및 신규일자리 창출  - 어르신들의 근무의욕  고취* 사업내용  - 운수업* 부서배치 및 참여인원  - 버스기사 2명* 자격사항  - 없음* 운영계획: 시니어인턴십 3개월 운영 후 신규고용* 모집연령대: 만60세이상,2022-12-31
광주광역시,북구,효드림재가복지센터,061-882-7772,"* 사업목적  - 노인일자리 활성화 및 신규일자리 창출  - 어르신들의 근무의욕  고취* 사업내용 - 노인주간보호, 방문요양* 부서배치 및 참여인원  - 사회복지사 1명, 간호조무사 1명* 자격사항 : 해당자격증 소지자* 운영계획: 시니어인턴십 3개월 운영 후 신규고용* 모집연령대: 만60세이상",2022-12-31
광주광역시,북구,목화재가노인복지센터,010-8614-6970,.,2022-12-31
대구광역시,남구,사랑마을재가노인복지센터,010-7315-6889,"만 60세 이상 시니어 고용 * 참여 대상자 : 만 60세 이상* 우대 사항 : 보건관련 자격증 소시자 우대* 참여제외 : 중앙정부 및 지방자치단쳬 재정지원일자리사업 등에 참여중인 자  요양보호사, 경비원, 청소원, 환경미화원, 방역원, 자영업자 등  참여기업과 가족관계에 있는 자  인턴십 참여직전 90일 이내 해당 기업에 취업 사실이 잇는자  4대보험 이중 취득자 등 참여 불가",2022-12-31
대구광역시,남구,김범수 마취통증의학과 의원,010-3452-7994,"만 60세 이상 시니어 고용 * 참여 대상자 : 만 60세 이상* 우대 사항 : 보건관련 자격증 소시자 우대* 참여제외 : 중앙정부 및 지방자치단쳬 재정지원일자리사업 등에 참여중인 자  요양보호사, 경비원, 청소원, 환경미화원, 방역원, 자영업자 등  참여기업과 가족관계에 있는 자  인턴십 참여직전 90일 이내 해당 기업에 취업 사실이 잇는자  4대보험 이중 취득자 등 참여 불가",2022-12-31
대구광역시,남구,주식회사 그린피아,010-6567-7963,"실시인원 : 인턴 5명모집연령대 : 60대이상모집직종 : 시설 전기,보일러 등 관리원 2명, 주차안내관리원 3명근무지역 : 대구경북권내자격사항 : 관련자격증자 우대고요예정인원 : 인턴십 시행이수 계속 고용 또는 신규고용 예정인원 5명 100% 계획",2022-12-31
대구광역시,남구,종려요양공동생활가정,010-2818-8753,"실시인원 : 인턴 5명모집연령대 : 60대이상모집직종 : 어르신 식사 등 조리사 2명, 조리보조원 1명, 어르신 송영 운전원 1명근무지역 : 대구권내자격사항 : 관련 자격증자 우대고용예정인원 : 인턴십 시행이수 계속 고용 또는 신규고용 예정인원 5명 100% 계획",2022-12-31
대구광역시,남구,대양노인주간보호센터,010-5542-5124,"실시인원 : 인턴 5명모집연령대 : 60대이상모집직종 : 어르신 식사 등 조리사 2명, 조리보조원 1명, 어르신 송영 운전원 1명근무지역 : 대구권내자격사항 : 관련 자격증자 우대고용예정인원 : 인턴십 시행이수 계속 고용 또는 신규고용 예정인원 5명 100% 계획",2022-12-31
대구광역시,남구,HD산업,010-3545-1180,1.사업명 : 시니어인턴십2.사업목적 : - 노인일자리 활성화 및 신규 일자리창출 - 어르신들이 경제 활동을 통한 우울증 감소 및 자신감 회복 - 소득 증대를 통한 경제력 확보 - 어르신들의 근무의욕 고취3.부서배치 및 참여인원 : 갤러리매니저 1명,2022-12-31
대구광역시,남구,(주)대양복지센터,010-3828-1036,1.사업명 : 시니어인턴십2.사업목적 : - 노인일자리 활성화 및 신규 일자리창출 - 어르신들이 경제 활동을 통한 우울증 감소 및 자신감 회복 - 소득 증대를 통한 경제력 확보 - 어르신들의 근무의욕 고취3.부서배치 및 참여인원 : 갤러리매니저 1명,2022-12-31
대구광역시,남구,금상노인복지센터,010-7722-1960,"실시인원 : 인턴 2명모집연령대 : 60대이상모집직종 : 주방조리보조원 1종, 운전원 1명근무지역 : 대구 북구자격사항 : 신체건강한 분, 경력 무관, 운전원 운전면허 1종보통이상자고용예정인원 : 인턴십 시행이수 계속고용 또는 신규고용 예정인원 2명 100%계획",2022-12-31
대구광역시,남구,(주)신동아전세관광,010-8305-0509,"실시인원 : 인턴 3명모집연령대 : 60대이상모집직종 : 관광버스운전원10.근무지역 : 대구권내11.자격사항 : 신체건강한 분, 경력사항 무관, 운전면허 1종대형 소지자12.고용예정인원 : 인턴십 시행이후 계속고용 또는 신규고용 예정인원 3명 100%계획",2022-12-31
대구광역시,남구,주식회사 대범물류시스템,010-2347-8066,"주문물류 작업장내 적재 구인물류확인 및 분류, 파렛 적재 업무",2022-12-31
대구광역시,남구,오케이아웃소싱주식회사,010-4155-3660,재활병원 병동지원인력 구인휠체어로 환자이동등의 업무,2022-12-31
대구광역시,달서구,한영산업,053-745-4706,"2022 시니어인턴 참여자 모집 [매칭완료]1. 모집직종 : 제조 단순종사원2. 모집인원 : 13. 근무장소 : 대구4. 근무기간 : 20220410~20221231(입사일은 모집/면접 상황에 따라 변동가능)5. 근무시간 : 09시 ~18시 (협의 중)6. 급여수준 : 최저임금 이상7. 자격요건 : 만 60세 이상으로 해당 직무를 수행할 수 있는 건강한 어르신8. 모집기간 : 20220410~20221231 (모집시까지 충원)9. 신청방법 : 전화 문의 후 기관 방문 상담 및 기업 동행면접 실시10. 제출서류 : 주민등록증, 주민등록 등본, 이력서11. 관련문의 : 이노비즈협회 정세원(***-****-****)",2022-12-31
대구광역시,달서구,사회적협동조합드림즈,010-4931-3991,"사회적협동조합드림즈에서 시니어인터십 참여자를 모집합니다 1. 모집직종 :  운전,안전관리,교육-4명 2. 자격사항 :  신체건강한분많은 지원 바랍니다.",2022-12-31
대구광역시,달서구,우리경영컨설팅(주),053-745-4706,2022 시니어인턴 참여자 모집      1. 모집직종 : 컨설팅업 2. 모집인원 : 13. 근무장소 : 대구4. 근무기간 : 20220101~20221231 (입사일은 모집/면접 상황에 따라 변동가능)5. 근무시간 : 09시 ~18시 (협의 중)6. 급여수준 : 최저임금 이상,2022-12-31
대구광역시,달서구,남강플랜트 주식회사,053-745-4706,"2021 시니어인턴 참여자 모집1. 모집직종 : 제조 단순종사원2. 모집인원 : 13. 근무장소 : 포항시 흥해읍4. 근무기간 : 20220106~20221231 (입사일은 모집/면접 상황에 따라 변동가능)5. 근무시간 : 09시 ~18시 (협의 중)6. 급여수준 : 최저임금 이상7. 자격요건 : 만 60세 이상으로 해당 직무를 수행할 수 있는 건강한 어르신8. 모집기간 : 20221002~20220106 (모집시까지 충원)9. 신청방법 : 전화 문의 후 기관 방문 상담 및 기업 동행면접 실시10. 제출서류 : 주민등록증, 주민등록 등본, 이력서11. 관련문의 : 이노비즈협회 정세원(***-****-****)",2022-12-31
대구광역시,달서구,경상매일신문,053-745-4706,"1. 모집직종 : 감독 및 기술감독2. 모집인원 : 13. 근무장소  포항시 북구4. 근무기간 : 20220307~20230228  (입사일은 모집/면접 상황에 따라 변동가능)5. 근무시간 : 09시 ~18시 (협의 중)6. 급여수준 : 최저임금 이상7. 자격요건 : 만 60세 이상으로 해당 직무를 수행할 수 있는 건강한 어르신8. 모집기간 : 20221002~20220106 (모집시까지 충원)9. 신청방법 : 전화 문의 후 기관 방문 상담 및 기업 동행면접 실시10. 제출서류 : 주민등록증, 주민등록 등본, 이력서11. 관련문의 : 이노비즈협회 정세원(***-****-****)",2022-12-31
대구광역시,달서구,티앤티스포츠,053-745-4706,2022 시니어인턴 참여자 모집 [매칭완료]     1. 모집직종 : 제조 단순종사원2. 모집인원 : 23. 근무장소 : 대구시 달성군4. 근무기간 : 20220106~20221231 (입사일은 모집/면접 상황에 따라 변동가능)5. 근무시간 : 09시 ~18시 (협의 중),2022-12-31
대구광역시,달서구,주식회사 창공주차산업,053-745-4706,"2022 시니어인턴 참여자 모집 1. 모집직종 : 단순제조2. 모집인원 : 13. 근무장소 : 경북4. 근무기간 : 20220101~20221231 (입사일은 모집/면접 상황에 따라 변동가능)5. 근무시간 : 09시 ~18시 (협의 중)6. 급여수준 : 최저임금 이상7. 자격요건 : 만 60세 이상으로 해당 직무를 수행할 수 있는 건강한 어르신8. 모집기간 : 20220101~20221231 (모집시까지 충원)9. 신청방법 : 전화 문의 후 기관 방문 상담 및 기업 동행면접 실시10. 제출서류 : 주민등록증, 주민등록 등본, 이력서11. 관련문의 : 이노비즈협회 정세원(***-****-****)",2022-12-31
대구광역시,달서구,동명택시,053-745-4706,"2022 시니어인턴 참여자 모집      1. 모집직종 : 기타사무원, 조리사, 식당서비스, 판매종사자, 단순제조, 운송직 등2. 모집인원 : 503. 근무장소 : 대구4. 근무기간 : 20220101~20221231 (입사일은 모집/면접 상황에 따라 변동가능)5. 근무시간 : 09",2022-12-31
대구광역시,달서구,제일효요양병원,053-745-4706,"2022 시니어인턴 참여자 모집 [매칭완료]1. 모집직종 : 사무보조원2. 모집인원 : 33. 근무장소 : 서울4. 근무기간 : 20220401~20221231 (입사일은 모집/면접 상황에 따라 변동가능)5. 근무시간 : 09시 ~18시 (협의 중)6. 급여수준 : 최저임금 이상7. 자격요건 : 만 60세 이상으로 해당 직무를 수행할 수 있는 건강한 어르신8. 모집기간 :20220401~20221231(모집시까지 충원)9. 신청방법 : 전화 문의 후 기관 방문 상담 및 기업 동행면접 실시10. 제출서류 : 주민등록증, 주민등록 등본, 이력서11. 관련문의 : 이노비즈협회 정세원(***-****-****)",2022-12-31
대구광역시,동구,태진실리콘,010-9358-5066,♧ 단순 제조원 모집- 학력 : 학력무관- 경력 : 관계없음- 신체건강하고 성실한 분- 경력자 우대- 급여 : 회사협의 후 결정- 이력서- 3대 사회보험 가입,2022-12-31
대구광역시,북구,청운교통,010-3044-2062,"1.사 업 명 : 2022년 시니어인턴십 참여자 모집2.모집직종 및 참여인원 : 택시운전원, 5명3.자격요건 : 만60세 이상으로 해당직무를 수행할 수 있는 건강한 어르신4.근무지역 : 대구광역시5.근무시간 : 9시~18시(협의조정 가능)6.",2022-12-31
대구광역시,북구,제일택시협동조합,053-611-1980,"사업목적 : 만60세이상자에게 일할 기회를 제공함으로써 노인의 직업능력강화 및 재취업기회를 촉진함.1.사업명 : 2022년 시니어 인턴십 참여자 모집2.모집직종 및 참여인원 : 택시운전원, 10명3.자격요건 : 만60세 이상으로 해당 직무를 수행할 수 있는 건강한 어르신4.근무지역 : 대구광역시5.근무시간 : 09시~18시(협의조정가능)6.급여수준 : 면접 시 협의",2022-12-31
대구광역시,북구,신라교통(주),황희섭,"사업목적 : 만60세이상자에게 일할 기회를 제공함으로써 노인의 직업능력강화 및 재취업기회를 촉진함.1.사업명 : 2022년 시니어 인턴십 참여자 모집2.모집직종 및 참여인원 : 택시운전원, 20명3.자격요건 : 만60세 이상으로 해당 직무를 수행할 수 있는 건강한 어르신4.근무지역 : 대구광역시5.근무시간 : 09시~18시(협의조정가능)6.급여수준 : 면접 시 협의",2022-12-31
대구광역시,북구,금영운수(주),010-2849-5861,"사업목적 :　만60세이상자에게 일할 기회를 제공함으로써 노인의 직업능력강화 및 재취업기회를 촉진     1.사 업 명 : 2022년 시니어인턴십 참여자 모집2.모집직종 및 참여인원 : 택시운전원, 5명3.자격요건 : 만60세 이상으로 해당직무를 수행할 수 있는 건강한 어르신4.근무지역 : 대구광역시5.근무시간 : 9시~18시(협의조정 가능)6.급여수준 : 면접 시 협의7.제출서류 : 이력서8.관련문의 : 대구북구시니어클럽 팀장 박 세은 / 김 태환 (***-****-****):",2022-12-31
대구광역시,서구,한영산업,053-745-4706,"2022 시니어인턴 참여자 모집 [매칭완료]1. 모집직종 : 제조 단순종사원2. 모집인원 : 13. 근무장소 : 대구4. 근무기간 : 20220410~20221231(입사일은 모집/면접 상황에 따라 변동가능)5. 근무시간 : 09시 ~18시 (협의 중)6. 급여수준 : 최저임금 이상7. 자격요건 : 만 60세 이상으로 해당 직무를 수행할 수 있는 건강한 어르신8. 모집기간 : 20220410~20221231 (모집시까지 충원)9. 신청방법 : 전화 문의 후 기관 방문 상담 및 기업 동행면접 실시10. 제출서류 : 주민등록증, 주민등록 등본, 이력서11. 관련문의 : 이노비즈협회 정세원(***-****-****)",2022-12-31
대구광역시,서구,사회적협동조합드림즈,010-4931-3991,"사회적협동조합드림즈에서 시니어인터십 참여자를 모집합니다 1. 모집직종 :  운전,안전관리,교육-4명 2. 자격사항 :  신체건강한분많은 지원 바랍니다.",2022-12-31
대구광역시,서구,남강플랜트 주식회사,053-745-4706,"2021 시니어인턴 참여자 모집1. 모집직종 : 제조 단순종사원2. 모집인원 : 13. 근무장소 : 포항시 흥해읍4. 근무기간 : 20220106~20221231 (입사일은 모집/면접 상황에 따라 변동가능)5. 근무시간 : 09시 ~18시 (협의 중)6. 급여수준 : 최저임금 이상7. 자격요건 : 만 60세 이상으로 해당 직무를 수행할 수 있는 건강한 어르신8. 모집기간 : 20221002~20220106 (모집시까지 충원)9. 신청방법 : 전화 문의 후 기관 방문 상담 및 기업 동행면접 실시10. 제출서류 : 주민등록증, 주민등록 등본, 이력서11. 관련문의 : 이노비즈협회 정세원(***-****-****)",2022-12-31
대구광역시,서구,경상매일신문,053-745-4706,"1. 모집직종 : 감독 및 기술감독2. 모집인원 : 13. 근무장소  포항시 북구4. 근무기간 : 20220307~20230228  (입사일은 모집/면접 상황에 따라 변동가능)5. 근무시간 : 09시 ~18시 (협의 중)6. 급여수준 : 최저임금 이상7. 자격요건 : 만 60세 이상으로 해당 직무를 수행할 수 있는 건강한 어르신8. 모집기간 : 20221002~20220106 (모집시까지 충원)9. 신청방법 : 전화 문의 후 기관 방문 상담 및 기업 동행면접 실시10. 제출서류 : 주민등록증, 주민등록 등본, 이력서11. 관련문의 : 이노비즈협회 정세원(***-****-****)",2022-12-31
대구광역시,서구,티앤티스포츠,053-745-4706,2022 시니어인턴 참여자 모집 [매칭완료]     1. 모집직종 : 제조 단순종사원2. 모집인원 : 23. 근무장소 : 대구시 달성군4. 근무기간 : 20220106~20221231 (입사일은 모집/면접 상황에 따라 변동가능)5. 근무시간 : 09시 ~18시 (협의 중),2022-12-31
대구광역시,서구,주식회사 창공주차산업,053-745-4706,"2022 시니어인턴 참여자 모집 1. 모집직종 : 단순제조2. 모집인원 : 13. 근무장소 : 경북4. 근무기간 : 20220101~20221231 (입사일은 모집/면접 상황에 따라 변동가능)5. 근무시간 : 09시 ~18시 (협의 중)6. 급여수준 : 최저임금 이상7. 자격요건 : 만 60세 이상으로 해당 직무를 수행할 수 있는 건강한 어르신8. 모집기간 : 20220101~20221231 (모집시까지 충원)9. 신청방법 : 전화 문의 후 기관 방문 상담 및 기업 동행면접 실시10. 제출서류 : 주민등록증, 주민등록 등본, 이력서11. 관련문의 : 이노비즈협회 정세원(***-****-****)",2022-12-31
대구광역시,서구,동명택시,053-745-4706,"2022 시니어인턴 참여자 모집      1. 모집직종 : 기타사무원, 조리사, 식당서비스, 판매종사자, 단순제조, 운송직 등2. 모집인원 : 503. 근무장소 : 대구4. 근무기간 : 20220101~20221231 (입사일은 모집/면접 상황에 따라 변동가능)5. 근무시간 : 09",2022-12-31
대구광역시,서구,제일효요양병원,053-745-4706,"2022 시니어인턴 참여자 모집 [매칭완료]1. 모집직종 : 사무보조원2. 모집인원 : 33. 근무장소 : 서울4. 근무기간 : 20220401~20221231 (입사일은 모집/면접 상황에 따라 변동가능)5. 근무시간 : 09시 ~18시 (협의 중)6. 급여수준 : 최저임금 이상7. 자격요건 : 만 60세 이상으로 해당 직무를 수행할 수 있는 건강한 어르신8. 모집기간 :20220401~20221231(모집시까지 충원)9. 신청방법 : 전화 문의 후 기관 방문 상담 및 기업 동행면접 실시10. 제출서류 : 주민등록증, 주민등록 등본, 이력서11. 관련문의 : 이노비즈협회 정세원(***-****-****)",2022-12-31
대구광역시,서구,우리경영컨설팅(주),053-745-4706,2022 시니어인턴 참여자 모집      1. 모집직종 : 컨설팅업 2. 모집인원 : 13. 근무장소 : 대구4. 근무기간 : 20220101~20221231 (입사일은 모집/면접 상황에 따라 변동가능)5. 근무시간 : 09시 ~18시 (협의 중)6. 급여수준 : 최저임금 이상,2022-12-31
대구광역시,수성구,웅부관광 주식회사,053-783-3600,"2022년 시니어인턴십사업 참여자 모집 1.모집직종:운전원 2.모집인원:00명 3.모집기간:2022.1.1.~2022.12.31.4.근무기간:2022.1.1.~2022.12.31.(1년) 5.근무시간:09:00~18:00 6.급여수준:9,160원,4대보험 가입 7.자격요건:만60세이상 직무를 수행할 수 있는 건강하고 의욕이 있는 분",2022-12-31
대구광역시,중구,평리유치원,053-422-1907,"1.모집직종:조리원,운전원2.모집인원:00명3.모집기간:2022.01.01.~2022.12.314.근무기간:2022.1.1.~2022.12.31.(1년)5.근무시간:09:00~18:006.급여수준:9,160원,4대보험 가입7.자격요건:만",2022-12-31
대구광역시,중구,(주)성우씨엠,053-422-1907,"1.모집직종:  시설관리 및  주차관리2.모집인원:00명3.모집기간:2022.1.1~2022.12.314.근무기간:2022.3.1~2022.12.31(1년)5.근무시간:09:00~18:006.급여수준:9,160원,4대보험 가입7.자격요건:만60세이상 직무를 수행할 수 있는 건강하고 의욕이 있는 분8.신청방법:전화 문의 후 내방상담 및 기업 동행면접 실시9.제출서류:주민등록등본,이력서10.관련문의:대구중구시니어클럽 시니어인턴십 담당자 방경애(***-****-****)",2022-12-31
대구광역시,중구,(주)한솔푸드유통,053-422-1907,"1.모집직종: 조리사2.모집인원:00명3.모집기간:2022.1.1~2022.12.314.근무기간:2022.3.1~2022.12.31(1년)5.근무시간:09:00~18:006.급여수준:9,160원,4대보험 가입7.자격요건:만60세이상 직무를 수행할 수 있는 건강하고 의욕이 있는 분8.신청방법:전화 문의 후 내방상담 및 기업 동행면접 실시9.제출서류:주민등록등본,이력서10.관련문의:대구중구시니어클럽 시니어인턴십 담당자 방경애(***-****-****)     ",2022-12-31
대구광역시,중구,신은빛노인요양센터,053-422-1907,"1.모집직종: 조리사2.모집인원:00명3.모집기간:2022.1.1~2022.12.314.근무기간:2022.3.1~2022.12.31(1년)5.근무시간:09:00~18:006.급여수준:9,160원,4대보험 가입7.자격요건:만60세이상 직무를 수행할 수 있는 건강하고 의욕이 있는 분8.신청방법:전화 문의 후 내방상담 및 기업 동행면접 실시9.제출서류:주민등록등본,이력서10.관련문의:대구중구시니어클럽 시니어인턴십 담당자 방경애(***-****-****)",2022-12-31
대구광역시,중구,마음다해요양타운1,053-422-1907,"1.모집직종:조리원2.모집인원:00명3.모집기간:2022.01.01.~2022.12.314.근무기간:2022.1.1.~2022.12.31.(1년)5.근무시간:09:00~18:006.급여수준:9,160원,4대보험 가입7.자격요건:만60세이상 직무를 수행할 수 있는 건강하고 의욕이 있는 분",2022-12-31
대구광역시,중구,(주)웰빙종합관리,053-422-1907,"1.모집직종: 시설관리 , 주차관리2.모집인원:00명3.모집기간:2022.1.1~2022.12.314.근무기간:2022.3.1~2022.12.31(1년)5.근무시간:09:00~18:006.급여수준:9,160원,4대보험 가입7.자격요건:만60세이상 직무를 수행할 수 있는 건강하고 의욕이 있는 분8.신청방법:전화 문의 후 내방상담 및 기업 동행면접 실시9.제출서류:주민등록등본,이력서10.관련문의:대구중구시니어클럽 시니어인턴십 담당자 방경애(***-****-****)",2022-12-31
대구광역시,중구,안심성봉요양원,053-422-1907,"1.모집직종: 조리사2.모집인원:00명3.모집기간:2022.1.1~2022.12.314.근무기간:2022.3.1~2022.12.31(1년)5.근무시간:09:00~18:006.급여수준:9,160원,4대보험 가입7.자격요건:만60세이상 직무를 수행할 수 있는 건강하고 의욕이 있는 분8.신청방법:전화 문의 후 내방상담 및 기업 동행면접 실시9.제출서류:주민등록등본,이력서10.관련문의:대구중구시니어클럽 시니어인턴십 담당자 방경애(***-****-****)",2022-12-03
대전광역시,동구,감코리아 농업회사법인 유한회사,010-9793-5567,"곶감 생산, 포장 등 기타식품가공종사원 모집",2022-12-13
대전광역시,서구,주식회사 현대엘앤씨,042-828-3022,모집내용 : 건설 채굴 제조 생산 관리자모집인원 : 3명근무지역 : 현장(협의),2022-12-31
대전광역시,서구,(주)뉴동명관광,042-365-6705,모집내용 : 건설 채굴 제조 생산 관리자모집인원 : 3명근무지역 : 현장(협의),2022-12-31
대전광역시,서구,세종관광(주),042-365-6705,모집내용 : 건설 채굴 제조 생산 관리자모집인원 : 3명근무지역 : 현장(협의),2022-12-31
대전광역시,서구,(주)대영산업,042-365-6705,모집내용 : 건설 채굴 제조 생산 관리자모집인원 : 3명근무지역 : 현장(협의),2022-12-31
대전광역시,서구,(주)대영산업 아산지점,042-365-6705,모집내용 : 건설 채굴 제조 생산 관리자모집인원 : 3명근무지역 : 현장(협의),2022-12-31
대전광역시,서구,정림미소요양원,042-365-6705,"모집직종 : 사무관리원,시설관리 및 정비원근무지역 : 대전광역시 동구자격사항 : 없음. ",2022-12-31
대전광역시,서구,골든데일리,042-365-6705,"모집직종 : 사무관리원,시설관리 및 정비원근무지역 : 대전광역시 동구자격사항 : 없음. ",2022-12-31
대전광역시,서구,(주)플라프로,042-365-6705,모집직종 : 운전 및 운송관련 종사원근무지역 : 충청북도 청주자격사항 : 버스자격증,2022-12-31
대전광역시,서구,(주)상신종합식품,042-365-6705,모집직종 : 운전 및 운송관련 종사원근무지역 : 충청북도 청주자격사항 : 버스자격증,2022-12-31
대전광역시,서구,대한푸드텍(주),042-828-3022,근무내용 : 단순 제조 생산(팝콘 및 생과자 제조)모집인원 : 5명근무지역 : 강원도 원주,2022-12-31
대전광역시,서구,(영)충남친환경연합사업단,042-365-6705,근무내용 : 단순 제조 생산(팝콘 및 생과자 제조)모집인원 : 5명근무지역 : 강원도 원주,2022-12-31
대전광역시,서구,(자)동아가스,042-365-6705,근무내용 : 단순 제조 생산(팝콘 및 생과자 제조)모집인원 : 5명근무지역 : 강원도 원주,2022-12-31
대전광역시,서구,(주)세종고속관광,042-365-6705,근무내용 : 단순 제조 생산(팝콘 및 생과자 제조)모집인원 : 5명근무지역 : 강원도 원주,2022-12-31
대전광역시,서구,주식회사 원복지나라오아시스푸드,010-6489-9850,"1. 사업명 : 한국타이어앤테크놀로지(주) 대전공장 시니어 채용2. 모집직종 : 생산직3. 근무조건 가. 월급여 : 약 290만원 나. 형태 : 4조 3교대 다. 근로시간 : 교대조 근무시간 준용(주간조 1일 8시간, 8:00~17:00)4. 자격요건 : 타이어 제조 직무가 수행 가능한 건강 상태",2022-12-31
대전광역시,서구,백석LPG충전소,042-365-6705,"1. 사업명 : 한국타이어앤테크놀로지(주) 대전공장 시니어 채용2. 모집직종 : 생산직3. 근무조건 가. 월급여 : 약 290만원 나. 형태 : 4조 3교대 다. 근로시간 : 교대조 근무시간 준용(주간조 1일 8시간, 8:00~17:00)4. 자격요건 : 타이어 제조 직무가 수행 가능한 건강 상태",2022-12-31
대전광역시,서구,좋은에너지산업충전소,042-365-6705,"1. 사업명 : 한국타이어앤테크놀로지(주) 대전공장 시니어 채용2. 모집직종 : 생산직3. 근무조건 가. 월급여 : 약 290만원 나. 형태 : 4조 3교대 다. 근로시간 : 교대조 근무시간 준용(주간조 1일 8시간, 8:00~17:00)4. 자격요건 : 타이어 제조 직무가 수행 가능한 건강 상태",2022-12-31
대전광역시,서구,(주)청운관광여행사,042-365-6705,"1. 사업명 : 한국타이어앤테크놀로지(주) 대전공장 시니어 채용2. 모집직종 : 생산직3. 근무조건 가. 월급여 : 약 290만원 나. 형태 : 4조 3교대 다. 근로시간 : 교대조 근무시간 준용(주간조 1일 8시간, 8:00~17:00)4. 자격요건 : 타이어 제조 직무가 수행 가능한 건강 상태",2022-12-31
대전광역시,서구,(주)웰켐,010-9897-7536,"1. 사업명 : 한국타이어앤테크놀로지(주) 대전공장 시니어 채용2. 모집직종 : 생산직3. 근무조건 가. 월급여 : 약 290만원 나. 형태 : 4조 3교대 다. 근로시간 : 교대조 근무시간 준용(주간조 1일 8시간, 8:00~17:00)4. 자격요건 : 타이어 제조 직무가 수행 가능한 건강 상태",2022-12-31
대전광역시,서구,신우산업관리(주),042-365-6705,"1. 사업명 : 한국타이어앤테크놀로지(주) 대전공장 시니어 채용2. 모집직종 : 생산직3. 근무조건 가. 월급여 : 약 290만원 나. 형태 : 4조 3교대 다. 근로시간 : 교대조 근무시간 준용(주간조 1일 8시간, 8:00~17:00)4. 자격요건 : 타이어 제조 직무가 수행 가능한 건강 상태",2022-12-31
대전광역시,서구,(주)토탈에스이엠시스템,010-6489-9850,"1. 사업명 : 한국타이어앤테크놀로지(주) 대전공장 시니어 채용2. 모집직종 : 생산직3. 근무조건 가. 월급여 : 약 290만원 나. 형태 : 4조 3교대 다. 근로시간 : 교대조 근무시간 준용(주간조 1일 8시간, 8:00~17:00)4. 자격요건 : 타이어 제조 직무가 수행 가능한 건강 상태",2022-12-31
대전광역시,서구,비즈스텝스(주),043-710-1654,"1. 사업명 : 한국타이어앤테크놀로지(주) 대전공장 시니어 채용2. 모집직종 : 생산직3. 근무조건 가. 월급여 : 약 290만원 나. 형태 : 4조 3교대 다. 근로시간 : 교대조 근무시간 준용(주간조 1일 8시간, 8:00~17:00)4. 자격요건 : 타이어 제조 직무가 수행 가능한 건강 상태",2022-12-31
대전광역시,서구,주식회사 이조은관광,010-2109-0440,"1. 사업명 : 한국타이어앤테크놀로지(주) 대전공장 시니어 채용2. 모집직종 : 생산직3. 근무조건 가. 월급여 : 약 290만원 나. 형태 : 4조 3교대 다. 근로시간 : 교대조 근무시간 준용(주간조 1일 8시간, 8:00~17:00)4. 자격요건 : 타이어 제조 직무가 수행 가능한 건강 상태",2022-12-31
대전광역시,서구,당진노인복지센터,010-4943-1823,"1. 사업명 : 한국타이어앤테크놀로지(주) 대전공장 시니어 채용2. 모집직종 : 생산직3. 근무조건 가. 월급여 : 약 290만원 나. 형태 : 4조 3교대 다. 근로시간 : 교대조 근무시간 준용(주간조 1일 8시간, 8:00~17:00)4. 자격요건 : 타이어 제조 직무가 수행 가능한 건강 상태",2022-12-31
대전광역시,서구,(주)휴먼시스,010-9347-9194,"1. 사업명 : 한국타이어앤테크놀로지(주) 대전공장 시니어 채용2. 모집직종 : 생산직3. 근무조건 가. 월급여 : 약 290만원 나. 형태 : 4조 3교대 다. 근로시간 : 교대조 근무시간 준용(주간조 1일 8시간, 8:00~17:00)4. 자격요건 : 타이어 제조 직무가 수행 가능한 건강 상태",2022-12-31
대전광역시,서구,쇼핑백제작사업,042) 471-5545,"1. 모집분야 : 공동작업형 쇼핑백제작사업2. 사업내용 : 쇼핑백접지, 구멍뚫기, 끈달기, 단위별포장하기3. 참여자격 : 대전시 서구 거주하시는 만 60세 이상 어르신4. 참여문의 : ***-****-****5. 선발제외대상 : 국민기초생활보장법에 의한 수급자(의료급여 2종은 참여가능)                    장기요양보험 등급판정자(1~5등급)                    정부부처 및 지자체에서 하는 타 노인일자리사업 참여자                    국민건강보험 직장가입자",2022-12-09
대전광역시,서구,전통시장도우미사업,042-471-5545,"공익형사업(전통시장도우미사업)  1.활동시간 : 주 2~3회 / 월 30시간 활동2.활 동 비 : 월 27만원3.신청자격 : 만 65세 이상 기초연금수급자4.신청제외자 :- 국민기초생활보장법에 의한 생계급여·의료급여 수급자(국가유공자, 북한이탈주민 등의 사유로 인한 의료급여 1종은 참여가능)- 정부부처 및 지자체에서 추진 중인 일자리사업 참여자- 국민건강보험 직장가입자- 장기요양보험 등급판정자(1~5등급)5.참여자선발 : 개별상담을 통해 ""참여자 선발기준표"" 작성하여 고득점자순으로 통합 선발6.준비서류 : 주민등록등본 1부, 사진 1매, 건강보험자격득실 확인서 1부, 관련자격증 사본(또는 관련 이력서)7.신청장소 : 오프라인(대전서구시니어클럽), 온라인(복지로온라인신청-http://online.bokjiro.go.kr)",2022-11-30
대전광역시,서구,쌈지만드미,042)471-5545,"쌈지만드미 - 시장형사업    1.사업내용 : 종이꽃, 악세사리 제작 및 치간치솔 단위별 포장 후 재 납품 2.신청자격 : 만 60세 이상3.신청제외자 : - 국민기초생활보장법에 의한 생계급여 수급자 - 정부부처 및 지자체에서 추진 중인 일자리사업 참여자 - 국민건강보험 직장가입자 - 장기요양보험 등급판정자(1~5등급), 인지지원등급4.참여자선발 : 개별상담을 통해 ""참여자 선발기준표"" 작성하여 고득점자순으로 통합 선발5.준비서류 : 주민등록등본 1부, 사진 1매, 건강보험자격득실 확인서 1부, 관련자격증 사본(또는 관련 이력서)6.신청장소 : 오프라인(대전서구시니어클럽), 온라인(복지로온라인신청-http://online.bokjiro.go.kr)",2022-11-30
대전광역시,서구,관저/도안택배사업,042-471-5545,1. 모집분야 : 관저/도안택배사업2. 사업내용 : 아파트 각 세대별로 택배 배송 및 반품3. 참여자격 : 대전시 서구에 거주하시는 만60세 이상 어르신 * 차량 소지자 우대 4. 참여문의 : ***-****-****5. 선발 제외 대상 - 국민기초생활보장법에 의한 수급자 - 정부부처 및 지자체에서 추진중인 일자리사업 참여자 - 국민건강보험 직장가입자 - 장기요양보험등급판정자,2022-11-30
대전광역시,서구,행복나눔베이크,042)471-5545,"행복나눔베이크 - 시장형사업    1.사업내용 : 커피 및 파이를 제조 · 판매하여 수익을 창출하는 노인일자리사업2.신청자격 : 만 60세 이상3.신청제외자 : - 국민기초생활보장법에 의한 생계급여 수급자 - 정부부처 및 지자체에서 추진 중인 일자리사업 참여자 - 국민건강보험 직장가입자 - 장기요양보험 등급판정자(1~5등급), 인지지원등급4.참여자선발 : 개별상담을 통해 ""참여자 선발기준표"" 작성하여 고득점자순으로 통합 선발5.준비서류 : 주민등록등본 1부, 사진 1매, 건강보험자격득실 확인서 1부, 관련자격증 사본(또는 관련 이력서)6.신청장소 : 오프라인(대전서구시니어클럽), 온라인(복지로온라인신청-http://online.bokjiro.go.kr)",2022-11-30
대전광역시,서구,식품포장,042)471-5545,"식품포장 - 시장형사업    1.사업내용 : 생률 및 견과류 식품 손질 및 단위별 포장 후 재납품2.신청자격 : 만 60세 이상3.신청제외자 : - 국민기초생활보장법에 의한 생계급여 수급자 - 정부부처 및 지자체에서 추진 중인 일자리사업 참여자 - 국민건강보험 직장가입자 - 장기요양보험 등급판정자(1~5등급), 인지지원등급4.참여자선발 : 개별상담을 통해 ""참여자 선발기준표"" 작성하여 고득점자순으로 통합 선발5.준비서류 : 주민등록등본 1부, 사진 1매, 건강보험자격득실 확인서 1부, 관련자격증 사본(또는 관련 이력서)6.신청장소 : 오프라인(대전서구시니어클럽), 온라인(복지로온라인신청-http://online.bokjiro.go.kr)",2022-11-30
대전광역시,서구,아파트택배,042-471-5545,1. 모집분야 : 아파트택배사업2. 사업내용 : 아파트 각 세대별로 택배 배송 및 반품3. 참여자격 : 대전시 서구에 거주하시는 만60세 이상 어르신4. 참여문의 : ***-****-****5. 선발 제외 대상 - 국민기초생활보장법에 의한 수급자 - 정부부처 및 지자체에서 추진중인 일자리사업 참여자 - 국민건강보험 직장가입자 - 장기요양보험등급판정자,2022-11-30
대전광역시,중구,공공행정업무지원도우미,042-528-1415,"1.활동시간 : 주5회 / 월 60시간 활동2.활 동 비 : 월 712,800원(주휴수당 및 연차수당 별도)3.신청자격 : 만 60세 이상 신체건강한 참여자4.신청제외자 : - 국민기초생활보장법에 의한 생계급여수급자 - 정부부처 및 지자체에서 추진 중인 일자리사업 참여자 - 국민건강보험 직장가입자 - 장기요양보험 등급판정자(1~5등급)5.참여자선발 : 개별상담을 통해 ""참여자 선발기준표"" 작성하여 고득점자순으로 통합 선발6.준비서류 : 주민등록등본 1부, 사진 1매, 관련자격증 사본(또는 관련 이력서)7.신청장소 : 중구시니어클럽",2022-12-31
대전광역시,중구,새싹급식도우미,042-528-1415,"  ◈노인사회활동 지원사업 참여자 모집 ◈ 1. 활동명 : 새싹급식도우미 참여자 모집 2. 모집대상 : 대전광역시 만60세 이상 거주하시는 건강한 어르신 3. 모집인원 : 49명 4. 모집방법 : 방문접수(신분증, 기초노령연금확인서,통장사본, 사진 1장, 주민등록등본 1부,코로나 예방접종 증명서 1통 지참) 5. 방문장소 : 대전광역시 중구 천근로69번길 45(문화동 435-41) 6. 근무내용 : 대전 중구 내 보육기관에서 급식보조 7. 문의전화 : 042)528-1415",2022-12-31
대전광역시,중구,보육시설지원도우미,042-528-1415,"1.활동시간 : 주 5회 / 월 60시간 활동2.활 동 비 : 월 712,800원(연차수당 별도)3.신청자격 : 만 65세 이상 기초연금수급자4.신청제외자 : - 국민기초생활보장법에 의한 생계급여 수급자   (국가유공자, 북한이탈주민 등의 사유로 인한 의료급여 1종은 참여가능) - 정부부처 및 지자체에서 추진 중인 일자리사업 참여자 - 국민건강보험 직장가입자 - 장기요양보험 등급판정자(1~5등급)5.참여자선발 : 개별상담을 통해 ""참여자 선발기준표"" 작성하여 고득점자순으로 통합 선발6.준비서류 : 코로나예방접종 증명서 1통, 신분증사본,통장사본,반명함사진 1장,주민등록등본 1부, 관련자격증 사본(또는 관련 이력서) 7.신청장소 : 중구시니어클럽 방문 후 신청8.기타사항 : ",2022-12-31
대전광역시,중구,찾아가는 요리교실 : 체험요리기구 대여사업,042-257-0114,"찾아가는 요리교실 : 체험요리기구 대여사업(시장형사업단)    1.활동시간 : 주 3회(일3시간) / 월 10일 활동2.활 동 비 : 월 30만원 / 시급(10,000)3.신청자격 : 만 60세 이상4.신청제외자 : - 국민기초생활보장법에 의한 생계급여·의료급여 수급자   (국가유공자, 북한이탈주민 등의 사유로 인한 의료급여 1종은 참여가능) - 정부부처 및 지자체에서 추진 중인 일자리사업 참여자 - 국민건강보험 직장가입자 - 장기요양보험 등급판정자(1~5등급), 인지지원등급5.준비서류 : 주민등록등본 1부, 관련자격증 사본, 통장 사본 1부6.신청장소 : 대전광역시 중구 보문로 241-1 정진빌딩 6층7.활동내용 : - 유아교육기관의 체험요리기구 대여- 체험활동 안전요원 활동- 체험활동 재료 판매* 변동사항이 생길 수 있습니다.",2022-11-30
서울특별시,강남구,(주)에스피에스-11,02-2088-3835,(주)에스피에스에서 시니어사원 모집합니다.,2022-11-01
서울특별시,강동구,마음 배송단,02-6713-3779,"1.활동시간 : 주2회(일4시간) / 월 24시간 활동2.활 동 비 : 월 223,200원 / 시급(9,300원)3.신청자격 : 만 60세 이상4.신청제외자 : - 국민기초생활보장법에 의한 생계급여 수급자 - 정부부처 및 지자체에서 추진 중인 일자리사업 참여자 - 국민건강보험 직장가입자 - 장기요양보험 등급판정자(1~5등급), 인지지원등급5.참여자선발 : 개별상담을 통해 ""참여자 선발기준표"" 작성하여 고득점자순으로 통합 선발6.준비서류 : 주민등록등본 1부7.신청장소 : 강동시니어클럽 지하1층(강동구 천중로 213, 지하1층)8.문       의: ***-****-****",2022-12-17
서울특별시,강동구,노인시설 도우미,02-6713-3779,"1.근무시간 : 일3시간, 주5일 / 월 60시간(4주)활동2.급      여 : 월 712,800원 / 시급(9,900원), 주휴수당 포함, 월차 별도                 * 사회보험 본인부담금 포함3.신청자격 : 만 65세 이상4.신청제외자 : - 국민기초생활보장법에 의한 생계급여 수급자   (국가유공자, 북한이탈주민 등의 사유로 인한 의료급여 1종은 참여가능) - 정부부처 및 지자체에서 추진 중인 일자리사업 참여자 - 국민건강보험 직장가입자 - 장기요양보험 등급판정자(1~5등급), 인지지원등급5.참여자선발 : 개별상담을 통해 ""참여자 선발기준표"" 작성하여 고득점자순으로 통합 선발6.준비서류 : 주민등록등본 1부, 건강보험자격득실 확인서 1부, 관련자격증 사본(또는 관련 이력서), 백신접종확인서7.신청장소 : 강동시니어클럽 사무실 지하 접수장(강동구 천중로 213, 지하1층)",2022-12-17
서울특별시,강동구,우리동네환경지킴이,02-6713-3779,"1.활동시간 : 주 2~3회 / 월 30시간 활동2.활 동 비 : 월 27만원3.신청자격 : 만 65세 이상 기초연금수급자4.신청제외자 : - 국민기초생활보장법에 의한 생계급여 수급자 - 정부부처 및 지자체에서 추진 중인 일자리사업 참여자 - 국민건강보험 직장가입자 - 장기요양보험 등급판정자(1~5등급)5.참여자선발 : 개별상담을 통해 ""참여자 선발기준표"" 작성하여 고득점자순으로 통합 선발6.준비서류 : 주민등록등본 1부7.신청장소 : 강동시니어클럽 지하 1층8.문      의 : ***-****-****",2022-11-30
서울특별시,강서구,원신교통(주),010-9237-5828,"사업실행계획1.사업명 : 택시운전기사 모집2.사업목적 : - 노인일자리 활성화 및 신규 일자리창출 - 어르신들이 경제 활동을 통한 우울증 감소 및 자신감 회복 - 소득 증대를 통한 경제력 확보 - 어르신들의 근무의욕 고취3.사업내용 : 운수업4.부서배치 및 참여인원 : 운전기사 10명5.운영계획 : 시니어인턴십 3개월 운영 후 신규고용6.직무교육 : - 직무교육(1시간) : 안전수칙교육 및 해당 업무 교육7.실시인원 : 인턴 10명, 훈련생 0명8.모집연령대 : 60대9.모집직종 : 운전 및 운송관련 종사원10.근무지역 : 서울시 강서구 강서로 521-811.자격사항 : 운전면허 1종 보통12.고용예정인원 : 인턴십 시행이수 계속고용 또는 신규고용 예정인원 10명 100% 계획",2022-12-31
서울특별시,강서구,강원여행사,070-4801-5651,버스 운전원 모집- 사업장명: 강원여행사- 소재지: 강원도 춘천시- 근무내용: 버스 운전원- 근무조건: 1일 7시간(주 5일) 협의 가능- 급여: 면접시 협의(최저임금 이상 必,2022-12-31
서울특별시,강서구,애니웨어,02-571-0801,"사업실행계획1.사업명 : AI데이터 플랫폼가공2.사업목적 : - 노인일자리 활성화 및 신규 일자리창출 - 어르신들이 경제 활동을 통한 우울증 감소 및 자신감 회복 - 소득 증대를 통한 경제력 확보 - 어르신들의 근무의욕 고취3.사업내용 : PC사용 가능자 모집4.부서배치 및 참여인원 : 데이터플랫폼 가공 10명5.운영계획 : 시니어인턴십 3개월 운영 후 신규고용6.직무교육 : - 오리엔테이션(1시간) : 직장 내 근무수칙, 직원소개 및 시설소개 - 직무교육(1시간) : 안전수칙교육 및 해당 업무 교육7.실시인원 : 인턴 10명8.모집연령대 : 60대9.모집직종 : AI데이터 가공10.근무지역 : 서울시 금천구11.자격사항 : PC사용가능자12.고용예정인원 : 인턴십 시행이수 계속고용 또는 신규고용 예정인원 10명 100% 계획",2022-12-31
서울특별시,강서구,세일전기공사,070-4801-5651,영업·판매 관리자 모집- 사업장명: 세일전기공사- 소재지: 서울시 구로구- 근무내용: 영업·판매 관리자- 근무조건: 1일 8시간(주 5일) 협의 가능- 급여: 면접시 협의(최저임금 이상 ,2022-12-31
서울특별시,관악구,건강즙사업단,02-874-9295,"관악시니어클럽에서는 2022년 노인일자리 및 사회활동지원사업 참여자를 다음과 같이 통합모집합니다.  * 참여대상: 만 60세이상 어르신 * 신청제외자: - 국민기초생활보장법에 의한 생계급여 수급자 (의료급여, 교육급여, 주거급여 수급자는 신청 가능)- 국민건강보험 직장가입자(취업알선형 제외)- 장기요양보험 등급 판정자 1~5등급, 인지지원등급- 정부부처 및 지자체에서 추진하는 일자리사업에 2개이상 참여하고 있는 자* 모집분야:   * 접수기간: 2021.12 .6(월) ~ 2020. 12. 17(금)  * 사업기간: 2022년 1월 1일~2022년 12월 31일  * 접수장소: 관악시니어클럽 4층 강당  * 제출서류: 주민등록등본 1부. 신분증  * 참여방법: 1차 서류접수/2차 면접(1차 서류통과자에 한하여 일정 추후 공지)  * 문의전화: 관악시니어클럽 (***-****-****~6)-",2022-12-31
서울특별시,구로구,GS편의점 운영 사업(드림마켓3),02-2066-7942,"1.근무시간 : 일 4시간 / 주 2회 / 월 32시간2.모집인원: 14명3.모집기간: 2022. 04. 25.(월) ~ 12.30.(금)4.인 건 비 : 노인 참여자 - 시간당 9,500원 / 월평균 304,000원(고용, 산재보험 가입)             일반인 참여자(야간) - 시간당 10,000원 / 390,000원(고용, 산재보험 가입)5.신청자격 : 만 60세 이상- 우대사항 : 편의점 및 매장 운영경험자 우대6.신청제외자 :- 국민기초생활보장법에 의한 생계급여 수급자(*국민기초생활 보장법에의한 의료급여/교육급여/주거급여 수급자는 참여가능*)- 정부부처 및 지자체에서 추진 중인 일자리사업 참여자- 국민건강보험 직장가입자- 장기요양보험 등급판정자(1~5등급)7.참여자선발 : 개별상담을 통해 ""참여자 선발기준표"" 기준 고득점자순으로 통합 선발8.준비서류 : 주민등록등본 1부, 신분증, 코로나예방접종확인 증빙자료, 관련자격증 1부(해당자에 한함)9.신청장소 : 구로시니어클럽(서울시 구로구 경인로 20가길 38, 3층), 온라인(복지로온라인신청-http://online.bokjiro.go.kr)",2022-12-31
서울특별시,금천구,(주)티더블유제이코퍼레이션,010-3385-2878,1.사업명 : (주)티더블유코퍼레이션2.사업목적 : - 소득 증대를 통한 경제력 확보3.사업내용 : 의류제조업4.부서배치 및 참여인원 : 기타 의복 제조원 10명5.운영계획 : 시니어인턴십 3개월 운영 후 계속고용6.직무교육 : - 직무교육(1시간) : 안전수칙교육 및 해당 업무 교육7.실시인원 : 인턴 10명8.모집연령대 : 60대9.모집직종 : 기타 의복 제조원10.근무지역 : 서울시 금천구11.자격사항 : 의류 봉제 유경험자12.고용예정인원 : 인턴십 시행이수 계속고용 또는 신규고용 예정인원 10명 100% 계획,2022-12-31
서울특별시,금천구,오즈산부인과,010-3876-5595,사업실행계획1.사업명 : 오즈산부인과2.사업목적 : - 어르신들이 경제 활동을 통한 우울증 감소 및 자신감 회복3.사업내용 : 보건업 산부인과4.부서배치 및 참여인원 : 간호사 3명 조리사 2명5.운영계획 : 시니어인턴십 3개월 운영 후 신규고용6.직무교육 : - 직무교육(1시간) : 안전수칙교육 및 해당 업무 교육7.실시인원 : 인턴 5명8.모집연령대 : 60대9.모집직종 :  간호사 3명 조리사 2명10.근무지역 : 경남 김해시11.자격사항 : 간호사 및 간호조무사12.고용예정인원 : 인턴십 시행이수 계속고용 또는 신규고용 예정인원 5명 100% 계획,2022-12-31
서울특별시,금천구,오즈 산후조리원,010-3876-5595,"사업실행계획1.사업명 : 오즈 산후조리원2.사업목적 : - 어르신들이 경제 활동을 통한 우울증 감소 및 자신감 회복3.사업내용 : 보건업4.부서배치 및 참여인원 : 간호사 5명5.운영계획 : 시니어인턴십 3개월 운영 후 신규고용6.직무교육 : - 직무교육(1시간) : 안전수칙교육 및 해당 업무 교육7.실시인원 : 인턴 5명8.모집연령대 : 60대9.모집직종 : 간호사 5명10.근무지역 : 경남 김해시11.자격사항 : 간호,보건업 관련12.고용예정인원 : 인턴십 시행이수 계속고용 또는 신규고용 예정인원 5명 100% 계획",2022-12-31
서울특별시,금천구,(주)아워홈명지병원일산점,070-4779-6968,"사업실행계획1.사업명 : 오즈 산후조리원2.사업목적 : - 어르신들이 경제 활동을 통한 우울증 감소 및 자신감 회복3.사업내용 : 보건업4.부서배치 및 참여인원 : 간호사 5명5.운영계획 : 시니어인턴십 3개월 운영 후 신규고용6.직무교육 : - 직무교육(1시간) : 안전수칙교육 및 해당 업무 교육7.실시인원 : 인턴 5명8.모집연령대 : 60대9.모집직종 : 간호사 5명10.근무지역 : 경남 김해시11.자격사항 : 간호,보건업 관련12.고용예정인원 : 인턴십 시행이수 계속고용 또는 신규고용 예정인원 5명 100% 계획",2022-12-31
서울특별시,금천구,세이브아쿠아,070-4349-5175,"사업실행계획1.사업명 : 오즈 산후조리원2.사업목적 : - 어르신들이 경제 활동을 통한 우울증 감소 및 자신감 회복3.사업내용 : 보건업4.부서배치 및 참여인원 : 간호사 5명5.운영계획 : 시니어인턴십 3개월 운영 후 신규고용6.직무교육 : - 직무교육(1시간) : 안전수칙교육 및 해당 업무 교육7.실시인원 : 인턴 5명8.모집연령대 : 60대9.모집직종 : 간호사 5명10.근무지역 : 경남 김해시11.자격사항 : 간호,보건업 관련12.고용예정인원 : 인턴십 시행이수 계속고용 또는 신규고용 예정인원 5명 100% 계획",2022-12-31
서울특별시,금천구,(주)동진기획 라이팅뉴스,070-4349-5175,"사업실행계획1.사업명 : 오즈 산후조리원2.사업목적 : - 어르신들이 경제 활동을 통한 우울증 감소 및 자신감 회복3.사업내용 : 보건업4.부서배치 및 참여인원 : 간호사 5명5.운영계획 : 시니어인턴십 3개월 운영 후 신규고용6.직무교육 : - 직무교육(1시간) : 안전수칙교육 및 해당 업무 교육7.실시인원 : 인턴 5명8.모집연령대 : 60대9.모집직종 : 간호사 5명10.근무지역 : 경남 김해시11.자격사항 : 간호,보건업 관련12.고용예정인원 : 인턴십 시행이수 계속고용 또는 신규고용 예정인원 5명 100% 계획",2022-12-31
서울특별시,금천구,주식회사 신성화투어,070-4349-5175,"사업실행계획1.사업명 : 오즈 산후조리원2.사업목적 : - 어르신들이 경제 활동을 통한 우울증 감소 및 자신감 회복3.사업내용 : 보건업4.부서배치 및 참여인원 : 간호사 5명5.운영계획 : 시니어인턴십 3개월 운영 후 신규고용6.직무교육 : - 직무교육(1시간) : 안전수칙교육 및 해당 업무 교육7.실시인원 : 인턴 5명8.모집연령대 : 60대9.모집직종 : 간호사 5명10.근무지역 : 경남 김해시11.자격사항 : 간호,보건업 관련12.고용예정인원 : 인턴십 시행이수 계속고용 또는 신규고용 예정인원 5명 100% 계획",2022-12-31
서울특별시,금천구,(주)성화투어,070-4349-5175,"사업실행계획1.사업명 : 오즈 산후조리원2.사업목적 : - 어르신들이 경제 활동을 통한 우울증 감소 및 자신감 회복3.사업내용 : 보건업4.부서배치 및 참여인원 : 간호사 5명5.운영계획 : 시니어인턴십 3개월 운영 후 신규고용6.직무교육 : - 직무교육(1시간) : 안전수칙교육 및 해당 업무 교육7.실시인원 : 인턴 5명8.모집연령대 : 60대9.모집직종 : 간호사 5명10.근무지역 : 경남 김해시11.자격사항 : 간호,보건업 관련12.고용예정인원 : 인턴십 시행이수 계속고용 또는 신규고용 예정인원 5명 100% 계획",2022-12-31
서울특별시,금천구,주식회사 에이치알엠,070-4349-5175,"사업실행계획1.사업명 : 오즈 산후조리원2.사업목적 : - 어르신들이 경제 활동을 통한 우울증 감소 및 자신감 회복3.사업내용 : 보건업4.부서배치 및 참여인원 : 간호사 5명5.운영계획 : 시니어인턴십 3개월 운영 후 신규고용6.직무교육 : - 직무교육(1시간) : 안전수칙교육 및 해당 업무 교육7.실시인원 : 인턴 5명8.모집연령대 : 60대9.모집직종 : 간호사 5명10.근무지역 : 경남 김해시11.자격사항 : 간호,보건업 관련12.고용예정인원 : 인턴십 시행이수 계속고용 또는 신규고용 예정인원 5명 100% 계획",2022-12-31
서울특별시,금천구,광세메디칼,070-4779-6968,"사업실행계획1.사업명 : 오즈 산후조리원2.사업목적 : - 어르신들이 경제 활동을 통한 우울증 감소 및 자신감 회복3.사업내용 : 보건업4.부서배치 및 참여인원 : 간호사 5명5.운영계획 : 시니어인턴십 3개월 운영 후 신규고용6.직무교육 : - 직무교육(1시간) : 안전수칙교육 및 해당 업무 교육7.실시인원 : 인턴 5명8.모집연령대 : 60대9.모집직종 : 간호사 5명10.근무지역 : 경남 김해시11.자격사항 : 간호,보건업 관련12.고용예정인원 : 인턴십 시행이수 계속고용 또는 신규고용 예정인원 5명 100% 계획",2022-12-31
서울특별시,금천구,(주)파이어넷,070-4349-5175,"사업실행계획1.사업명 : 오즈 산후조리원2.사업목적 : - 어르신들이 경제 활동을 통한 우울증 감소 및 자신감 회복3.사업내용 : 보건업4.부서배치 및 참여인원 : 간호사 5명5.운영계획 : 시니어인턴십 3개월 운영 후 신규고용6.직무교육 : - 직무교육(1시간) : 안전수칙교육 및 해당 업무 교육7.실시인원 : 인턴 5명8.모집연령대 : 60대9.모집직종 : 간호사 5명10.근무지역 : 경남 김해시11.자격사항 : 간호,보건업 관련12.고용예정인원 : 인턴십 시행이수 계속고용 또는 신규고용 예정인원 5명 100% 계획",2022-12-31
서울특별시,금천구,(주)굿포유시스템즈,070-4779-6968,"사업실행계획1.사업명 : 오즈 산후조리원2.사업목적 : - 어르신들이 경제 활동을 통한 우울증 감소 및 자신감 회복3.사업내용 : 보건업4.부서배치 및 참여인원 : 간호사 5명5.운영계획 : 시니어인턴십 3개월 운영 후 신규고용6.직무교육 : - 직무교육(1시간) : 안전수칙교육 및 해당 업무 교육7.실시인원 : 인턴 5명8.모집연령대 : 60대9.모집직종 : 간호사 5명10.근무지역 : 경남 김해시11.자격사항 : 간호,보건업 관련12.고용예정인원 : 인턴십 시행이수 계속고용 또는 신규고용 예정인원 5명 100% 계획",2022-12-31
서울특별시,금천구,에스에스모빌리티 주식회사,070-4779-6968,"사업실행계획1.사업명 : 오즈 산후조리원2.사업목적 : - 어르신들이 경제 활동을 통한 우울증 감소 및 자신감 회복3.사업내용 : 보건업4.부서배치 및 참여인원 : 간호사 5명5.운영계획 : 시니어인턴십 3개월 운영 후 신규고용6.직무교육 : - 직무교육(1시간) : 안전수칙교육 및 해당 업무 교육7.실시인원 : 인턴 5명8.모집연령대 : 60대9.모집직종 : 간호사 5명10.근무지역 : 경남 김해시11.자격사항 : 간호,보건업 관련12.고용예정인원 : 인턴십 시행이수 계속고용 또는 신규고용 예정인원 5명 100% 계획",2022-12-31
서울특별시,동대문구,아파트택배사업(띵동시니어2),02-6952-6925,1. 모집사업단: 아파트택배(띵동시니어2)     2. 활동내용 : 아파트 내 택배 분류 및 배송     3. 활동시간 : 주3회(도급계약)     4. 활 동 비 : 보조금 19만원,2022-12-30
서울특별시,마포구,북실북실,02-336-4499,"공익형사업1.활동시간 : 주 2~3회 / 월 30시간 활동2.활동내용 : 마포구도서관 책 배달3.활 동 비 : 월 27만원4.신청자격 : 만 65세 이상 기초연금수급자5.신청제외자 : - 국민기초생활보장법에 의한 생계급여 수급자 - 정부부처 및 지자체에서 추진 중인 일자리사업 참여자 - 국민건강보험 직장가입자 - 장기요양보험 등급판정자(1~5등급), 인지지원등급자6.참여자선발 : 개별상담을 통해 ""참여자 선발기준표"" 작성하여 고득점자순으로 통합 선발7.준비서류 : 주민등록등본 1부, 통장사본 1부, 백신접종증명서1부8.신청장소 : 마포시니어클럽 (서울시 마포구 동교로 8길 58)",2022-11-30
서울특별시,마포구,이엠드림,02-336-4499,"공익형사업1.활동시간 : 주 2~3회 / 월 30시간 활동2.활동내용 : 3.활 동 비 : 월 27만원4.신청자격 : 만 65세 이상 마포구 거주 기초연금수급자5.신청제외자 : - 국민기초생활보장법에 의한 생계급여 수급자 - 정부부처 및 지자체에서 추진 중인 일자리사업 참여자 - 국민건강보험 직장가입자 - 장기요양보험 등급판정자(1~5등급), 인지지원등급자6.참여자선발 : 개별상담을 통해 ""참여자 선발기준표"" 작성하여 고득점자순으로 통합 선발7.준비서류 : 주민등록등본 1부, 통장사본 1부, 예방접종확인서 1부8.신청장소 : 마포시니어클럽 (서울시 마포구 동교로 8길 58)",2022-11-30
서울특별시,마포구,해피메이커,02-336-4499,"공익형사업1.활동시간 : 주 2~3회 / 월 30시간 활동2.활동내용 : 어린이집 보조 교사3.활 동 비 : 월 27만원4.신청자격 : 만 65세 이상 마포구 거주 기초연금수급자5.신청제외자 : - 국민기초생활보장법에 의한 생계급여 수급자 - 정부부처 및 지자체에서 추진 중인 일자리사업 참여자 - 국민건강보험 직장가입자 - 장기요양보험 등급판정자(1~5등급), 인지지원등급자6.참여자선발 : 개별상담을 통해 ""참여자 선발기준표"" 작성하여 고득점자순으로 통합 선발7.준비서류 : 주민등록등본 1부, 통장사본 1부, 백신접종증명서 1부 8.신청장소 : 마포시니어클럽 (서울시 마포구 동교로 8길 58)",2022-11-30
서울특별시,마포구,우리보듬이,02-336-4499,"공익형사업1.활동시간 : 주 2~3회 / 월 30시간 활동2.활동내용 : 장애인 시설 보조활동3.활 동 비 : 월 27만원4.신청자격 : 만 65세 이상 마포구 거주 기초연금수급자5.신청제외자 : - 국민기초생활보장법에 의한 생계급여 수급자 - 정부부처 및 지자체에서 추진 중인 일자리사업 참여자 - 국민건강보험 직장가입자 - 장기요양보험 등급판정자(1~5등급), 인지지원등급자6.참여자선발 : 개별상담을 통해 ""참여자 선발기준표"" 작성하여 고득점자순으로 통합 선발7.준비서류 : 주민등록등본 1부, 통장사본 1부, 백신접종 증명서 1부8.신청장소 : 마포시니어클럽 (서울시 마포구 동교로 8길 58)",2022-11-30
서울특별시,마포구,도담지킴이,070-4441-4592,"1.활동시간 : 주 5회 / 월 30시간 활동2.활 동 비 : 월 27만원3.신청자격 : 만 65세 이상 마포구 거주 기초연금수급자4..신청제외자 : - 국민기초생활보장법에 의한 생계급여 수급자 - 정부부처 및 지자체에서 추진 중인 일자리사업 참여자 - 국민건강보험 직장가입자 - 장기요양보험 등급판정자(1~5등급), 인지지원등급자5.참여자선발 : 개별상담을 통해 ""참여자 선발기준표"" 작성하여 고득점자순으로 통합 선발6.준비서류 : 주민등록등본 1부, 통장사본 1부, 백신접종증명서 1부7.신청장소 : 마포시니어클럽 (서울시 마포구 동교로 8길 58)",2022-11-30
서울특별시,마포구,베테랑사업단,02-336-4499,"(사회서비스형) 베테랑사업단 일자리1.근무시간 :일 3시간/ 주 5회 / 월 60시간 이상 활동2.인건비 : 월 712,800원3.신청자격 : 만 65세 이상 사업 참여를 희망하는 마포구 거주자4.신청제외자 : - 국민기초생활보장법에 의한 생계급여 수급자 - 정부부처 및 지자체에서 추진 중인 일자리사업 참여자 - 국민건강보험 직장가입자 - 장기요양보험 등급판정자(1~5등급), 인지지원등급자5.참여자선발 : 개별상담을 통해 ""참여자 선발기준표"" 작성하여 고득점자순으로 통합 선발, 2차 수요처 면접 6.준비서류 : 주민등록등본 1부, 통장사본, 백신접종증명서 1부 7.신청장소 : 마포시니어클럽 (마포구 동교로 8길 58)",2022-11-30
서울특별시,마포구,노인일자리지원사업단,02-336-4499,"(사회서비스형) 1.근무시간 :일 3시간/ 주 5회 / 월 60시간 이상 활동(한달 만근)2.인건비 : 월 712,800원3.신청자격 : 만 65세 이상 사업 참여를 희망하는 마포구 거주자4.신청제외자 : - 국민기초생활보장법에 의한 생계급여 수급자 - 정부부처 및 지자체에서 추진 중인 일자리사업 참여자 - 국민건강보험 직장가입자 - 장기요양보험 등급판정자(1~5등급), 인지지원등급자5.참여자선발 : 개별상담을 통해 ""참여자 선발기준표"" 작성하여 고득점자순으로 통합 선발6.준비서류 : 주민등록등본 1부, 통장사본 1부, 백신접종증명서 1부.7.신청장소 : 마포시니어클럽 (마포구 동교로 8길 58)",2022-11-30
서울특별시,마포구,나눔지기,02-336-4499,"(사회서비스형) 나눔지기 일자리1.근무시간 :일 3시간/ 주 5회 / 월 60시간 이상 활동2.인건비 : 월 712,800원3.신청자격 : 만 65세 이상 사업 참여를 희망하는 마포구 거주자4.신청제외자 : - 국민기초생활보장법에 의한 생계급여 수급자 - 정부부처 및 지자체에서 추진 중인 일자리사업 참여자 - 국민건강보험 직장가입자 - 장기요양보험 등급판정자(1~5등급), 인지지원등급자5.참여자선발 : 개별상담을 통해 ""참여자 선발기준표"" 작성하여 고득점자순으로 통합 선발 , 2차 수요처 면접 6.준비서류 : 주민등록등본 1부, 통장사본 1부, 백신접종증명서 1부. 7.신청장소 : 마포시니어클럽 (마포구 동교로 8길 58)",2022-11-30
서울특별시,성동구,한국휴머노이드사업협동조합,02 6951 0546,"1.사업명 : 한국휴머노이드사업협동조합 시니어인턴십 사업운영 안내2.사업목적 : - 인적자원관리를 통한 기업 경쟁력 확보 - 노인일자리 활성화 및 신규 일자리창출 - 어르신들이 경제 활동을 통한 우울증 감소 및 자신감 회복 - 소득 증대를 통한 경제력 확보 - 어르신들의 근무의욕 고취3.사업내용 : IT운영 소프트웨어개발4.부서배치 및 참여인원 : IT운영, 소프트웨어개발 및 2명5.운영계획 : 시니어인턴십 3개월 운영 후 계속고용6.직무교육 : - 오리엔테이션(1시간) : 직장 내 근무수칙, 직원소개 및 시설소개 - 직무교육(1시간) : 안전수칙교육 및 해당 업무 교육7.실시인원 : 인턴 2명tl8.모집연령대 : 60대 이상9.모집직종 : IT운영 소프트웨어개발10.근무지역 : 서울11.자격사항 : 만60세이상 시니어12.고용예정인원 : 인턴십 시행이수 계속고용 또는 신규고용 예정인원 2명 100% 계획",2022-12-31
서울특별시,성동구,(주)염동운수,010 6393 9397,"1.사업명 : (주)염동운수 시니어인턴십 사업운영 안내2.사업목적 : - 인적자원관리를 통한 기업 경쟁력 확보 - 노인일자리 활성화 및 신규 일자리창출 - 어르신들이 경제 활동을 통한 우울증 감소 및 자신감 회복 - 소득 증대를 통한 경제력 확보 - 어르신들의 근무의욕 고취3.사업내용 : 버스 운전원4.부서배치 및 참여인원 :버스운전원 3명5.운영계획 : 시니어인턴십 3개월 운영 후 계속고용6.직무교육 : - 오리엔테이션(1시간) : 직장 내 근무수칙, 직원소개 및 시설소개 - 직무교육(1시간) : 안전수칙교육 및 해당 업무 교육7.실시인원 : 인턴 3명8.모집연령대 : 60대 이상9.모집직종 : 버스 운전원10.근무지역 : 서울11.자격사항 : 만60세이상 시니어12.고용예정인원 : 인턴십 시행이수 계속고용 또는 신규고용 예정인원 3명 100% 계획",2022-11-30
서울특별시,성동구,신촌택시(주),02 2291 2020,"1.사업명 : 신촌택시(주) 시니어인턴십 사업운영 안내2.사업목적 : - 인적자원관리를 통한 기업 경쟁력 확보 - 노인일자리 활성화 및 신규 일자리창출 - 어르신들이 경제 활동을 통한 우울증 감소 및 자신감 회복 - 소득 증대를 통한 경제력 확보 - 어르신들의 근무의욕 고취3.사업내용 : 택시 운전원4.부서배치 및 참여인원 :운전원 30명5.운영계획 : 시니어인턴십 3개월 운영 후 계속고용6.직무교육 : - 오리엔테이션(1시간) : 직장 내 근무수칙, 직원소개 및 시설소개 - 직무교육(1시간) : 안전수칙교육 및 해당 업무 교육7.실시인원 : 인턴 30명8.모집연령대 : 60대 이상9.모집직종 : 택시 운전원10.근무지역 : 서울11.자격사항 : 만60세이상 시니어12.고용예정인원 : 인턴십 시행이수 계속고용 또는 신규고용 예정인원 30명 100% 계획",2022-11-30
서울특별시,성북구,행복중심서울서남소비자생활협동조합방화매장,010-3192-8999,.,2022-12-31
서울특별시,성북구,누리안전,02-928-7159,.,2022-12-31
서울특별시,성북구,청명이엔씨,010-8504-9249,.,2022-11-30
서울특별시,양천구,의료법인 태인의료재단,041-851-7606,"** 요양병원에서 직원을 모집합니다. **1. 회사위치 : 충남 공주시2. 근무시각 : 09-18시3. 모집분야 : 간호사, 조무사, 조리원60대 성실한 시니어 환영합니다. ",2022-12-31
서울특별시,양천구,의료법인 기호의료재단 동해요양병원,070-7198-7244,"** 요양병원에서 직원을 모집합니다. **1. 회사위치 : 강원도 동해2. 모집직종 : 간호사, 간호조무사, 조리원3. 모집인원 : 각 5명60대 성실한 시니어 환영합니다. ",2022-11-30
서울특별시,양천구,유앤아이사회적협동조합,010-3957-8741,** 쇼핑백 임가공 사원 모집합니다. **1. 회사위치 : 경기도 연천군2. 모집인원 : 20명60대 성실한 시니어 환영합니다. ,2022-11-30
서울특별시,양천구,주식회사 푸른종합개발,010-7734-0099,** 개발회사에서 직원을 모집합니다. **1. 회사위치 : 강원도 원주2. 모집분야 : 인력관리3. 모집인원 : 5명성실한 60대 시니어 환영합니다. ,2022-11-30
서울특별시,양천구,모던기업(주),055-287-5723,** 시설관리자 모집합니다. **1. 회사위치 : 경남 창원시 성산구2. 모집인원 : 3명3. 모집분야 : 건설업체 시설관리60대 성실한 시니어 환영합니다. ,2022-11-30
서울특별시,영등포구,(주)조은지엠씨,02-2122-7552,"오락시설(골프장) 서비스요원 6명, 기타 서비스 단순 종사원 4명 시니어 모집",2022-12-31
서울특별시,영등포구,생활방역사업단,02-2068-5328,"

◆2022년 어르신일자리(공익형) 참여자 모집◆

  

1. 모집기간 : 21년 12월
6일(월)~12월 17일(금)

  

2. 참여대상 : 영등포구 거주, 만 65세 이상 기초연금수급자, 지역사회 내 활동
가능한 신체 건강한 자

(※대기자가 없을 경우 만60~64세 차상위계층도
참여가능)

  

3.
구비서류 : 주민등록등본 1부 및 기초연금수급확인서
1부(",2022-12-17
부산광역시,강서구,(주) 한국에프에이디,010-6776-6757,어망제조업 종사자 모집,2022-12-31
부산광역시,강서구,"K푸드&커피""만""(3호점)",051-973-1167,"Ⅰ. 신청자격 : 만 60세 이상Ⅱ. 사업기간 및 모집인원1. 사업기간 : 2022. 3월 ~ 12월2. 모집인원 : 20명(K-푸드&커피 ""만""3호점)Ⅲ. 제출서류1. 노인 일자리 시장형 참여신청서 1부2. 주민등록등본 추가 제출3. 통장사본 추가 제출Ⅳ. 신청서류 교부 및 접수처1 장소 : 강서시니어클럽 사무실2.. 접수기간 : 2021. 03. 01 ~ 12. 31※ 신청서 접수는 (09:00～18:00)으로 함Ⅴ. 선정결과 발표발표방법 :개별통지",2022-12-31
부산광역시,강서구,농업회사법인 주식회사 정일품,070-4895-5121,화훼류 및 식물관리,2022-12-31
부산광역시,강서구,(주) 코메탈,010-4546-1927,제조 관련 단순 종사자 모집 (주조원),2022-12-31
부산광역시,강서구,수직정원사업,051-973-1167,Ⅰ. 신청자격 : 만 60세 이상Ⅱ. 사업기간 및 모집인원1. 사업기간 : 2022. 1월 ~ 12월2. 모집인원 : 10명(청정 다시팩)Ⅲ. 제출서류1. 노인 일자리 시장형 참여신청서 1부2. 주민등록등본 추가 제출3. 통장사본 추가 제출Ⅳ. 신청서류 교부 및 접수처1 장소 : 강서시니어클럽 사무실2.. 접수기간 : 2021. 12. 01 ~ 12. 31(31일간)※ 신청서 접수는 (09:00～18:00)으로 함Ⅴ. 선정결과 발표발표방법 :개별통지,2022-12-31
부산광역시,강서구,공동작업장운영사업(2),051-973-1167,Ⅰ. 신청자격 : 만 60세 이상Ⅱ. 사업기간 및 모집인원1. 사업기간 : 2022. 1월 ~ 12월2. 모집인원 : 34명Ⅲ. 제출서류1. 노인 일자리 시장형 참여신청서 1부2. 주민등록등본 추가 제출3. 통장사본 추가 제출Ⅳ. 신청서류 교부 및 접수처1 장소 : 강서시니어클럽 사무실2.. 접수기간 : 2021. 12. 01 ~ 12. 31(31일간)※ 신청서 접수는 (09:00～18:00)으로 함Ⅴ. 선정결과 발표발표방법 :개별통지,2022-12-31
부산광역시,강서구,공동작업장운영사업(1),051-973-1167,Ⅰ. 신청자격 : 만 60세 이상Ⅱ. 사업기간 및 모집인원1. 사업기간 : 2022. 1월 ~ 12월2. 모집인원 : 25명Ⅲ. 제출서류1. 노인 일자리 시장형 참여신청서 1부2. 주민등록등본 추가 제출3. 통장사본 추가 제출Ⅳ. 신청서류 교부 및 접수처1 장소 : 강서시니어클럽 사무실2.. 접수기간 : 2021. 12. 01 ~ 12. 31(31일간)※ 신청서 접수는 (09:00～18:00)으로 함Ⅴ. 선정결과 발표발표방법 :개별통지,2022-12-31
부산광역시,강서구,KS홈푸드,051-973-1167,KS 홈푸드    Ⅰ. 신청자격 : 만 60세 이상Ⅱ. 사업기간 및 모집인원1. 사업기간 : 2022. 1월 ~ 12월2. 모집인원 : 30명Ⅲ. 제출서류1. 노인 일자리 시장형 참여신청서 1부2. 주민등록등본 추가 제출3. 통장사본 추가 제출Ⅳ. 신청서류 교부 및 접수처1 장소 : 강서시니어클럽 사무실2.. 접수기간 : 2021. 12. 01 ~ 12. 31(31일간)※ 신청서 접수는 (09:00～18:00)으로 함Ⅴ. 선정결과 발표,2022-12-31
부산광역시,강서구,구포국수 렛츠런파크점,051-973-1167,Ⅰ. 신청자격 : 만 60세 이상Ⅱ. 사업기간 및 모집인원1. 사업기간 : 2022. 6월 ~ 12월2. 모집인원 : 16명(구포국수 렛츠런파크점)Ⅲ. 제출서류1. 노인 일자리 시장형 참여신청서 1부2. 주민등록등본 추가 제출3. 통장사본 추가 제출4. 보건증5. 백신접종확인서Ⅳ. 신청서류 교부 및 접수처1. 장소 : 강서시니어클럽 사무실2. 접수기간 : 2022. 06. 21 ~ 07. 21(30일간)※ 신청서 접수는 (09:00～18:00)으로 함Ⅴ. 선정결과 발표발표방법 :개별통지,2022-12-30
부산광역시,강서구,"K-푸드&커피 ""만""(2호점)",051-973-1167,".Ⅰ. 신청자격 : 만 60세 이상Ⅱ. 사업기간 및 모집인원1. 사업기간 : 2022. 1월 ~ 12월2. 모집인원 : 22명(K-푸드&커피 ""만""2호점)Ⅲ. 제출서류1. 노인 일자리 시장형 참여신청서 1부2. 주민등록등본 추가 제출3. 통장사본 추가 제출Ⅳ. 신청서류 교부 및 접수처1 장소 : 강서시니어클럽 사무실2.. 접수기간 : 2021. 12. 01 ~ 12. 31(31일간)※ 신청서 접수는 (09:00～18:00)으로 함Ⅴ. 선정결과 발표발표방법 :개별통지",2022-12-13
부산광역시,기장군,다이나믹6070택배사업,051-722-2170,"- 택배배송원근무시간 : 일 2시간 / 13:00 ~ 15:00 배송물량에 따라 탄력적 근무근무일자 : 월 ~ 토 / 주6일급     여 : 배송건당 400원(월 평균 40~60만원)근무위치 : 해운대구 재송동(아파트 3곳)- 상품인수원근무시간 : 3.5시간 / 07:00 ~ 10:30 - 10:30 ~ 14:00출근일자 : 주3일 출근 / 월,수,금 - 화,목,토 / 월 평균 12일, 13일 출근급     여 : 정해진 근무일수 만근 시 급여 50만원근무위치 : 동구 성남로 27 (CJ대한통운 부산진 터미널 내 대리점)* 만 60세 이상 신체건강하고 시력이 좋으신분 *",2022-11-30
부산광역시,남구,(주)부경버스,051-710-8738,"(주부경버스* 소재지 : 사상구* 경력직 모집* 모집직종 : 버스운전원* 지원 문의는 해당 문의처로 연락부탁드립니다.(***-****-****)운전경력은 화물차 5t 이상 1년 또는 마을버스 5개월 이상 보고 있습니다.필요서류 : 이력서, 무사고확인증, 운전정밀검사판정표수시채용 합니다* 고령자 우대",2022-12-31
부산광역시,남구,공원생활안전수칙계도사업,051-622-7267,,2022-11-30
부산광역시,남구,노인시설서비스사업단,051-622-7267,,2022-11-30
부산광역시,동래구,백세재활주간보호센터,010-4122-9996,-,2022-12-31
부산광역시,동래구,백세재활주간보호센터,010-4122-9996,"***수직정원 관리지원  활동 참여자 모집***1. 활동시간 : 주2~3회/ 월 30시간 활동2. 활 동 비  : 월 27만원3. 신청자격 : 만65세 이상 기초연금 수급자4. 신청제외자: - 국민기초 생활보장법에 의한 생계급여 수급자- 국민건강보험 직장가입자- 장기요양보험 등급판정자(1~5등급)- 정부부처 및 지자체에서 추진 중인 일자리사업 참여자5. 참여자선발: 개별상담을 통해 "" 참여자 선발 기준표""를 작성하여 고득점자순으로 통합 선발6. 준비서류, 신분증, 주민등록등본 1부(3개월이내, 코로나19 예방접종 증명서 1부). 관련자격증7. 신청장소 : 대한노인회 동래구지회 2층 대강당 , 온라인(복지로 온라인 신청- http://online.bokjiro.go.kr)",2022-12-31
부산광역시,사하구,부산고속물류,010-8813-1868,부산고속물류모집연령대 : 60대모집인원 : 10명근무기간: 채용일~22.12.31모집직종 : 물류사무직근무지역 : 부산시자격사항 : 무관,2022-12-31
부산광역시,사하구,의료법인호산나의료재단현대요양병원,010-8813-1868,의료법인호산나의료재단현대요양병원모집연령대 : 60대모집인원 : 10명근무기간: 채용시~22.12.31모집직종 : 조리원근무지역 : 부산시 자격사항 : 무관,2022-12-31
부산광역시,서구,(주) 한국에프에이디,010-6776-6757,어망제조업 종사자 모집,2022-12-31
부산광역시,서구,"K푸드&커피""만""(3호점)",051-973-1167,"Ⅰ. 신청자격 : 만 60세 이상Ⅱ. 사업기간 및 모집인원1. 사업기간 : 2022. 3월 ~ 12월2. 모집인원 : 20명(K-푸드&커피 ""만""3호점)Ⅲ. 제출서류1. 노인 일자리 시장형 참여신청서 1부2. 주민등록등본 추가 제출3. 통장사본 추가 제출Ⅳ. 신청서류 교부 및 접수처1 장소 : 강서시니어클럽 사무실2.. 접수기간 : 2021. 03. 01 ~ 12. 31※ 신청서 접수는 (09:00～18:00)으로 함Ⅴ. 선정결과 발표발표방법 :개별통지",2022-12-31
부산광역시,서구,농업회사법인 주식회사 정일품,070-4895-5121,화훼류 및 식물관리,2022-12-31
부산광역시,서구,(주) 코메탈,010-4546-1927,제조 관련 단순 종사자 모집 (주조원),2022-12-31
부산광역시,서구,공동작업장운영사업(2),051-973-1167,Ⅰ. 신청자격 : 만 60세 이상Ⅱ. 사업기간 및 모집인원1. 사업기간 : 2022. 1월 ~ 12월2. 모집인원 : 34명Ⅲ. 제출서류1. 노인 일자리 시장형 참여신청서 1부2. 주민등록등본 추가 제출3. 통장사본 추가 제출Ⅳ. 신청서류 교부 및 접수처1 장소 : 강서시니어클럽 사무실2.. 접수기간 : 2021. 12. 01 ~ 12. 31(31일간)※ 신청서 접수는 (09:00～18:00)으로 함Ⅴ. 선정결과 발표발표방법 :개별통지,2022-12-31
부산광역시,서구,수직정원사업,051-973-1167,Ⅰ. 신청자격 : 만 60세 이상Ⅱ. 사업기간 및 모집인원1. 사업기간 : 2022. 1월 ~ 12월2. 모집인원 : 10명(청정 다시팩)Ⅲ. 제출서류1. 노인 일자리 시장형 참여신청서 1부2. 주민등록등본 추가 제출3. 통장사본 추가 제출Ⅳ. 신청서류 교부 및 접수처1 장소 : 강서시니어클럽 사무실2.. 접수기간 : 2021. 12. 01 ~ 12. 31(31일간)※ 신청서 접수는 (09:00～18:00)으로 함Ⅴ. 선정결과 발표발표방법 :개별통지,2022-12-31
부산광역시,서구,KS홈푸드,051-973-1167,KS 홈푸드    Ⅰ. 신청자격 : 만 60세 이상Ⅱ. 사업기간 및 모집인원1. 사업기간 : 2022. 1월 ~ 12월2. 모집인원 : 30명Ⅲ. 제출서류1. 노인 일자리 시장형 참여신청서 1부2. 주민등록등본 추가 제출3. 통장사본 추가 제출Ⅳ. 신청서류 교부 및 접수처1 장소 : 강서시니어클럽 사무실2.. 접수기간 : 2021. 12. 01 ~ 12. 31(31일간)※ 신청서 접수는 (09:00～18:00)으로 함Ⅴ. 선정결과 발표,2022-12-31
부산광역시,서구,공동작업장운영사업(1),051-973-1167,Ⅰ. 신청자격 : 만 60세 이상Ⅱ. 사업기간 및 모집인원1. 사업기간 : 2022. 1월 ~ 12월2. 모집인원 : 25명Ⅲ. 제출서류1. 노인 일자리 시장형 참여신청서 1부2. 주민등록등본 추가 제출3. 통장사본 추가 제출Ⅳ. 신청서류 교부 및 접수처1 장소 : 강서시니어클럽 사무실2.. 접수기간 : 2021. 12. 01 ~ 12. 31(31일간)※ 신청서 접수는 (09:00～18:00)으로 함Ⅴ. 선정결과 발표발표방법 :개별통지,2022-12-31
부산광역시,서구,구포국수 렛츠런파크점,051-973-1167,Ⅰ. 신청자격 : 만 60세 이상Ⅱ. 사업기간 및 모집인원1. 사업기간 : 2022. 6월 ~ 12월2. 모집인원 : 16명(구포국수 렛츠런파크점)Ⅲ. 제출서류1. 노인 일자리 시장형 참여신청서 1부2. 주민등록등본 추가 제출3. 통장사본 추가 제출4. 보건증5. 백신접종확인서Ⅳ. 신청서류 교부 및 접수처1. 장소 : 강서시니어클럽 사무실2. 접수기간 : 2022. 06. 21 ~ 07. 21(30일간)※ 신청서 접수는 (09:00～18:00)으로 함Ⅴ. 선정결과 발표발표방법 :개별통지,2022-12-30
부산광역시,서구,"K-푸드&커피 ""만""(2호점)",051-973-1167,".Ⅰ. 신청자격 : 만 60세 이상Ⅱ. 사업기간 및 모집인원1. 사업기간 : 2022. 1월 ~ 12월2. 모집인원 : 22명(K-푸드&커피 ""만""2호점)Ⅲ. 제출서류1. 노인 일자리 시장형 참여신청서 1부2. 주민등록등본 추가 제출3. 통장사본 추가 제출Ⅳ. 신청서류 교부 및 접수처1 장소 : 강서시니어클럽 사무실2.. 접수기간 : 2021. 12. 01 ~ 12. 31(31일간)※ 신청서 접수는 (09:00～18:00)으로 함Ⅴ. 선정결과 발표발표방법 :개별통지",2022-12-13
부산광역시,연제구,감로수요양병원,010 4026 6677,"모집직종 : 의사, 간호사, 간호조무사, 방사선사, 물리치료사. 행정직원, 약사, 조리사, 조리원, 영양사, 시설안전모집인원 : 총 10명근무지역 : 부산근무시간 : 09:00 ~ 18:00 (시간변동)",2022-12-31
부산광역시,영도구,영도할매요리조리사업단,051-413-7272,"★ 영도할매요리조리사업단 참여자 모집 ★1. 활동시간: 주 3~5회2. 활동비: 시급 9,160원 이상3. 신청자격: 만 60세 이상4. 신청제외자:- 국민기초생활보장법에 의한 생계급여수급자 (의료급여, 교육급여, 주거급여 수급자는 참여가능)- 정부부처 및 지자체에서 추진 중인 일자리사업 참여자- 국민건강보험 직장가입자- 장기요양보험 등급판정자(1~5등급)5. 준비서류: 주민등록등본 1부, 인지지원등급6. 신청장소: 영도시니어클럽",2022-12-31
부산광역시,영도구,영도할매방아깨비사업단,051-413-7272,"*영도할매방아깨비사업단 참여자 모집*     1.활동시간 : 주 3회 / 월 40시간 내외 2.활 동 비 : 시급 10,000원 3.신청자격 ",2022-12-31
부산광역시,영도구,영도할매싱싱가게사업단,051-413-7272,"★ 영도할매싱싱가게사업단 참여자 모집 ★1. 활동시간 : 주 3~5회2. 활 동 비 : 시급 9,200원3. 신청자격: 만 60세 이상4. 신청제외자",2022-12-31
부산광역시,영도구,영도할매주차장관리사업단,051-413-7272,"★ 영도할매주차장관리사업단 참여자 모집 ★1. 활동시간 : 주 3~4회2. 활동비 : 시급 9,200원 이상3. 신청자격 : 만 60세 이상4. 신청제외자 : -국민기초생활보장법에 의한 생계급여 수급자  (의료급여, 주거급여, 교육급여 수급자 참여가능)-정부부처 및 지자체에서 추진 중인 일자리 사업 참여자-국민건강보험 직장가입자-장기요양보험 등급판정자(1~5등급), 인지지원등급5. 준비서류 : 주민등록등본 1부6. 신청장소 : 영도시니어클럽7. 모집기간 : 2021.11.29~2022.12.318. 신청방법 : 사무실 내방",2022-12-31
부산광역시,영도구,영도할매금비사업단,051-413-7272,"※영도할매금비사업단※1. 활동시간 : 월 59시간 이하2. 활 동 비 : 시급 9,160원 이상3. 신청자격 : 만 ",2022-12-31
부산광역시,영도구,영도할매어울림사업단,051-413-7272,"※영도할매어울림사업단※     1. 활동시간 : 주2~3회 (월 59시간 이하)2. 활 동 비 : 시급 9,160",2022-12-30
부산광역시,중구,행복드림 청소사업단,051-951-2808,"부산중구시니어클럽 행복드림 청소사업단 참여자 모집           1.활동시간 : 주3회(일3시간) / 월 36시간 활동     2.활 동 비 : 36시간 이상 근무시 360,000원 이상 / 활동운영에 따라 탄력적으로 변경가능     3.신청자격 ",2022-12-31
부산광역시,중구,행복드림 학교환경안전지킴이,051-951-2805,"공익형 사업1.활동시간 : 주3-5회(일3시간) 2.급 여 : 월 27만원3.신청자격 : 만 65세 이상, 기초연금수급자4.신청제외자 :- 국민기초생활보장법에 의한 생계급여 수급자(의료급여,교육급여,주거급여 수급자는 참여가능)- 정부부처 및 지자체에서 추진 중인 일자리사업 참여자- 국민건강보험 직장가입자- 장기요양보험 등급판정자(1~5등급), 인지지원등급- 기초연금을 받고 있지 않은 자5.참여자선발 : 개별상담을 통해 ""참여자 선발기준표"" 작성하여 고득점자순으로 통합 선발6.준비서류 : 주민등록등본 1부, 건강보험자격득실 확인서 1부, 관련자격증 사본(또는 관련 이력서),코로나19 예방접종증명서7.신청장소: 부산중구시니어클럽",2022-12-31
부산광역시,중구,건강북카페,051-951-2800,"건강북카페 모집 안내        1.활동시간 : (월 10~13회활동 / 주 2-3일 / 일 3시간)      2.활 동 비 : 시급 9,160원     ",2022-12-31
부산광역시,중구,보수마루북카페,051-951-2800,"보수마루북카페 모집 안내        1.활동시간 : (월 10~13회활동 / 주 2-3일 / 일 3시간)      2.활 동 비 : 시급 9,160원     </",2022-12-30
부산광역시,중구,행복드림 중앙공원환경지킴이,051-951-2812,"공익형 사업     1.활동시간 : 주 3회(일3시간)2.급 여 : 월 27만원3.신청자격 : 만 65세 이상, 기초연금수급자4.신청제외자 ",2022-11-30
부산광역시,중구,행복드림 스쿨존교통지원,051-951-2805,"공익형 사업1.활동시간 : 주5회(일1.5시간) 2.급 여 : 월 27만원3.신청자격 : 만 65세 이상, 기초연금수급자4.신청제외자 :- 국민기초생활보장법에 의한 생계급여 수급자(의료급여,교육급여,주거급여 수급자는 참여가능)- 정부부처 및 지자체에서 추진 중인 일자리사업 참여자- 국민건강보험 직장가입자- 장기요양보험 등급판정자(1~5등급), 인지지원등급- 기초연금을 받고 있지 않은 자5.참여자선발 : 개별상담을 통해 ""참여자 선발기준표"" 작성하여 고득점자순으로 통합 선발6.준비서류 : 주민등록등본 1부, 건강보험자격득실 확인서 1부, 관련자격증 사본(또는 관련 이력서),코로나19 예방접종증명서7.신청장소: 부산중구시니어클럽8.기타사항 : http://www.bjsc.co.kr",2022-11-30
부산광역시,중구,행복드림 주차도우미,051-951-2801,"공익형 사업1.활동시간 : 주 3회(일3시간) 2.급 여 : 월 27만원3.신청자격 : 만 65세 이상, 기초연금 수급자4.신청제외자 : - 국민기초생활보장법에 의한 생계급여 수급자 - 정부부처 및 지자체에서 추진 중인 일자리사업 참여자 - 국민건강보험 직장가입자 - 장기요양보험 등급판정자(1~5등급), 인지지원등급 - 기초연금을 받고 있지 않은 자5.참여자선발 : 개별상담을 통해 ""참여자 선발기준표"" 작성하여 고득점자순으로 통합 선발6.준비서류 : 주민등록등본 1부, 건강보험자격득실 확인서 1부, 관련자격증 사본(또는 관련 이력서)7.신청장소 : 부산중구시니어클럽",2022-11-30
부산광역시,중구,행복드림 민주공원환경지킴이,051-951-2811,"공익형 사업     1.활동시간 : 주 3회(일3시간)2.급 여 : 월 27만원3.신청자격 : 만 65세 이상, 기초연금수급자 ",2022-11-30
부산광역시,중구,행복드림 게시판환경관리,051-951-2805,"공익형 사업1.활동시간 : 주2-3회(일3시간) 2.급 여 : 월 27만원3.신청자격 : 만 65세 이상, 기초연금수급자4.신청제외자 :- 국민기초생활보장법에 의한 생계급여 수급자(의료급여,교육급여,주거급여 수급자는 참여가능)- 정부부처 및 지자체에서 추진 중인 일자리사업 참여자- 국민건강보험 직장가입자- 장기요양보험 등급판정자(1~5등급), 인지지원등급- 기초연금을 받고 있지 않은 자5.참여자선발 : 개별상담을 통해 ""참여자 선발기준표"" 작성하여 고득점자순으로 통합 선발6.준비서류 : 주민등록등본 1부, 건강보험자격득실 확인서 1부, 관련자격증 사본(또는 관련 이력서),코로나19 예방접종증명서7.신청장소: 부산중구시니어클럽",2022-11-30
부산광역시,중구,행복드림 체육공원관리,051-951-2801,"공익형 사업1.활동시간 : 주 3회(일3시간) 2.급 여 : 월 27만원3.신청자격 : 만 65세 이상, 기초연금 수급자4.신청제외자 : - 국민기초생활보장법에 의한 생계급여 수급자 - 정부부처 및 지자체에서 추진 중인 일자리사업 참여자 - 국민건강보험 직장가입자 - 장기요양보험 등급판정자(1~5등급), 인지지원등급 - 기초연금을 받고 있지 않은 자5.참여자선발 : 개별상담을 통해 ""참여자 선발기준표"" 작성하여 고득점자순으로 통합 선발6.준비서류 : 주민등록등본 1부, 건강보험자격득실 확인서 1부, 관련자격증 사본(또는 관련 이력서)7.신청장소 : 부산중구시니어클럽",2022-11-30
부산광역시,중구,행복드림 공공시설물관리,051-951-2814,"공익형사업1.활동시간 : 주3회 / 월 30시간 활동2.활 동 비 : 월 27만원3.신청자격 : 만 65세 이상 기초연금수급자, 유아 대상 강의가능자(자격증 소지자, 경력자)4.신청제외자 : - 국민기초생활보장법에 의한 생계급여·의료급여 수급자   (국가유공자, 북한이탈주민 등의 사유로 인한 의료급여 1종은 참여가능) - 정부부처 및 지자체에서 추진 중인 일자리사업 참여자 - 국민건강보험 직장가입자 - 장기요양보험 등급판정자(1~5등급)5.참여자선발 : 개별상담을 통해 ""참여자 선발기준표"" 작성하여 고득점자순으로 통합 선발6.준비서류 : 주민등록등본 1부,코로나19예방접종확인서, 건강보험자격득실 확인서 1부, 관련자격증 사본(또는 관련 이력서)7.신청장소 : 중구시니어클럽",2022-11-30
부산광역시,중구,행복드림 용두산공원환경지킴이,051-951-2811,"공익형 사업     1.활동시간 : 주 3회(일3시간)2.급 여 : 월 27만원 3.신청자격 : 만 65세 이상, 기초",2022-11-30
부산광역시,중구,행복드림 거리광고물관리,051-951-2808,공익형사업     1.활동시간 : 주 3회(일3시간) / 월 30시간 활동2.활 동 비 : 월 27만원3.신청자격 : 만 65세 이상(기초연금 수급자,2022-11-30
부산광역시,중구,행복드림 생활방역홍보,051-951-2814,공익형 사업   1.활동시간 : 주 3회(일3시간)   2.급 여 : 월 27만원   3.신청자격 : 만 65세 이상(기초연금수급자)   ,2022-11-30
부산광역시,중구,행복드림 주거지전용주차장계도봉사,051-951-2801,"공익형 사업1.활동시간 : 주 3회(일3시간) 2.급 여 : 월 27만원3.신청자격 : 만 65세 이상, 기초연금 수급자4.신청제외자 : - 국민기초생활보장법에 의한 생계급여 수급자 - 정부부처 및 지자체에서 추진 중인 일자리사업 참여자 - 국민건강보험 직장가입자 - 장기요양보험 등급판정자(1~5등급), 인지지원등급 - 기초연금을 받고 있지 않은 자5.참여자선발 : 개별상담을 통해 ""참여자 선발기준표"" 작성하여 고득점자순으로 통합 선발6.준비서류 : 주민등록등본 1부, 건강보험자격득실 확인서 1부, 관련자격증 사본(또는 관련 이력서)7.신청장소 : 부산중구시니어클럽",2022-11-30
부산광역시,중구,행복드림 학교급식도우미,051-951-2805,"공익형 사업1.활동시간 : 주2-5회(일3시간) 2.급 여 : 월 27만원3.신청자격 : 만 65세 이상, 기초연금수급자4.신청제외자 :- 국민기초생활보장법에 의한 생계급여 수급자(의료급여,교육급여,주거급여 수급자는 참여가능)- 정부부처 및 지자체에서 추진 중인 일자리사업 참여자- 국민건강보험 직장가입자- 장기요양보험 등급판정자(1~5등급), 인지지원등급- 기초연금을 받고 있지 않은 자5.참여자선발 : 개별상담을 통해 ""참여자 선발기준표"" 작성하여 고득점자순으로 통합 선발6.준비서류 : 주민등록등본 1부, 건강보험자격득실 확인서 1부, 관련자격증 사본(또는 관련 이력서),코로나19 예방접종증명서7.신청장소: 부산중구시니어클럽8.기타사항 : http://www.bjsc.co.kr",2022-11-30
부산광역시,중구,행복드림 시니어 교통안전,051-951-2814,"공익형 사업  1.활동시간 : 주 3회(일3시간)2.급 여 : 월 27만원3.신청자격 : 만 65세 이상, 기초연금수급자4.",2022-11-30
부산광역시,중구,행복드림 실버택배,051-951-2802,"행복드림 실버택배 모집 안내                  1.활동시간 : 주 4-6일(일 2-3시간)      2.활 동 비 : 월 50만원이상 / 시급(9,160원 이상)     3.신청자격 : 만 60세 이상     4.신청제외자 :      - 국민기초생활보장법에 의한 생계급여 수급자   ",2022-11-30
부산광역시,중구,행복드림 수작업장,051-951-2804,"시장형사업 행복드림 수작업장 참여자 모집          1.활동시간 : 주 3회(일3시간) / 월 30시간 활동     2.활 동 비 : 월274,800원 / 시급(9,160원 이상)     3.신청자격 : 만 60세 이상     4.신청제외자 :     - 국민기초생활보장법에 의한 ",2022-11-30
부산광역시,해운대구,(주)청정한씨푸드,051-605-6401,○ 부산광역시 해운대구 (주)청정한씨푸드 창고관리 및 납품배송원 채용     - 근무시작일 : 즉시채용     ,2022-12-31
부산광역시,해운대구,그레이트푸드 주식회사,051-605-6401,"○ 부산광역시 해운대구 그레이트푸드 주식회사 생산원 채용- 근무시작일 : 즉시채용- 근무시간 : 08:00~18:00- 급여수준 : 월 220만원- 자격사항 : 없음- 우대사항 : 인근거주자, 장기근속 가능자",2022-12-31
부산광역시,해운대구,(주)하나클럽,051-714-2480,1.부서배치 및 참여인원 : 운송직 5명2.직무교육 : 신입사원 안전교육 및 해당 업무 교육(2시간)3.실시인원 : 인턴 5명4.모집연령대 : 만 60세 이상5.모집직종 : 운송직,2022-12-31
부산광역시,해운대구,쉼표카페사업,051-784-9141,"[2022년 쉼표카페사업 참여자 모집안내]1. 참여대상 : 만 60세이상 어르신2. 근무내용 : 음료 및 간식 판매 등 카페운영3. 근무조건 : 주 3일 / 일 4시간 / 시급 9,160원4. 신청제외자-국민기초생활보장법에 의한 생계급여 수급자-정부부처 및 지자체에서 추진하는 일자리사업에 2개 이상 참여하고 있는 자-국민건강보험 직장가입자-장기요양보험 등급 판정자 1~5등급, 인지지원등급5. 참여자 선발: ""참여자 선발기준표""에 의해 고득점자순으로 통합 선발6. 준비서류: 주민등록등본 1부7. 문의전화: 부산해운대시니어클럽(***-****-****)",2022-12-31
부산광역시,해운대구,다이나믹6070택배2호사업,051-784-9141,"[2022년 다이나믹6070택배2호사업 참여자 모집안내]1. 참여자격 : 만 60세 이상 2. 근무내용 : 해운대구 아파트 단지 내 택배배송 및 반품활동3. 근무조건 : 주 3일 / 일 4시간4. 인건비: 월 평균 50~60만원5. 신청제외자-국민기초생활보장법에 의한 생계급여 수급자-정부부처 및 지자체에서 추진하는 일자리사업에 2개 이상 참여하고 있는 자 (* 노인일자리 및 사회활동 지원사업 내 중복참여 불가)-국민건강보험 직장가입자-장기요양보험 등급 판정자 1~5등급, 인지지원등급6. 준비서류: 주민등록등본 1부7. 문의전화: 부산해운대시니어클럽(051-784-914)",2022-12-31
부산광역시,해운대구,다이나믹6070택배1호사업,051-784-9141,"[2022년 다이나믹6070택배1호사업 참여자 모집안내]1. 참여자격 : 만 60세 이상 2. 근무내용 : 택배 물량 분류 및 정리 작업3. 근무조건 : 주 3일 / 일 1~4시간4. 인건비: 월 평균 50~60만원5. 신청제외자-국민기초생활보장법에 의한 생계급여 수급자-정부부처 및 지자체에서 추진하는 일자리사업에 2개 이상 참여하고 있는 자 (* 노인일자리 및 사회활동 지원사업 내 중복참여 불가)-국민건강보험 직장가입자-장기요양보험 등급 판정자 1~5등급, 인지지원등급6. 준비서류: 주민등록등본 1부7. 문의전화: 부산해운대시니어클럽(051-784-914)",2022-12-31
부산광역시,해운대구,교육청학교지원사업,051-784-9141,"1. 근무조건 : 1일 7시간, 주2~3일, 월 6~8회2. 보수수준 : 시급 10,000원 + 보조금3. 근무내용 : 해운대구'기장군'수영구 국공립학교 수목전정, 배수로 정비 등 학교 소규모 수선지원 4.신청자격 : 만 60세 이상 신체 건강한 어르신5. 신청제외자  - 국민기초생활보장법에 의한 생계급여·의료급여 수급자   (국가유공자, 북한이탈주민 등의 사유로 인한 의료급여 1종은 참여가능) - 정부부처 및 지자체에서 추진 중인 일자리사업 참여자 - 국민건강보험 직장가입자 - 장기요양보험 등급판정자(1~5등급), 인지지원등급6. 참여자선발 : 개별상담을 통해 ""참여자 선발기준표"" 작성하여 고득점자순으로 통합 선발7. 준비서류 : 주민등록등본 1부, 관련자격증 사본(해당자에 한함)8. 신청방법 및 장소: 직접방문, 부산해운대시니어클럽",2022-12-31
부산광역시,해운대구,공동작업장사업,051-784-9141,"<공동작업장사업 참여자 모집>1. 활동시간: 1일 평균 2~3시간, 월 10~16회2. 임금수준: 수익금(도급량) + 보조금 200,000원3. 근무내용: 각종 전자제품 및 자동차 부품 조립, 군복 잔사제거, 밴드 포장 등 공동작업4. 신청자격: 만 60세 이상 사업 참여 적합한 어르신5. 신청제외자-국민기초생활보장법에 의한 생계급여 수급자-타 노인일자리 참여자-국민건강보험 직장 가입자-장기요양보험 등급판정자(1~5급)6. 준비서류: 주민등록등본 1부7. 접수처: 부산해운대시니어클럽(***-****-****)",2022-12-31
부산광역시,해운대구,The반디사업,051-784-9141,"[2022년 The반디사업 참여자 모집안내]1. 참여대상 : 만 60세이상 어르신2. 근무내용 : 음료 및 간식 판매 등 북카페운영 / 코인세탁방 운영관리3. 근무조건 : 주 3일 / 일 4시간 / 시급 9,160원 이상4. 신청제외자-국민기초생활보장법에 의한 생계급여 수급자-정부부처 및 지자체에서 추진하는 일자리사업에 2개 이상 참여하고 있는 자-국민건강보험 직장가입자-장기요양보험 등급 판정자 1~5등급, 인지지원등급5. 참여자 선발: ""참여자 선발기준표""에 의해 고득점자순으로 통합 선발6. 준비서류: 주민등록등본 1부7. 문의전화: 부산해운대시니어클럽(***-****-****)",2022-12-31
울산광역시,남구,아주기업,070-7010-9289,생산직 1명 모집,2022-12-31
울산광역시,남구,(주)행복잇다 어르신전문프로그램강사 1기,010-3296-8680,"1.사업명 : (주)행복잇다 어르신전문프로그램강사2.사업목적 : - 노인일자리 활성화 및 신규 일자리창출 - 어르신들이 경제 활동을 통한 우울증 감소 및 자신감 회복 - 소득 증대를 통한 경제력 확보 - 어르신들의 근무의욕 고취3.사업내용 : 어르신 전문 프로그램강사4.부서배치 및 참여인원 : 71명5.운영계획 : 시니어체험형 3개월 운영 후 신규고용6.직무교육 : - 오리엔테이션(1시간) : 직장 내 근무수칙, 직원소개 및 시설소개 - 직무교육(1시간) : 안전수칙교육 및 해당 업무 교육7.실시인원 : 체험형 71명, 훈련생 0명8.모집연령대 : 60대9.모집직종 : 스포츠강사, 레크리에이션강사 및 기타 관련 전문가10.근무지역 : 부산11.자격사항 : 무관12.고용예정인원 : 인턴십 시행이수 계속고용 또는 신규고용 예정인원 71명 100% 계획",2022-12-31
울산광역시,남구,한국자격교육협회 보조강사,010-9911-3758,"1.사업명 : 한국자격교육협회 보조강사2.사업목적 : - 노인일자리 활성화 및 신규 일자리창출 - 어르신들이 경제 활동을 통한 우울증 감소 및 자신감 회복 - 소득 증대를 통한 경제력 확보 - 어르신들의 근무의욕 고취3.사업내용 : 시니어 전문 프로그램 보조강사4.부서배치 및 참여인원 : 보조강사 68명5.운영계획 : 시니어체험형 3개월 운영 후 신규고용6.직무교육 : - 오리엔테이션(1시간) : 직장 내 근무수칙, 직원소개 및 시설소개 - 직무교육(1시간) : 안전수칙교육 및 해당 업무 교육7.실시인원 : 체험형 68명8.모집연령대 : 60대9.모집직종 : 스포츠강사, 레크리에이션강사 및 기타 관련 전문가10.근무지역 : 울산11.자격사항 : 무관12.고용예정인원 : 인턴십 시행이수 계속고용 또는 신규고용 예정인원 68명 100% 계획",2022-12-31
울산광역시,남구,(주)마니힐링교육 시니어전문프로그램 보조강사,010-4565-8682,"사업실행계획1.사업명 : 시니어전문프로그램 보조강사2.사업목적 : - 노인일자리 활성화 및 신규 일자리창출 - 어르신들이 경제 활동을 통한 우울증 감소 및 자신감 회복 - 소득 증대를 통한 경제력 확보 - 어르신들의 근무의욕 고취3.사업내용 : 시니어전문프로그램 강사양성교육 및 강사파견4.부서배치 및 참여인원 : 보조강사 81명5.운영계획 : 시니어인턴십 3개월 운영 후 신규고용6.직무교육 : - 오리엔테이션(1시간) : 직장 내 근무수칙, 직원소개 및 시설소개 - 직무교육(1시간) : 안전수칙교육 및 해당 업무 교육7.실시인원 : 체험 81명8.모집연령대 : 60대9.모집직종 : 스포츠강사,레크리에이션강사 및 기타 관련 전문가10.근무지역 : 경남 통영11.자격사항 : 무관12.고용예정인원 : 인턴십 시행이수 계속고용 또는 신규고용 예정인원 81명 100% 계획",2022-12-31
울산광역시,남구,(주)나비채 보조강사,010-5313-5545,"사업실행계획1.사업명 : (주)나비채 보조강사2.사업목적 : - 노인일자리 활성화 및 신규 일자리창출 - 어르신들이 경제 활동을 통한 우울증 감소 및 자신감 회복 - 소득 증대를 통한 경제력 확보 - 어르신들의 근무의욕 고취3.사업내용 : 시니어전문프로그램 강사양성교육 및 강사파견4.부서배치 및 참여인원 : 보조강사 20명5.운영계획 : 시니어인턴십 3개월 운영 후 신규고용6.직무교육 : - 오리엔테이션(1시간) : 직장 내 근무수칙, 직원소개 및 시설소개 - 직무교육(1시간) : 안전수칙교육 및 해당 업무 교육7.실시인원 : 체험 20명8.모집연령대 : 60대9.모집직종 : 스포츠강사,레크리에이션강사 및 기타 관련 전문가10.근무지역 : 대구11.자격사항 : 무관12.고용예정인원 : 인턴십 시행이수 계속고용 또는 신규고용 예정인원 20명 100% 계획",2022-12-31
울산광역시,남구,난향요양원1,052-258-6789,시니어인턴십(난향요양원1)     1. 인턴기간 : 2022년 10월 28일 ~ 12월 31일2. 신청자격 : 만 60세 이상 누구나3. 근무시간 : 10시 ~18시 * 시간과 근로업무와 기업의 사정으로 변경될 수 있음.4. 모집직종 : ,2022-11-04
울산광역시,북구,보육교사도우미사업,052-297-9901,"1.활동시간 : 주 2~3회 / 월 30시간 활동2.활 동 비 : 월 27만원3.신청자격 : 만 65세 이상 기초연금수급자4.신청제외자 : - 국민기초생활보장법에 의한 생계급여·의료급여 수급자   (국가유공자, 북한이탈주민 등의 사유로 인한 의료급여 1종은 참여가능) - 정부부처 및 지자체에서 추진 중인 일자리사업 참여자 - 국민건강보험 직장가입자 - 장기요양보험 등급판정자(1~5등급)5.참여자선발 : 개별상담을 통해 ""참여자 선발기준표"" 작성하여 고득점자순으로 통합 선발6.준비서류 : 주민등록등본 1부7.신청장소 : 오프라인(울산북구시니어클럽)",2022-12-31
울산광역시,북구,호랑이순찰단,052-297-9901,"호랑이순찰단1.활동시간 : 월 15회 / 월 30시간 활동2.활 동 비 : 월 27만원3.신청자격 : 만 65세 이상 기초연금수급자4.신청제외자 : - 국민기초생활보장법에 의한 생계급여·의료급여 수급자   (국가유공자, 북한이탈주민 등의 사유로 인한 의료급여 1종은 참여가능) - 정부부처 및 지자체에서 추진 중인 일자리사업 참여자 - 국민건강보험 직장가입자 - 장기요양보험 등급판정자(1~5등급)5.참여자선발 : 개별상담을 통해 ""참여자 선발기준표"" 작성하여 고득점자순으로 통합 선발6.준비서류 : 주민등록등본 1부7.신청장소 : 오프라인(울산북구시니어클럽)",2022-12-31
울산광역시,북구,안전드림체육시설,052-297-9901,"1.활동시간 : 주 5회 / 월 30시간 활동2.활 동 비 : 월 27만원3.신청자격 : 만 65세 이상 기초연금수급자4.신청제외자 : - 국민기초생활보장법에 의한 생계급여·의료급여 수급자   (국가유공자, 북한이탈주민 등의 사유로 인한 의료급여 1종은 참여가능) - 정부부처 및 지자체에서 추진 중인 일자리사업 참여자 - 국민건강보험 직장가입자 - 장기요양보험 등급판정자(1~5등급)5.참여자선발 : 개별상담을 통해 ""참여자 선발기준표"" 작성하여 고득점자순으로 통합 선발6.준비서류 : 주민등록등본 1부7.신청장소 : 오프라인(울산북구시니어클럽)",2022-12-31
울산광역시,북구,깨끗한 행복지킴이,052-297-9901,"깨끗한행복지킴이1.활동시간 : 월 15회 / 월 30시간 활동2.활 동 비 : 월 27만원3.신청자격 : 만 65세 이상 기초연금수급자4.신청제외자 : - 국민기초생활보장법에 의한 생계급여·의료급여 수급자   (국가유공자, 북한이탈주민 등의 사유로 인한 의료급여 1종은 참여가능) - 정부부처 및 지자체에서 추진 중인 일자리사업 참여자 - 국민건강보험 직장가입자 - 장기요양보험 등급판정자(1~5등급)5.참여자선발 : 개별상담을 통해 ""참여자 선발기준표"" 작성하여 고득점자순으로 통합 선발6.준비서류 : 주민등록등본 1부7.신청장소 : 오프라인(울산북구시니어클럽)",2022-12-31
울산광역시,북구,스쿨존교통지원,052-297-9901,"ㅇ 사   업   명 : 스쿨존교통지원ㅇ 근  무  조  건   1. 활 동 시 간 : 주 5회(일2시간) / 월 30시간 활동  2. 활  동  비 : 월 27만원   3. 활 동 내 용 : 초·중등학교 주변 차도 내 횡단보도에서 보행지도  4. 신 청 자 격 : 만 65세 이상 기초연금수급자  5. 신청제외자 :   - 정부부처 및 지자체에서 추진 중인 일자리사업 참여자   - 국민건강보험 직장가입자   - 장기요양보험 등급판정자(1~5등급), 인지지원등급  6. 참여자선발 : 개별상담을 통해 ""참여자 선발기준표"" 작성하여 고득점자순으로 통합 선발  7. 준 비 서 류 : 주민등록등본 1부  8. 신 청 장 소 : 울산북구시니어클럽(울산 북구 동대8길 40, 보훈회관(3층)  9. 문         의 : 울산북구시니어클럽 (***-****-****)",2022-12-31
울산광역시,북구,우리동네하천지킴이,052-297-9901,"1.활동시간 : 주 2~3회 / 월 30시간 활동2.활 동 비 : 월 27만원3.신청자격 : 만 65세 이상 기초연금수급자4.신청제외자 : - 국민기초생활보장법에 의한 생계급여·의료급여 수급자   (국가유공자, 북한이탈주민 등의 사유로 인한 의료급여 1종은 참여가능) - 정부부처 및 지자체에서 추진 중인 일자리사업 참여자 - 국민건강보험 직장가입자 - 장기요양보험 등급판정자(1~5등급)5.참여자선발 : 개별상담을 통해 ""참여자 선발기준표"" 작성하여 고득점자순으로 통합 선발6.준비서류 : 주민등록등본 1부7.신청장소 : 오프라인(울산북구시니어클럽)",2022-12-31
울산광역시,북구,행복드림실버택배 남구점,052-297-9901,"행복드림실버택배 남구점 참여자 모집    1.활동시간 : 주 4회, 일3시간 / 탄력적 운영2.신청자격 : 만 60세 이상3.신청제외자 : - 국민기초생활보장법에 의한 생계급여 수급자 - 정부부처 및 지자체에서 추진 중인 일자리사업 참여자 - 국민건강보험 직장가입자 - 장기요양보험 등급판정자(1~5등급), 인지지원등급4.참여자선발 : 개별상담을 통해 ""참여자 선발기준표"" 작성하여 고득점자순으로 통합 선발5.준비서류 : 주민등록등본 1부, 관련자격증 사본(또는 관련 이력서)",2022-12-31
울산광역시,북구,정성찬,297-9901,"1.활동시간 : 주 2~3회(일4~5시간) / 월 28시간 활동2.활 동 비 : 월 50만원 / 시급(9,160)3.신청자격 : 만 60세 이상4.신청제외자 : - 국민기초생활보장법에 의한 생계급여·의료급여 수급자   (국가유공자, 북한이탈주민 등의 사유로 인한 의료급여 1종은 참여가능) - 정부부처 및 지자체에서 추진 중인 일자리사업 참여자 - 국민건강보험 직장가입자 - 장기요양보험 등급판정자(1~5등급), 인지지원등급5.참여자선발 : 개별상담을 통해 ""참여자 선발기준표"" 작성하여 고득점자순으로 통합 선발6.준비서류 : 주민등록등본 1부, 사진 1매, 건강보험자격득실 확인서 1부, 관련자격증 사본(또는 관련 이력서)7.신청장소 : 오프라인(관내주민센터, 울산북구시니어클럽)온라인(복지로온라인신청-http://online.bokjiro.go.kr)8.기타사항 : ",2022-12-31
울산광역시,북구,정성담,052-297-9901,"1.활동시간 : 주 1~2일(4~5시간) / 월30시간 활동2.활 동 비 : 월 35만원 / 시급(9,160)3.신청자격 : 만 60세 이상4.신청제외자 :- 국민기초생활보장법에 의한 생계급여 수급자- 노인일자리사업 참여자- 국민건강보험 직장가입자- 장기요양보험 등급판정자(1~5등급), 인지지원등급5.참여자선발 : 개별상담을 통해 ""참여자 선발기준표"" 작성하여 고득점자순으로 통합 선발6.준비서류 : 주민등록등본 1부, 사진 1매, 건강보험자격득실 확인서 1부, 관련자격증 사본(또는 관련 이력서)7.신청장소 : 오프라인(관내주민센터, 울산북구시니어클럽)",2022-12-31
울산광역시,북구,행복드림실버택배 북구점,052-297-9901,"행복드림실버택배 북구점 참여자 모집    1.활동시간 : 주 5회, 일2~3시간 / 탄력적 운영2.신청자격 : 만 60세 이상3.신청제외자 : - 국민기초생활보장법에 의한 생계급여 수급자 - 정부부처 및 지자체에서 추진 중인 일자리사업 참여자 - 국민건강보험 직장가입자 - 장기요양보험 등급판정자(1~5등급), 인지지원등급4.참여자선발 : 개별상담을 통해 ""참여자 선발기준표"" 작성하여 고득점자순으로 통합 선발5.준비서류 : 주민등록등본 1부, 관련자격증 사본(또는 관련 이력서)",2022-12-31
울산광역시,북구,깔끔한우리여사님,052-297-9901,"1.활동시간:주3~4회2.활동비:월 30이상3.신청자격 : 만 60세 이상 기초연금수급자4.신청제외자  - 국민기초생활보장법에 의한 생계급여·의료급여 수급자   (국가유공자, 북한이탈주민 등의 사유로 인한 의료급여 1종은 참여가능) - 정부부처 및 지자체에서 추진 중인 일자리사업 참여자 - 국민건강보험 직장가입자 - 장기요양보험 등급판정자(1~5등급)5.참여자선발 : 개별상담을 통해 ""참여자 선발기준표"" 작성 및 자격연계를 통해 고득점자순으로 통합 선발6.준비서류 : 주민등록등본 1부 (최근 3개월이내)7.신청장소 : 울산북구시니어클럽(울산 북구 동대8길 40, 보훈회관3층)8. 문의 : 울산북구시니어클럽 (***-****-****)",2022-12-31
울산광역시,북구,시니어취업안내도우미사업,052-297-9901,"1.활동시간 : 주 5회(일3시간) / 월 60시간 활동2.활 동 비 : 월 70만원 / 시급(9,160)3.신청자격 : 만 60세 이상4.신청제외자 : - 국민기초생활보장법에 의한 생계급여·의료급여 수급자   (국가유공자, 북한이탈주민 등의 사유로 인한 의료급여 1종은 참여가능) - 정부부처 및 지자체에서 추진 중인 일자리사업 참여자 - 국민건강보험 직장가입자 - 장기요양보험 등급판정자(1~5등급), 인지지원등급5.참여자선발 : 개별상담을 통해 ""참여자 선발기준표"" 작성하여 고득점자순으로 통합 선발6.준비서류 : 주민등록등본 1부, 사진 1매, 건강보험자격득실 확인서 1부, 관련자격증 사본(또는 관련 이력서)7.신청장소 : 오프라인(관내주민센터, 울산북구시니어클럽)온라인(복지로온라인신청-http://online.bokjiro.go.kr)8.기타사항 : ",2022-12-31
울산광역시,북구,시니어 공항서포터즈,052-297-9901,"1.활동시간 : 주 5회(일3시간) / 월 60시간 활동2.활 동 비 : 월 70만원 / 3.신청자격 : 만 60세 이상4.신청제외자 : - 국민기초생활보장법에 의한 생계급여·의료급여 수급자   (국가유공자, 북한이탈주민 등의 사유로 인한 의료급여 1종은 참여가능) - 정부부처 및 지자체에서 추진 중인 일자리사업 참여자 - 국민건강보험 직장가입자 - 장기요양보험 등급판정자(1~5등급), 인지지원등급5.참여자선발 : 개별상담을 통해 ""참여자 선발기준표"" 작성하여 고득점자순으로 통합 선발6.준비서류 : 주민등록등본 1부, 사진 1매, 건강보험자격득실 확인서 1부, 관련자격증 사본(또는 관련 이력서)7.신청장소 : 오프라인(관내주민센터, 울산북구시니어클럽)온라인(복지로온라인신청-http://online.bokjiro.go.kr)8.기타사항 : ",2022-12-31
울산광역시,북구,시니어금융업무지원단,052-297-9901,"1.활동시간 : 주 3회(일3시간) / 월 60시간 활동2.활 동 비 : 월 70만원 / 시급(9,160)3.신청자격 : 만 60세 이상4.신청제외자 : - 국민기초생활보장법에 의한 생계급여·의료급여 수급자   (국가유공자, 북한이탈주민 등의 사유로 인한 의료급여 1종은 참여가능) - 정부부처 및 지자체에서 추진 중인 일자리사업 참여자 - 국민건강보험 직장가입자 - 장기요양보험 등급판정자(1~5등급), 인지지원등급5.참여자선발 : 개별상담을 통해 ""참여자 선발기준표"" 작성하여 고득점자순으로 통합 선발6.준비서류 : 주민등록등본 1부, 사진 1매, 건강보험자격득실 확인서 1부, 관련자격증 사본(또는 관련 이력서)7.신청장소 : 오프라인(관내주민센터, 울산북구시니어클럽)온라인(복지로온라인신청-http://online.bokjiro.go.kr)8.기타사항 : ",2022-12-31
인천광역시,계양구,시니어금융업무지원,032-546-9662,"2022년 노인일자리 및 사회활동사업 中, 사회서비스형사업에 참여할 어르신을 모집합니다.-사업정의 : 노인에게 적합한 사업 중 전문직종 사업을 운영하여 일자리를 창출하는 사업-참여자격 : 만65세 이상 원칙(일부유형 만60세 이상 참여가능) -운영기관 : 2021. 1월~11월(10개월) -근무시간 및 보수기준 : 인건비 1인당 월594,000원, 주휴 및 연차수당 지급 -접수기간 : 2021.11.29.~2021.12.17.(방문접수) *우편, 이메일 접수 불가(주소 : 인천광역시 계양구 장제로 799 동성프라자 5층)-문의 : 계양구 노인인력개발센터(032-9662~4) ",2022-11-30
인천광역시,남동구,(주)서한안타민 1기,032-428-8041,"생산직 시니어 채용, 추후 평가를 통해 계속고용 예정",2022-12-31
인천광역시,남동구,아이시스템도장 1기,032-428-8041,"제조 단순종사직 시니어 채용, 추후 평가를 통해 계속고용 예정",2022-12-31
인천광역시,남동구,(주)미르스타에프엔디 1기,032-428-8041,"생산직(축산) 시니어 채용, 추후 평가를 통해 계속고용 예정잔업 있을 수 있음",2022-12-31
인천광역시,남동구,현대식품 1기,032-428-8041,"생산직 시니어 채용, 추후 평가를 통해 계속고용 예정",2022-12-31
인천광역시,남동구,(주)아우레이트 1기,032-428-8041,"생산직(초콜릿,캔디 제조업)  시니어 채용, 추후 평가를 통해 계속고용 예정",2022-12-31
인천광역시,남동구,한림 1기,032-428-8041,"제조업 단순종사직 시니어 채용, 추후 평가를 통해 계속고용 예정",2022-12-31
인천광역시,남동구,대일티앤씨(주) 1기,032-428-8041,"생산보조직 시니어 채용, 추후 평가를 통해 계속고용 예정",2022-12-31
인천광역시,남동구,경서이엔피 1기,032-428-8041,"생산직 시니어 채용, 추후 평가를 통해 계속고용 예정",2022-12-31
인천광역시,남동구,미송화학 1기,032-428-8041,"생산직 시니어 채용, 추후 평가를 통해 계속고용 예정",2022-12-31
인천광역시,남동구,(주)성우산업 1기,032-428-8041,추후 평가를 통해 계속고용 예정,2022-12-31
인천광역시,남동구,대성금속_ 1기,032-428-8041,"생산직 시니어 채용, 추후 평가를 통해 계속고용 예정",2022-12-31
인천광역시,남동구,대성금속 1기,032-428-8041,"단순노무직 시니어 채용, 추후 평가를 통해 계속고용 예정",2022-12-31
인천광역시,남동구,(주)유에스이 1기,032-428-8041,추후 평가를 통해 계속고용 예정,2022-12-31
인천광역시,남동구,(주)태진이엔지 1기,032-428-8041,"용접원 시니어 채용, 추후 평가를 통해 계속고용 예정",2022-12-31
인천광역시,남동구,(주)산너머남촌 1기,032-428-8041,"현장 조리직 시니어 채용, 추후 평가를 통해 계속고용 예정",2022-12-31
인천광역시,남동구,신라파이어(주) 1기,032-428-8041,"생산직 시니어 채용, 추후 평가를 통해 계속고용 예정",2022-12-31
인천광역시,남동구,(주)다이렉트테크 1기,032-428-8041,인턴기간 종료 후 평가를 통해 계속고용 계획,2022-12-31
인천광역시,남동구,일등쇼트기계 1기,032-428-8041,인턴기간 종료 후 평가를 통해 계속고용 계획,2022-12-31
인천광역시,남동구,(주)디에스케스트 1기,032-428-8041,인턴기간 종료 후 평가를 통해 계속고용 계획,2022-12-31
인천광역시,남동구,(주)디에스에프 1기,032-428-8041,인턴기간 종료 후 평가를 통해 계속고용 계획,2022-12-31
인천광역시,남동구,대성주철공업(주) 1기,032-428-8041,인턴기간 종료 후 평가를 통해 계속고용 계획,2022-12-31
인천광역시,남동구,제이셋스태츠칩팩코리아(유) 1기,032-428-8041,인턴기간 종료 후 평가를 통해 계속고용 예정,2022-12-31
인천광역시,남동구,(주)서광금속 1기,032-428-8041,인턴기간 종료 후 평가를 통해 계속고용 예정,2022-12-31
인천광역시,남동구,(주)명수 1기,032-428-8041,인턴기간 종료 후 평가를 통해 계속고용 예정,2022-12-31
인천광역시,남동구,신원산업 1기,032-428-8041,"인쇄업 시니어인턴 채용, 인턴기간 종료 후 평가를 통해 계속고용 예정",2022-12-30
인천광역시,남동구,(주)진흥주물 1기,032-428-8041,"인쇄업 시니어인턴 채용, 인턴기간 종료 후 평가를 통해 계속고용 예정",2022-12-30
인천광역시,남동구,주식회사유진전장 1기,032-428-8041,인턴기간 종료 후 평가를 통해 계속고용 계획,2022-12-30
인천광역시,남동구,한국다크로산업 주식회사 1기,032-428-8041,인턴기간 종료 후 평가를 통해 계속고용 계획,2022-12-30
인천광역시,남동구,주식회사 인컴이엔지 1기,032-428-8041,인턴기간 종료 후 평가를 통해 계속고용 계획,2022-12-30
인천광역시,남동구,경인산업 1기,032-428-8041,인턴기간 종료 후 평가를 통해 계속고용 계획,2022-11-30
인천광역시,동구,(주)서한안타민 1기,032-428-8041,"생산직 시니어 채용, 추후 평가를 통해 계속고용 예정",2022-12-31
인천광역시,동구,아이시스템도장 1기,032-428-8041,"제조 단순종사직 시니어 채용, 추후 평가를 통해 계속고용 예정",2022-12-31
인천광역시,동구,(주)미르스타에프엔디 1기,032-428-8041,"생산직(축산) 시니어 채용, 추후 평가를 통해 계속고용 예정잔업 있을 수 있음",2022-12-31
인천광역시,동구,현대식품 1기,032-428-8041,"생산직 시니어 채용, 추후 평가를 통해 계속고용 예정",2022-12-31
인천광역시,동구,(주)아우레이트 1기,032-428-8041,"생산직(초콜릿,캔디 제조업)  시니어 채용, 추후 평가를 통해 계속고용 예정",2022-12-31
인천광역시,동구,한림 1기,032-428-8041,"제조업 단순종사직 시니어 채용, 추후 평가를 통해 계속고용 예정",2022-12-31
인천광역시,동구,대일티앤씨(주) 1기,032-428-8041,"생산보조직 시니어 채용, 추후 평가를 통해 계속고용 예정",2022-12-31
인천광역시,동구,경서이엔피 1기,032-428-8041,"생산직 시니어 채용, 추후 평가를 통해 계속고용 예정",2022-12-31
인천광역시,동구,미송화학 1기,032-428-8041,"생산직 시니어 채용, 추후 평가를 통해 계속고용 예정",2022-12-31
인천광역시,동구,(주)성우산업 1기,032-428-8041,추후 평가를 통해 계속고용 예정,2022-12-31
인천광역시,동구,대성금속_ 1기,032-428-8041,"생산직 시니어 채용, 추후 평가를 통해 계속고용 예정",2022-12-31
인천광역시,동구,대성금속 1기,032-428-8041,"단순노무직 시니어 채용, 추후 평가를 통해 계속고용 예정",2022-12-31
인천광역시,동구,(주)유에스이 1기,032-428-8041,추후 평가를 통해 계속고용 예정,2022-12-31
인천광역시,동구,(주)태진이엔지 1기,032-428-8041,"용접원 시니어 채용, 추후 평가를 통해 계속고용 예정",2022-12-31
인천광역시,동구,(주)산너머남촌 1기,032-428-8041,"현장 조리직 시니어 채용, 추후 평가를 통해 계속고용 예정",2022-12-31
인천광역시,동구,신라파이어(주) 1기,032-428-8041,"생산직 시니어 채용, 추후 평가를 통해 계속고용 예정",2022-12-31
인천광역시,동구,(주)다이렉트테크 1기,032-428-8041,인턴기간 종료 후 평가를 통해 계속고용 계획,2022-12-31
인천광역시,동구,일등쇼트기계 1기,032-428-8041,인턴기간 종료 후 평가를 통해 계속고용 계획,2022-12-31
인천광역시,동구,(주)디에스에프 1기,032-428-8041,인턴기간 종료 후 평가를 통해 계속고용 계획,2022-12-31
인천광역시,동구,(주)디에스케스트 1기,032-428-8041,인턴기간 종료 후 평가를 통해 계속고용 계획,2022-12-31
인천광역시,동구,대성주철공업(주) 1기,032-428-8041,인턴기간 종료 후 평가를 통해 계속고용 계획,2022-12-31
인천광역시,동구,제이셋스태츠칩팩코리아(유) 1기,032-428-8041,인턴기간 종료 후 평가를 통해 계속고용 예정,2022-12-31
인천광역시,동구,(주)서광금속 1기,032-428-8041,인턴기간 종료 후 평가를 통해 계속고용 예정,2022-12-31
인천광역시,동구,(주)명수 1기,032-428-8041,인턴기간 종료 후 평가를 통해 계속고용 예정,2022-12-31
인천광역시,동구,인천쪽방상담소 괭이부리말희망일터 공동작업장,032-772-6330,"인천쪽방상담소에서 2022년 시장형 노인일자리 참여자를 모집합니다. 내용: 인천쪽방상담소에서 2022년 시장형 노인일자리 참여자를 모집합니다. 1. 모집인원 : 10명2. 모집장소: 인천쪽방상담소 희망키움터 3층3. 참여조건: 만 60세이상 동구 거주자, 기초연금 미수급자도 가능4. 접수기간: 2022년 12월 충원시 및 중도포기자 발생시 수시모집5. 내방접수- 주민등록등본1부, 통장사본1부 (본인직접 내방)6. 문의처: 032)772-6330",2022-12-31
인천광역시,동구,신원산업 1기,032-428-8041,"인쇄업 시니어인턴 채용, 인턴기간 종료 후 평가를 통해 계속고용 예정",2022-12-30
인천광역시,동구,(주)진흥주물 1기,032-428-8041,"인쇄업 시니어인턴 채용, 인턴기간 종료 후 평가를 통해 계속고용 예정",2022-12-30
인천광역시,동구,주식회사유진전장 1기,032-428-8041,인턴기간 종료 후 평가를 통해 계속고용 계획,2022-12-30
인천광역시,동구,한국다크로산업 주식회사 1기,032-428-8041,인턴기간 종료 후 평가를 통해 계속고용 계획,2022-12-30
인천광역시,동구,주식회사 인컴이엔지 1기,032-428-8041,인턴기간 종료 후 평가를 통해 계속고용 계획,2022-12-30
인천광역시,동구,경인산업 1기,032-428-8041,인턴기간 종료 후 평가를 통해 계속고용 계획,2022-11-30
인천광역시,부평구,정도비엠씨(주),02-466-2837,-,2022-12-31
인천광역시,부평구,(주)벨에스엠,02-466-2837,-,2022-12-31
인천광역시,부평구,바롬한과,02-2186-9059,한과 생산직 1명/시니어 인턴 종료후 계속고용 예정,2022-12-31
인천광역시,부평구,(주)고암,02-466-2837,한과 생산직 1명/시니어 인턴 종료후 계속고용 예정,2022-12-31
인천광역시,부평구,(주)정성,02-466-2837,한과 생산직 1명/시니어 인턴 종료후 계속고용 예정,2022-12-31
인천광역시,부평구,정도비엠씨(주),02-466-2837,한과 생산직 1명/시니어 인턴 종료후 계속고용 예정,2022-12-31
인천광역시,부평구,(주)벨에스엠,02-466-2837,한과 생산직 1명/시니어 인턴 종료후 계속고용 예정,2022-12-31
인천광역시,부평구,(주)삼구아이앤씨,02-466-2837,한과 생산직 1명/시니어 인턴 종료후 계속고용 예정,2022-12-31
인천광역시,부평구,신우산업관리(주),02-466-2837,한과 생산직 1명/시니어 인턴 종료후 계속고용 예정,2022-12-31
인천광역시,부평구,비전홀공동작업장,032-528-6080,"부평구노인인력개발센터 '비전홀공동작업장' 접수 안내1 활동시간: 주 2회~3회 근무/ 월 60시간 미만2. 활동비: 월30만원~35만원3. 신청자격: 만60세 이상4. 신청제외자: - 국민기초생활보장법에 의한 생계급여 수급자 - 정부부처 및 지자체에서 추진 중인 일자리사업 참여자 - 국민건강보험 직장가입자 - 장기요양보험 등급판정자(1~5등급)5. 참여자선발: 개별상담을 통해 ""참여자 선발기준표"" 작성하여 고득점자순으로 통합 선발6. 준비서류: 주민등록등본 1부, 코로나19 백신 접종 증명서 7. 신청장소: 부평어울림센터 4층 대강당            (인천광역시 부평구 장제로 235, 부평어울림센터) 7호선 굴포천역 3번출구8.일시 : 2021.12.06. ~ 12.10. (기존 참여자 신청)         2021.12.13. ~ 12.17 (신규 참여자 신청)",2022-12-17
인천광역시,부평구,성사엔지니어링,02-2186-9059,제조업/1명/계속고용예정,2022-11-04
