시도,시군구,센터명,장소/위치,이용정원,연락처,위도,경도
세종특별자치시,마음로,고운동(북측)복합커뮤니티센터,세종특별자치시 마음로 284 (고운동)4층 주부교실,10명,044-868-6024,36.519724340798,127.236589788899
세종특별자치시,대평1길,대평동복합커뮤니티센터,세종특별자치시 대평1길 10 (대평동)문화사랑방-2,10명,044-868-6024,36.4709793532592,127.279314970603
경상북도,구미시,구미시 선산읍행정복지센터,경상북도 구미시 선산읍 선산중앙로 71-1 ,25명,054-841-2182,36.2429628142132,128.29905066887
경상북도,구미시,구미시 종합비지니스지원센터,경상북도 구미시 구미대로 350-27 (신평동)구미시 종합비지니스지원센터 지하1층,32명,054-841-2182,36.1192104205531,128.365688301138
경상북도,구미시,구미시립도서관인동분관,경상북도 구미시 인동14길 14 (진평동),18명,054-841-2182,36.0994341996105,128.423667959379
경상북도,김천시,김천시 양금동행정복지센터,경상북도 김천시 강변로 178 (황금동)양금동행정복지센터 2층,10명,054-841-2182,36.1104660004668,128.123394283387
경상북도,구미시,구미시 인동동행정복지센터,경상북도 구미시 인동15길 42 (인의동),15명,054-841-2182,36.1042561339062,128.429119230759
세종특별자치시,해밀2로,해밀동복합커뮤니티센터,세종특별자치시 해밀2로 6 (해밀동)해밀동복합커뮤니티센터 2층 도서관 내 세미나실,10명,044-868-6024,36.5278607582866,127.268667982081
경상북도,구미시,구미시 고아읍행정복지센터,경상북도 구미시 고아읍 선산대로 980 ,20명,054-841-2182,36.2110130768161,128.328452559347
경기도,부천시,상동도서관,경기도 부천시 상이로 12 (상동)상동도서관3층,30명,1600-6813,37.4901397739331,126.744750811116
경상북도,김천시,김천시 대신동행정복지센터,경상북도 김천시 신양1길 22 (신음동)대신동행정복지센터 2층,10명,054-841-2182,36.1353004128397,128.115855045282
경상북도,안동시,안동시노인종합복지관,경상북도 안동시 축제장1길 49 (운흥동)1층 미디어실,10명,054-841-2182,36.5608056207511,128.728246048687
부산광역시,부산진구,개금종합사회복지관,부산광역시 부산진구 백양관문로77번길 140 (개금동)개금종합사회복지관,12명,070-5029-0817,35.1641281314465,129.024995003388
경상북도,울진군,남울진민원센터,경상북도 울진군 평해읍 월송정로 103 2층,10명,054-841-2182,36.7246591063682,129.441435235455
세종특별자치시,노을3로,한솔동복합커뮤니티센터,세종특별자치시 노을3로 85 (한솔동)정음관2층 솔마루-4,10명,044-868-6024,36.4791740367484,127.254667139178
경상북도,경주시,경주시 성건동주민자치센터,경상북도 경주시 북문로 15 (성건동),10명,054-841-2182,35.8502509542607,129.203859839396
서울특별시,강동구,서울시민대학 동남권캠퍼스,"서울특별시 강동구 고덕로 399 (고덕동, 고덕센트럴푸르지오)4층 교육장 (소프트웨어3실 & 스마트강의실)",10명,1544-9782,37.5574405229047,127.16967893433
경기도,과천시,대한민국여성능력개발협회,경기도 과천시 삼부골2로 24 (주암동)2층 제 2실습실,10명,1600-6813,37.4453065876918,127.022987821159
경상남도,양산시,양산시 가족센터,경상남도 양산시 양주1길 7-1,10명,055-213-2775,35.3402182224579,129.031310612947
광주광역시,북구,무등종합사회복지관,"광주광역시 북구 삼정로 10 (두암동, 두암주공4단지 아파트)2층",8명,062-224-0096,35.16305391269,126.93731614786
서울특별시,금천구,금천누리복지관,서울특별시 금천구 가산로 129 (가산동)금천누리종합사회복지관 3층 교육실,10명,1544-9782,37.4768918173319,126.8917817099
부산광역시,동래구,쌍용예가 커뮤니티센터,"부산광역시 동래구 사직로 80 (사직동, 사직 쌍용 예가)쌍용아파트 관리사무소 1층",10명,051-987-0201 ,35.1966279852865,129.057505998382
충청남도,아산시,온주종합사회복지관,"충청남도 아산시 외암로 1420 (읍내동, 주공아파트)온주종합사회복지관 3층 컴퓨터실",15명,041-415-1097(~1098),36.7638787257032,127.014975110451
경상북도,경주시,경주시민정보화교육장,경상북도 경주시 금성로318번길 21-4 (서부동),20명,054-841-2182,35.8460556022873,129.209450557374
부산광역시,동래구,팽나무하우스,부산광역시 동래구 충렬대로256번길 31 1797 팽나무하우스,10명,070-5029-0817,35.199705306399,129.086943478777
경상남도,양산시,양산시 종합사회복지관,경상남도 양산시 물금읍 오봉10길 8,10명,055-213-2777,35.3361094205103,129.003676773244
경상북도,포항시,포항시 청하면행정복지센터,경상북도 포항시 북구 청하면 청하로217번길 22 2층,9명,054-841-2182,36.1995623353589,129.337947224056
부산광역시,동래구,숲도서관,부산광역시 동래구 안락동 107-1 1층,8명,070-5029-0817,35.1932613212198,129.113661682656
경기도,시흥시,대야평생학습센터,경기도 시흥시 은행로173번길 14 (대야동)대야평생학습센터,10명,1600-6813,37.445533431885,126.796825237153
경기도,시흥시,북부노인복지관,"경기도 시흥시 은계중앙로 37 (은행동, 시흥은계엘에이치7단지)북부노인복지관1층",10명,1600-6813,37.4339393176309,126.800553160466
전라북도,남원시,오들 작은도서관,"전라북도 남원시 오들1길 26 (도통동, 부영5차아파트)부영5차아파트 내 오들작은도서관",10명,1899-6222,35.4167768315162,127.398969435615
경상북도,안동시,안동시청,경상북도 안동시 퇴계로 115 (명륜동)대동관 2층 정보화교육장,30명,054-841-2182,36.5681878023317,128.730260547553
경상북도,청도군,청도군 가족센터,경상북도 청도군 화양읍 청려로 1846 ,20명,054-841-2182,35.6483852307984,128.718682298137
서울특별시,구로구,스마트 구로 홍보관,서울특별시 구로구 새말로 지하117-21 (신도림동)디큐브시티 지하 1층(신도림역 1번출구 방향),10명,1544-9782,37.5087701449787,126.891080501385
대구광역시,수성구,만촌2동 달빛커뮤니티센터,대구광역시 수성구 충의로4길 25 (만촌동)2층,8명,053-214-1801,35.8648348313378,128.647355524826
부산광역시,동구,부산역 유라시아 플랫폼,부산광역시 동구 중앙대로 210 (초량동)유라시아플랫폼 112호,10명,070-5029-0817,35.1151466925173,129.040834792008
경기도,안양시,안양시비산종합사회복지관,경기도 안양시 동안구 임곡로 74 (비산동)비산종합사회복지관 2층 프로그램실,10명,1600-6813,37.4058895744791,126.934065354671
강원도,고성군,고성군청 별관,강원도 고성군 간성읍 고성중앙길 9 고성군청 별관 2층 정보화교육장,25명,033-910-0833,38.3812968811878,128.468044419919
광주광역시,서구,농성 문화의 집,광주광역시 서구 화정로 314 (농성동)농성2동 주민센터 2층 농성문화의집,6명,062-224-0096,35.1503790040099,126.890221188067
경상남도,남해군,남해군종합사회복지관,경상남도 남해군 남해읍 망운로 32 3층,10명,055-213-2775,34.8385160368166,127.890424384522
세종특별자치시,도움3로,종촌동복합커뮤니티센터,세종특별자치시 도움3로 125 (종촌동)4층 쉼앤겔러리,5명,044-868-6024,36.504634502107,127.246869363252
광주광역시,동구,지산1동 마을사랑채,광주광역시 동구 지산로 63 (지산동)지산1동 마을사랑채 다목적실,7명,062-224-0096,35.1493344436261,126.932851462831
경상북도,영주시,영주시 풍기인삼정보화마을,경상북도 영주시 풍기읍 인삼로10번길 38 1층 ,8명,054-841-2182,36.8733070884141,128.521435851169
광주광역시,남구,광주남구생활문화센터,광주광역시 남구 봉선로 208 (봉선동)남구생활문화센터,5명,062-224-0096,35.1220637174421,126.917404596072
충청남도,아산시,아산시노인종합복지관,충청남도 아산시 남산로 10 (온천동)아산시노인종합복지관,20명,041-415-1097(8),36.7820849227382,126.99511510904
강원도,강릉시,강릉시 영상미디어센터,강원도 강릉시 율곡로 2923-12 (교동)행복한모루 4층 강의실,6명,033-910-0833,37.7638347789755,128.891228819712
경기도,평택시,합정종합사회복지관,"경기도 평택시 평택로 22 (합정동, 주공아파트)합정종합사회복지관 1층(310동) 주공3단지 내",10명,1600-6813,36.9903394979547,127.089487494626
서울특별시,은평구,은평구립역촌노인복지관,서울특별시 은평구 연서로3나길 11-30 (역촌동)2층,10명,1544-9782,37.6033427209461,126.911371067909
경상북도,청도군,청도군청,경상북도 청도군 화양읍 청화로 70 지하1층 지하상황실,10명,054-841-2182,35.647252575783,128.733999266077
경상북도,울릉군,울릉한마음회관,경상북도 울릉군 울릉읍 울릉순환로 286 3층 어학연수실,15명,054-841-2182,37.4906268792402,130.904983477046
광주광역시,동구,충장동 행정복지센터,광주광역시 동구 충장로58번길 16 (충장로4가)충장동 행정복지센터 다목적실,5명,062-224-0096,35.1491844885509,126.912804112004
부산광역시,해운대구,반여2동 행정복지센터,부산광역시 해운대구 재반로211번길 9 (반여동)반여2동 행정복지센터,10명,070-5029-0817,35.1958884008419,129.130139355611
대구광역시,달서구,달서아트센터,대구광역시 달서구 문화회관길 160 (장기동)달서아트센터 3층,15명,053-214-1801,35.8434223614114,128.522826252636
세종특별자치시,다정남3로,다정동복합커뮤니티센터,세종특별자치시 다정남3로 10 (다정동)본관동3층 문화사랑방-2,20명,044-868-6024,36.4945238651294,127.250342942084
경상남도,양산시,양산시 웅상노인복지관,경상남도 양산시 삼호9길 11,10명,055-213-2776,35.4143864012035,129.171994921439
경상남도,함안군,함안종합사회복지관,경상남도 함안군 칠원읍 삼칠로 155 ,10명,055-213-2775,35.3096270643239,128.517185475377
충청남도,예산군,예산군장애인종합복지관,충청남도 예산군 신암면 추사고택로 496 예산군장애인종합복지관 정보화교육실,20명,041-415-1097(8),36.7622552364016,126.80981101034
경기도,수원시,광교2동 행정복지센터,"경기도 수원시 영통구 법조로149번길 155 (하동)광교2동 행정복지센터 4층 취미실1,2",10명,1600-6813,37.2922560647002,127.070104781578
경상북도,경산시,경산시 진량읍행정복지센터,경상북도 경산시 진량읍 다문로 50 진량읍행정복지센터 3층 전산교육장,15명,054-841-2182,35.873901572679,128.816307653092
충청북도,청주시,청주서원노인복지관,충청북도 청주시 서원구 원흥로 11-10 (산남동)2층 컴퓨터실,15명,043-900-5006,36.6074662791354,127.470297509201
부산광역시,부산진구,부산광역시립시민도서관,부산광역시 부산진구 월드컵대로 462 (초읍동)부산광역시립시민도서관,10명,070-5029-0817,35.182806226472,129.050141657905
경상북도,김천시,김천시청,경상북도 김천시 시청1길 1 (신음동)4층 정보화교육장,10명,054-841-2182,36.1397151155223,128.11330773026
경상남도,거제시,거제시 아주도서관,경상남도 거제시 탑곡로 73 (아주동)아주동주민센터,15명,055-213-2775,34.8620957047523,128.690621440577
서울특별시,영등포구,모랫말어르신복지센터,서울특별시 영등포구 도영로 41 (도림동)3층,20명,1544-9782,37.5097128385321,126.897493385214
부산광역시,금정구,금정도서관,부산광역시 금정구 금정도서관로 33 (청룡동)금정도서관,16명,070-5029-0817,35.2726132136189,129.096181650772
경기도,가평군,가평군노인복지관,경기도 가평군 가평읍 가화로 161 노인복지관1층,10명,1600-6813,37.833624076992,127.511202345759
경상북도,군위군,군위군 노인복지관,경상북도 군위군 군위읍 군청로 98-6 2층 정보화교실,10명,054-841-2182,36.2317788133734,128.570680684687
세종특별자치시,호려울로,보람동복합커뮤니티센터,세종특별자치시 호려울로 42 (보람동)4층 취미음악실-2,10명,044-868-6024,36.4787746111383,127.290614050013
경상북도,의성군,의성읍사무소 임시청사,경상북도 의성군 의성읍 홍술로 99 의성읍사무소 임시청사 3층 정보화교육장,30명,054-841-2182,36.3557783954379,128.690210259017
서울특별시,강동구,강동구립해공도서관,서울특별시 강동구 올림픽로 702 (천호동)해공도서관 3층 커뮤니티실,5명,1544-9782,37.5439476727563,127.125538378702
광주광역시,서구,광주 시청자미디어센터,광주광역시 서구 회재로 905 (금호동)2층,5명,062-224-0096,35.1238115452991,126.862336545805
경기도,양평군,양평군청,경기도 양평군 양평읍 군청앞길 2 양평군청 정보화 교육장 1층,10명,1600-6813,37.4917397537238,127.487680375367
경상남도,하동군,하동군 1970관,경상남도 하동군 하동읍 중앙3길 12-9 하동1970관 2층,10명,055-213-2776,35.070509207151,127.745487085787
경기도,수원시,정자2동행정복지센터,경기도 수원시 장안구 송정로24번길 34 (정자동)정자2동행정복지센터 2층,10명,1600-6813,37.2950778806422,127.000439511977
경상남도,양산시,양산시 웅상출장소,경상남도 양산시 진등길 40 (주진동)웅상출장소,15명,055-213-2778,35.3951050495535,129.155448780534
부산광역시,부산진구,부산진구청,부산광역시 부산진구 시민공원로 30 (부암동)부산진구 정보화교육장,10명,070-5029-0817,35.162830637421,129.05318830381
경상남도,창녕군,창녕군청 정보화교육장,경상남도 창녕군 창녕읍 군청길 1 창녕군청 정보화교육장 행복관 3층,10명,055-213-2777,35.5451632609156,128.493023647817
경상북도,칠곡군,칠곡군 기산평생학습복지센터,경상북도 칠곡군 기산면 주산로 1220-1 2층 정보화교육장,10명,054-841-2182,35.9864453320641,128.384569535335
경상북도,영천시,영천시 금호읍행정복지센터,경상북도 영천시 금호읍 금호로 153 ,13명,054-841-2182,35.9333373340015,128.877643484742
경상북도,구미시,구미시립양포도서관,경상북도 구미시 옥계북로 51 (옥계동),5명,054-841-2182,36.1387768598911,128.423119048813
경상북도,안동시,안동시 전통문화콘텐츠박물관,경상북도 안동시 서동문로 203 (동부동)1층 회의실,5명,054-841-2182,36.5662352774616,128.733986587175
경기도,안성시,안성2동 주민자치센터,경기도 안성시 강변로 74번길 16안성2동 주민자치센터,14명,1600-6813,37.0006273355328,127.269860706514
부산광역시,금정구,금정구종합사회복지관,부산광역시 금정구 반송로490번길 47 (금사동)금정구종합사회복지관,30명,070-5029-0817,35.2146541166453,129.118364430322
대구광역시,남구,대명4동 행정복지센터,대구광역시 남구 두류공원로20길 19 (대명동)2층,12명,053-214-1801,35.8459697643027,128.569508176117
제주특별자치도,서귀포시,알토산정보화마을,제주특별자치도 서귀포시 표선면 토산중앙로16번길 1 토산2리사무소 1층,10명,1899-8723,33.3088749689604,126.77972071423
경기도,수원시,광교홍재도서관,경기도 수원시 영통구 대학로 88 (이의동)광교홍재도서관2층,10명,1600-6813,37.3029355951196,127.047443129457
서울특별시,서대문구,홍은1동 자치회관,서울특별시 서대문구 세검정로1길 45 (홍은동)2층,10명,1544-9782,37.5932348986909,126.943903998437
경상남도,진주시,진주 연암공과대학교 배움터,경상남도 진주시 진주대로629번길 35 (가좌동)연암공대 인화관 내 1층,20명,055-213-2777,35.1653123714769,128.098091838466
부산광역시,수영구,망미도서관,부산광역시 수영구 연수로315번길 23 (망미동)망미 도서관 4층,12명,070-5029-0817,35.1734240609964,129.104837192102
광주광역시,광산구,더불어락광산구노인복지관,광주광역시 광산구 목련로 156 (운남동)3층,10명,062-224-0096,35.1714413740078,126.815940212035
부산광역시,북구,금곡동 행정복지센터,부산광역시 북구 금곡대로 466 (금곡동)금곡행정복지센터,10명,070-5029-0817,35.2500787970033,129.012848226375
경상남도,사천시,사천시청 정보화교육장,경상남도 사천시 용현면 시청로 77 3층정보화교육장,10명,055-213-2775,35.0035881294622,128.064746550268
광주광역시,남구,주월통합거점 경로당,광주광역시 남구 회서로 37 (주월동)주월통합거점경로당 2층,5명,062-224-0096,35.1301754584142,126.895353669663
충청북도,청주시,청주시복대근로자종합복지관,충청북도 청주시 흥덕구 죽천로 108-1 (복대동)청주시복대근로자종합복지관,15명,043-900-5006,36.6375983656612,127.435110590055
경기도,광명시,철산종합사회복지관 프로그램실,경기도 광명시 연서일로 4-3 (철산동)철산종합사회복지관 프로그램실  1층,10명,1600-6813,37.483078428502,126.865561376124
전라북도,익산시,원광종합사회복지관,전라북도 익산시 익산대로 415-7 (신동)원광종합사회복지관 2층,10명,1899-6222,35.9628571056772,126.952242064932
경기도,안성시,안성3동주민자치센터,경기도 안성시 고수2로 11 (당왕동)센터1층,15명,1600-6813,37.014234791042,127.257740085858
전라북도,군산시,군산노인종합복지관,전라북도 군산시 둔배미길 29 (중앙로2가)2층,10명,1899-6222,35.982935830965,126.715832402233
부산광역시,연제구,연제우체국,부산광역시 연제구 법원북로 33 (거제동)연제우체국 3층 회의실,10명,051-987-0201 ,35.1941205922801,129.070602953987
전라남도,영광군,영광군청,전라남도 영광군 영광읍 중앙로 203 지하 1층,15명,1566-6105,35.2768946597666,126.51234728794
경상북도,상주시,상주시청,경상북도 상주시 상산로 223 (남성동)정보화교육장 ,15명,054-841-2182,36.4113827694825,128.158738608852
경상남도,진주시,진주시 신안동 배움터,경상남도 진주시 석갑로91번길 8-17 (신안동)본관 4층 신안동 배움터,10명,055-213-2778,35.1812393264301,128.061038730241
부산광역시,부산진구,BBS부산중고등학교,부산광역시 부산진구 동평로 405번길 85양정청소년수련관 내,10명,070-5029-0817,35.1772923396196,129.071723077876
부산광역시,수영구,광안2동 행정복지센터,부산광역시 수영구 광안로 16번길 22광안2동 행정복지센터,10명,070-5029-0817,35.1557622398665,129.113831837329
세종특별자치시,새롬중앙로,새뜸마을7단지,"세종특별자치시 새롬중앙로 89 (새롬동, 새뜸마을7단지)1층 노인회",15명,044-868-6024,36.4878067000012,127.249669245398
경상남도,합천군,합천군 종합사회복지관,경상남도 합천군 합천읍 동서로 39 종합사회복지관 3층,10명,055-213-2777,35.5679281116892,128.156753359361
경상남도,진주시,진주시 상대동행정복지센터,경상남도 진주시 동진로 189상대동주민센터 3층,10명,055-213-2775,35.1803148437127,128.111936986314
광주광역시,광산구,송정 다락(송정1동커뮤니티센터),광주광역시 광산구 광산로 98-3 (송정동)송정 다락 2층,5명,062-224-0096,35.1422244248195,126.801301865935
서울특별시,동작구,스페이스 살림,서울특별시 동작구 노량진로 10 (대방동)스페이스 살림 B2 메이커스페이스실,10명,1544-9782,37.5123933402032,126.927272487671
인천광역시,남동구,만수3동 행정복지센터,인천광역시 남동구 서판로 11 (만수동)만수3동 행정복지센터 (2층 회의실),10명,1644-5561,37.461963423327,126.723004997934
강원도,춘천시,춘천북부노인복지관,강원도 춘천시 충열로 124 (우두동)3층 정보배움실,15명,033-910-0833,37.9039282172186,127.739128242384
서울특별시,금천구,금천노인종합복지관,서울특별시 금천구 시흥대로51길 93-32 (시흥동)1층,20명,1544-9782,37.4501343152384,126.897763811332
경상북도,청송군,청송읍행정복지센터,경상북도 청송군 청송읍 중앙로 253 청송읍행정복지센터 3층,30명,054-841-2182,36.4341620263106,129.056749808943
강원도,강릉시,강릉시 북부노인복지관,강원도 강릉시 연곡면 연주로 230 강릉시 북부노인복지관 1층 프로그램실,10명,033-910-0833,37.8743088633014,128.831368399732
대구광역시,동구,팔공정보문화센터,대구광역시 동구 효신로 34 (효목동)팔공정보문화센터 2층(2실),10명,053-214-1801,35.8751121283431,128.63447969202
광주광역시,동구,산수1동 마을사랑채,광주광역시 동구 무등로449번길 5-42 (산수동)산수1동 마을사랑채 다목적실,5명,062-224-0096,35.1578679206196,126.929877460467
경상북도,구미시,구미시 도량동행정복지센터,경상북도 구미시 문장로12길 1 (도량동),20명,054-841-2182,36.1405186558638,128.332575709985
부산광역시,강서구,명지노인종합복지관,부산광역시 강서구 명지국제13로 33 (명지동)명지노인종합사회복지관,18명,070-5029-0817,35.1105604141905,128.923043606972
전라남도,순천시,순천꿈꾸는배움터,전라남도 순천시 호남길 81 (영동)2층,15명,061-723-1363,34.9532295936272,127.481381990113
경기도,김포시,김포북부노인종합복지관,경기도 김포시 통진읍 마송1로16번길 40-2 김포시 북부노인종합복지관1층,30명,1600-6813,37.6837267882781,126.606895524348
경상남도,양산시,양산시 노인복지관,경상남도 양산시 북안남 5길 27양산시노인복지관 회원만 교육가능한 장소,10명,055-213-2778,35.3459908005953,129.041190279817
경상남도,함안군,함안군청,경상남도 함안군 가야읍 말산로 1 3층,10명,055-213-2775,35.2725109179928,128.406549058891
광주광역시,서구,디지털역량센터,"광주광역시 서구 상무민주로 120 (쌍촌동, 우미 아트빌)201동 107호",5명,062-224-0096,35.1614817608753,126.860273292858
충청북도,영동군,영동군청,충청북도 영동군 영동읍 영동황간로 15 정보화교육장,30명,043-900-5006,36.1711863335292,127.775963996218
경기도,양주시,양주혁신리빙랩센터,"경기도 양주시 옥정서로 254 (옥정동, 양주옥정3단지)양주 혁신 리빙랩센터 1층",15명,1600-6813,37.835430355877,127.088547118341
경기도,수원시,우만종합사회복지관 교육장,"경기도 수원시 팔달구 창룡대로210번길 13 (우만동, 주공3단지아파트)우만종합사회복지관 3층(우만주공 3단지 내)",10명,1600-6813,37.2926001781758,127.034042959694
경상북도,김천시,김천시 지좌동행정복지센터,경상북도 김천시 영남대로 1940 (지좌동)지좌동행정복지센터 1층,10명,054-841-2182,36.1200069986967,128.142334229847
경상북도,경산시,경산시 문화회관,경상북도 경산시 하양읍 문화로 24 경산시문화회관 2층 전산교육장,20명,054-841-2182,35.9115234074036,128.812803831549
경상북도,영천시,영천시 아이존 IT플라자,"경상북도 영천시 창신1길 35 (망정동, 아이존빌스타아파트)1층 교육장",15명,054-841-2182,35.9899399938666,128.952589996128
대구광역시,남구,남구청,대구광역시 남구 이천로 51 (봉덕동)2층 정보화교육장,15명,053-214-1801,35.8457998102819,128.597294920731
전라북도,익산시,남부권노인종합복지관,전라북도 익산시 목천로 328 (인화동2가)2층,8명,1899-6222,35.9268778637125,126.956900657391
전라북도,전주시,전주역 도시재생현장센터,전라북도 전주시 덕진구 백제대로 815 (우아동3가)1층,16명,1899-6222,35.8486929862775,127.157425127997
부산광역시,남구,용호종합사회복지관,부산광역시 남구 이기대공원로 7 (용호동)용호종합사회복지관,10명,070-5029-0817,35.1245640102441,129.113481177293
경상남도,양산시,양산시 비즈니스센터,경상남도 양산시 중앙로 33-2 (다방동)양산비즈니스센터 3층 정보화교육장,15명,055-213-2778,35.3340145881105,129.037839221043
경기도,안산시,선부2동 행정복지센터,경기도 안산시 단원구 지곡로 46 (선부동)선부2동 행정복지센터,10명,1600-6813,37.3383602519571,126.802921709158
충청북도,제천시,봉양도서관,충청북도 제천시 봉양읍 주포로8길 3-1 봉양도서관,20명,043-900-5006,37.132194744435,128.124352195287
부산광역시,해운대구,반여종합사회복지관,부산광역시 해운대구 재반로226번길 13-73 (반여동)반여종합사회복지관,10명,070-5029-0817,35.1982899206447,129.131891421538
경기도,오산시,오산노인종합복지관,경기도 오산시 수청로 192 (금암동)3층,10명,1600-6813,37.1777518091414,127.044835007329
경상남도,산청군,산청군 농업기술센터,경상남도 산청군 산청읍 물안실로 8-1 농업기술센터 내 정보화교육장,10명,055-213-2777,35.4056138886133,127.901018953066
광주광역시,동구,광주광역시 빛고을50+ 센터,광주광역시 동구 남문로 692 (학동)2층,10명,062-224-0096,35.1324057596423,126.928868694548
부산광역시,동구,동구노인복지관 초량분관,부산광역시 동구 초량남로 12 (초량동)동구노인복지관 초량분관,18명,070-5029-0817,35.1195620330778,129.034841291416
경기도,광명시,광명시평생학습원,경기도 광명시 철망산로 2 (하안동)평생학습원3층,10명,1600-6813,37.4667641149754,126.869900790088
인천광역시,미추홀구,"도화2,3동 행정복지센터","인천광역시 미추홀구 장고개로 29-1 (도화동)도화2,3동 행정복지센터 (3층)",10명,1644-5561,37.4707982321829,126.666522719011
경상남도,김해시,김해시 장애인종합복지관,경상남도 김해시 삼계로 140 (삼계동)김해시장애인종합복지관,10명,055-213-2775,35.2634283442882,128.87610702036
전라북도,전주시,선너머종합사회복지관,전라북도 전주시 완산구 선너머로 54 (중화산동1가)2층,10명,1899-6222,35.8153172639873,127.130542849122
경기도,오산시,꿈두레도서관,경기도 오산시 세마역로 20 (세교동)꿈두레도서관 지상2층,8명,1600-6813,37.1815706960256,127.045450668144
전라북도,전주시,전라북도 정보산업지원센터,전라북도 전주시 완산구 현무2길 25 (경원동3가)3층,10명,1899-6222,35.8206538605837,127.149600584146
충청북도,청주시,산남종합사회복지관,충청북도 청주시 서원구 구룡산로 290 (수곡동)2층 소강당,10명,043-900-5006,36.617495476551,127.47654634335
부산광역시,북구,만덕종합사회복지관,부산광역시 북구 함박봉로140번길 102 (만덕동)만덕종합사회복지관,10명,070-5029-0817,35.2018587253128,129.035393326853
경기도,수원시,오목천동장애인주간보호시설,경기도 수원시 권선구 서수원로 124 (오목천동)오목천동장애인주간보호시설 1층,10명,1600-6813,37.2388868392498,126.972246563215
서울특별시,성북구,돈암1동 삼성A 제1경로당,"서울특별시 성북구 동소문로34길 24 (돈암동, 돈암동 삼성아파트)106동 옆 관리소   (돈암1동 삼성A 제1경로당)",10명,1544-9782,37.5989927541109,127.023139541526
서울특별시,송파구,레미니스 1단지 경로당,"서울특별시 송파구 성내천로 6 (오금동, 송파레미니스)레미니스 1단지 경로당",10명,1544-9782,37.5083372409238,127.134828192603
경기도,부천시,대산종합사회복지관,경기도 부천시 심곡로9번길 54 (심곡본동)대산종합사회복지관2층,5명,1600-6813,37.4824341188396,126.779004327595
전라남도,광양시,광양중마동주민자치센터,전라남도 광양시 중마중앙로 119-1 (중동)4층,20명,1566-6105,34.9406941533599,127.697451603824
충청북도,청주시,충청북도노인종합복지관,충청북도 청주시 서원구 흥덕로 42 (사직동)1층 정보화강의실,30명,043-900-5006,36.6396846398692,127.474012869
부산광역시,해운대구,해운대종합사회복지관,부산광역시 해운대구 재반로12번길 16 (재송동)해운대 종합복지관,10명,070-5029-0817,35.1796692135271,129.127532295317
서울특별시,중구,서울시민청 스마트서울전시관,서울특별시 중구 세종대로 110 (태평로1가)지하1층,10명,1544-9782,37.5663174209601,126.977829174031
서울특별시,강북구,한국복지정보통신협의회(서울 강북),서울특별시 강북구 솔매로50길 43 (미아동)KT미아빌딩 별관2동 제1강의실,10명,1544-9782,37.6246541800923,127.028501814297
세종특별자치시,마음로,고운동(남측)복합커뮤니티센터,세종특별자치시 마음로 64 (고운동)1층 주민자료이용실-2,10명,044-868-6024,36.5049740605534,127.235364128354
경기도,수원시,밤밭노인복지관,경기도 수원시 장안구 상률로 53 (율전동)밤밭노인복지관 2층,10명,1600-6813,37.3063850364568,126.972108299543
경기도,부천시,노동복지회관,경기도 부천시 상오정로 10 (오정동)노동복지회관1층,15명,1600-6813,37.5240068190406,126.785019954377
경기도,수원시,서수원도서관교육장,경기도 수원시 권선구 탑동로57번길 35 (탑동)서수원도서관 2층,10명,1600-6813,37.2731188762591,126.972067809728
경상남도,창원시,마산하늘채문화의집작은도서관,경상남도 창원시 마산회원구 내서읍 호원로 359-1코오롱하늘채2차아파트 작은도서관(2층),10명,055-213-2116,35.2656340805628,128.524342185504
전라북도,익산시,깊은샘 작은도서관,전라북도 익산시 선화로59길 12-1 (영등동)깊은샘 도서관 1층,10명,1899-6222,35.9469957079402,126.969999773498
서울특별시,동작구,창업지원센터,서울특별시 동작구 상도로 35 (대방동)창업지원센터 4층,13명,1544-9782,37.5000063495191,126.924442561482
경기도,안산시,와동종합사회복지관,경기도 안산시 단원구 와동로 118 (와동)1층,10명,1600-6813,37.3405987919012,126.827264829892
전라북도,부안군,노인여성회관,전라북도 부안군 부안읍 매창로 127 4층 교육장,10명,1899-6222,35.7192756561889,126.732843423171
대구광역시,수성구,두산평생학습센터,대구광역시 수성구 들안로16길 78 (두산동)2층 정보화교육장,17명,053-214-1801,35.8392041121032,128.618159881825
광주광역시,남구,송암동 행정복지센터,광주광역시 남구 송암로 66 (송하동)3층,7명,062-224-0096,35.1115378514481,126.87711166612
부산광역시,북구,북구 평생학습관,부산광역시 북구 의성로115번길 71 (덕천동)북구 평생학습관 직업능력실,18명,070-5029-0817,35.2113213661827,129.014554609725
부산광역시,강서구,강서구청,부산광역시 강서구 낙동북로 477 (대저1동)강서구청 정보화교육장,10명,070-5029-0817,35.2122029412715,128.980585063107
경기도,수원시,수원시가족여성회관,경기도 수원시 팔달구 매산로 119 (교동)가족여성회관2층,10명,1600-6813,37.2717762394471,127.013485712581
광주광역시,광산구,스마일스토리 평생교육원,광주광역시 광산구 임방울대로826번길 60-37 (월계동)2층 평생교육원,5명,062-224-0096,35.215921514082,126.847658734628
전라북도,완주군,콩쥐팥쥐 도서관,전라북도 완주군 이서면 갈산로 40 5층,10명,1899-6222,35.8364502147636,127.05607889772
전라북도,군산시,수송동 행정복지센터,전라북도 군산시 동수송1길 7 (수송동)2층,10명,1899-6222,35.9648363597823,126.717633773781
경상북도,의성군,의성군 청소년센터,경상북도 의성군 의성읍 충효로 68 2층,8명,054-841-2182,36.3548128135524,128.704801070842
부산광역시,북구,북구청,부산광역시 북구 낙동대로1570번길 33 (구포동)북구청 정보화교육장,10명,070-5029-0817,35.1968825080786,128.990095451939
경기도,수원시,태장마루도서관,경기도 수원시 영통구 태장로 46 (망포동)지하1층,10명,1600-6813,37.2386673619851,127.051004199443
경상북도,봉화군,봉화여성문화회관,경상북도 봉화군 봉화읍 봉화로 1203 봉화여성문화회관 1층 정보이용센터,15명,054-841-2182,36.890718784526,128.741854281402
경상남도,양산시,양산시 웅상종합사회복지관,경상남도 양산시 덕계7길 26,10명,055-213-2778,35.3747985221409,129.14866733597
충청남도,천안시,성환도서관,충청남도 천안시 서북구 성환읍 신선동길 25 천안성환도서관,20명,041-415-1097~8,36.9130666533827,127.130476581672
인천광역시,서구,청라2동 행정복지센터,인천광역시 서구 청라커낼로 269 (청라동)청라2동 행정복지센터 ( 2층 청라정보교육센터),10명,1644-5561,37.5326419425694,126.644148578721
부산광역시,중구,희망지역아동센터,부산광역시 중구 흑교로45번길 13 (보수동3가)1층,10명,070-5029-0817,35.1035751687538,129.023677294097
충청남도,부여군,부여군노인종합복지관,충청남도 부여군 규암면 아름1로 48 부여군노인종합복지관 컴퓨터실,20명,041-415-1097(8),36.3036291588486,126.889413022915
경기도,부천시,원미도서관,경기도 부천시 소사로 456 (원미동)원미도서관2층,10명,1600-6813,37.4979854017863,126.799039821184
부산광역시,해운대구,아시아선수촌커뮤니티,"부산광역시 해운대구 선수촌로 122 (반여동, 아시아선수촌아파트)아시아선수촌커뮤니티",20명,070-5029-0817,35.203871411036,129.121681336433
전라북도,전주시,첫마중길 공감치유센터,전라북도 전주시 덕진구 도당산3길 8-4 (우아동3가)1층,10명,1899-6222,35.8470701118456,127.155682998178
인천광역시,미추홀구,용마루 평생학습관,"인천광역시 미추홀구 낙섬중로 129 (용현동, 엘에이치미추홀3단지)용마루지역학습센터 (2층)",10명,1644-5561,37.458260080064,126.642662172692
충청북도,청주시,가덕면행정복지센터,충청북도 청주시 상당구 가덕면 보청대로 4646 3층 강당,10명,043-900-5006,36.5535904536983,127.548840733518
강원도,화천군,화천군 하늘빛호수마을,강원도 화천군 하남면 호수마을길 39 원천2리 마을회관 1층 회의실,5명,033-910-0833,38.055262079698,127.66983084445
부산광역시,사상구,부산도서관,부산광역시 사상구 사상로310번길 33 (덕포동)부산도서관,10명,070-5029-0817,35.1727231677342,128.985297783952
경기도,부천시,부천시인생이모작지원센터,경기도 부천시 장말로 107 (상동)부천시인생이모작지원센터  3층,10명,1600-6813,37.4947834384595,126.754214175503
광주광역시,남구,월산4동 행정복지센터,광주광역시 남구 대남대로390번길 11 (월산동)소회의실,7명,062-224-0096,35.1466979775147,126.890765061469
경상남도,거제시,거제시 하청도서관,경상남도 거제시 하청면 하청로 12-7하청면복합청사 3~4층,10명,055-213-2777,34.9553333504085,128.655197731546
경상남도,진주시,진주시 근로자가족복지회관,경상남도 진주시 동진로263번길 14 (상대동)근로자가족복지회관 컴퓨터교실 4층,10명,055-213-2778,35.1812496818005,128.121105929197
서울특별시,중구,신당누리센터 누리도서관,서울특별시 중구 다산로33길 3 (신당동)1층 누리도서관 교육실,10명,1544-9782,37.5620188844565,127.014445018452
서울특별시,관악구,관악구건강가정다문화가족지원센터,서울특별시 관악구 낙성대로4가길 5 (봉천동)낙성대동주민센터 4F,10명,1544-9782,37.4764886610729,126.958338969029
서울특별시,강서구,강서노인종합복지관,서울특별시 강서구 화곡로61길 85 (등촌동)2층,10명,1544-9782,37.5581231966538,126.847551552263
경상남도,고성군,고성군 농업기술센터,경상남도 고성군 고성읍 남해안대로 2829-60 농업기술센터,10명,055-213-2778,34.9960144900285,128.325767235879
경상북도,포항시,포항시 동해면민복지회관,경상북도 포항시 남구 동해면 일월로123번길 17-45 2층,8명,054-841-2182,35.9905051797699,129.446530925904
경상남도,창원시,창원시 대원동평생학습센터,경상남도 창원시 성산구 대원로93번길 2 (대원동)대원동평생학습센터,10명,055-213-2775,35.235054339671,128.651034110225
경상북도,예천군,예천군 노인복지회관,경상북도 예천군 예천읍 충효로 209-19 1층 신한더드림사랑방,12명,054-841-2182,36.6519743166706,128.446214136119
경기도,안성시,안성맞춤아트홀,경기도 안성시 발화대길 21 (현수동)안성맞춤아트홀 전산교육장 2층 204호,20명,1600-6813,37.0014020875777,127.278940818885
경기도,시흥시,시흥시노인종합복지관,경기도 시흥시 장현능곡로 214 (능곡동)시흥시 노인종합복지관1층,10명,1600-6813,37.3686587188307,126.813300687945
서울특별시,영등포구,시니어행복발전센터,서울특별시 영등포구 디지털로 441 (대림동)대림제1동 주민센터 1층,20명,1544-9782,37.4954572331627,126.90584198104
인천광역시,부평구,부개2동 행정복지센터,인천광역시 부평구 동수천로 104 (부개동)부개2동 행정복지센터 2층 회의실,10명,1644-5561,37.4948176418998,126.737122470903
대전광역시,유성구,온천2동행정복지센터,대전광역시 유성구 장대로 120 (장대동)2층,10명,042-716-0198,36.3654196236635,127.333415918117
전라남도,신안군,신안군청,전라남도 신안군 압해읍 천사로 1004 별관 2층,30명,1566-6105,34.8336021815033,126.351425287896
경상북도,김천시,대한노인회 김천시지회,경상북도 김천시 충효길 109 (성내동)2층,7명,054-841-2182,36.1241036023418,128.118585664624
경기도,광명시,광명시립하안노인종합복지관,경기도 광명시 철망산로 48 (하안동)2층 프로그램실,10명,1600-6813,37.468019227054,126.87423250752
대구광역시,북구,소상공인시장진흥공단 대구북부센터,대구광역시 북구 옥산로17길 14 (칠성동2가)2층 교육장,10명,053-214-1801,35.8857762840701,128.586019043273
강원도,철원군,철원군 평생학습관,강원도 철원군 갈말읍 군탄로 65 2층 전산실,10명,033-910-0833,38.14927546904,127.30832273534
인천광역시,서구,서구 자연공간 숨,인천광역시 서구 원당대로 671 (마전동)성광빌딩 301호 (자연공간 숨),5명,1644-5561,37.5939716853346,126.675843525656
경상남도,김해시,김해시 삼방동장애인복지관,경상남도 김해시 인제로 258 (삼방동),10명,055-213-2778,35.2514140410155,128.903652520305
경상북도,포항시,포항시 LH새날작은도서관,"경상북도 포항시 북구 장량중앙로100번길 1 (양덕동, 포항장량LH천년나무6단지아파트)관리동 1층 다목적실",7명,054-841-2182,36.0874389541846,129.392796940574
경기도,수원시,화서블루밍푸른숲경로당,"경기도 수원시 팔달구 화양로50번길 30 (화서동, 블루밍 푸른숲 아파트)블루밍푸른숲경로당1층",10명,1600-6813,37.2818683827744,127.001074174816
서울특별시,강동구,강동 노인대학,서울특별시 강동구 천중로49길 104 (명일동)구립강동노인회관 3층,10명,1544-9782,37.5452629874983,127.144717563264
부산광역시,금정구,금정구 평생학습관,부산광역시 금정구 작장2길 49 (노포동)금정구 평생학습관,12명,070-5029-0817,35.2825622674907,129.092871732288
서울특별시,영등포구,영등포노인종합복지관,서울특별시 영등포구 도림로 482 (문래동3가)3층,20명,1544-9782,37.5168563355065,126.890541520829
경기도,하남시,하남시미사강변종합사회복지관,"경기도 하남시 아리수로 565 (망월동, 미사강변도시13단지)미사강변종합복지관 1층",10명,1600-6813,37.569300858571,127.189468066887
경기도,연천군,연천군청소년육성재단,경기도 연천군 전곡읍 전영로 11 연천군청소년육성재단1층,10명,1600-6813,38.0306359144474,127.067057790344
경기도,수원시,한국장애인교육문화협회,경기도 수원시 영통구 매탄로 53-1 (매탄동)2층 201호,10명,1600-6813,37.2560615892423,127.040478603478
서울특별시,관악구,SK텔레콤 보라매사옥,서울특별시 관악구 보라매로5길 1 (봉천동)1층 교육장,10명,1544-9782,37.4921970588676,126.926446365551
강원도,홍천군,홍천군 노인복지관,강원도 홍천군 홍천읍 태학여내길 80-3 본관 2층 정보화실,20명,033-910-0833,37.7129013458118,127.907281118609
인천광역시,부평구,백운 e-배움터,인천광역시 부평구 마장로 82 (십정동)부평3동주민센터 4층 세미나실,10명,1644-5561,37.4860564022652,126.708273279763
경기도,수원시,경기도노인회관,"경기도 수원시 팔달구 인계로101번길 1 (인계동)경기도노인회관 1층,4층",10명,1600-6813,37.2683479463373,127.0287160159
울산광역시,동구,동울산주차장 고객지원센터,"울산광역시 동구 진성3길 59, 2층회의실",24명,1899-9119,35.5101727262216,129.426312298868
전라북도,정읍시,북부노인복지관,전라북도 정읍시 신태인읍 신태인중앙로 40 2층,13명,1899-6222,35.6890004964087,126.889492493387
경기도,안양시,안양우편집중국,"경기도 안양시 동안구 평촌대로 212 (관양동)5층, IT나눔터",10명,1600-6813,37.3914586237947,126.956910236176
경기도,안산시,안산시 다문화가족 지원센터,경기도 안산시 단원구 화정로 26 (초지동)안산시 다문화가족 지원센터 2층,10명,1600-6813,37.3311703231455,126.815391256253
광주광역시,서구,상록도서관,광주광역시 서구 상무대로1171번길 11 (농성동)상록도서관,5명,062-224-0096,35.1552226268398,126.888917756707
부산광역시,수영구,수영구 노인복지관,부산광역시 수영구 황령대로489번길 83,10명,070-5029-0817,35.1400466504581,129.111172072417
충청남도,당진시,당진시노인복지관,충청남도 당진시 시청1로 38 (수청동)당진시노인복지관 정보나눔터,20명,041-415-1097(8),36.8916503203608,126.643443883053
세종특별자치시,한누리대로,소담동복합커뮤니티센터,세종특별자치시 한누리대로 2023 (소담동)3층 알파룸-3,15명,044-868-6024,36.4840735949817,127.300368266026
대구광역시,동구,율하북 작은도서관,"대구광역시 동구 율하서로 59 (율하동, 율하휴먼시아5단지)507동 주민복지관내",15명,053-214-1801,35.863373001223,128.691514374539
세종특별자치시,조치원읍,누리봄 마을학교,세종특별자치시 조치원읍 이화1로 15 (조치원 신흥 e-편한세상 아파트)119동 상가 104호,5명,044-868-6024,36.5934739987856,127.285050287239
전라남도,순천시,더해봄시니어코칭센터,전라남도 순천시 송정길 46 (조례동)2층,10명,1566-6105,34.9601584529791,127.512220596069
부산광역시,사하구,사하구청,부산광역시 사하구 낙동대로398번길 12 (당리동)사하구청 정보화교육장,15명,070-5029-0817,35.1045019580248,128.974790181016
강원도,원주시,단계동 행정복지센터,강원도 원주시 북원로 2321 (단계동)2층 회의실,20명,033-910-0833,37.3526377745423,127.934459793347
강원도,원주시,미리내도서관,강원도 원주시 양지로 46 (반곡동)1층 문화강좌실,60명,033-910-0833,37.3252796928335,127.983880462194
전라북도,정읍시,정읍시노인복지관,전라북도 정읍시 금붕1길 212 (금붕동)2층,12명,1899-6222,35.5537935921771,126.8930382704
경기도,수원시,선경도서관교육장,경기도 수원시 팔달구 신풍로23번길 68 (신풍동)선경도서관1층,10명,1600-6813,37.2838622883287,127.010432152228
인천광역시,연수구,꿈꾸는배움터,인천광역시 연수구 벚꽃로 106 (청학동)연수광장프라자 304호,20명,1644-5561,37.417629577327,126.677229352187
서울특별시,송파구,송파복지센터,서울특별시 송파구 충민로 184 (장지동)2층,10명,1544-9782,37.4857949194391,127.134322169385
충청북도,충주시,충주열린학교,충청북도 충주시 으뜸로 40 (금릉동)부용빌딩 5층 컴퓨터실,15명,043-900-5006,36.9895721899967,127.928049795092
강원도,양구군,양구 문화복지센터,강원도 양구군 양구읍 비봉로73번길 52 2층 교육장,10명,033-910-0833,38.1090100528819,127.983922342503
전라남도,광양시,광양노인복지관,전라남도 광양시 광양읍 백운로 8-3 2층 컴퓨터실,10명,1566-6105,34.9705482568507,127.591074642925
강원도,양양군,양양군 문화복지회관,강원도 양양군 양양읍 일출로 540 3층 컴퓨터정보교실2,10명,033-910-0833,38.0763936470602,128.626754830027
경상북도,안동시,안동시근로자종합복지관,경상북도 안동시 옥동1길 19 (옥동)2층 취미교육실,10명,054-841-2182,36.5594258848521,128.699393292168
서울특별시,양천구,행복둥지 작은도서관,서울특별시 양천구 신월로24길 8 (신월동)3층 행복둥지 작은도서관,10명,1588-9782,37.5207785038549,126.846658118934
서울특별시,용산구,용산구청 교육장,서울특별시 용산구 녹사평대로 150 (이태원동)8층,23명,1544-9782,37.5324522944579,126.990478820837
인천광역시,남동구,남촌 어울림 커뮤니티센터,인천광역시 남동구 남촌동로26번길 20 (남촌동)남촌커뮤니티센터 (3층 대강의실),10명,1644-5561,37.4329383091417,126.716046042499
경기도,수원시,버드내노인복지관,"경기도 수원시 권선구 권선로564번길 36 (세류동)버드내노인복지관2,3층",10명,1600-6813,37.2611282402289,127.012075233907
충청북도,충주시,충주시립도서관,충청북도 충주시 예성로 207 (교현동)2층 제2강의실,20명,043-900-5006,36.9747798006466,127.933806278093
부산광역시,기장군,기장군청,부산광역시 기장군 기장읍 기장대로 560 기장군청,10명,070-5029-0817,35.2434815827191,129.222956025904
경기도,김포시,김포노인대학 (대한노인회 부설),경기도 김포시 북변1로16번길 17 (북변동)김포노인대학(대한노인회 김포시지회 부설)어린이집 건물 3층,15명,1600-6813,37.6276707117279,126.70438960825
경상북도,예천군,예천군청,경상북도 예천군 예천읍 충효로 111 후문 1층 정보화교육장,20명,054-841-2182,36.64691061077,128.437369329442
강원도,속초시,속초시평생교육문화센터,강원도 속초시 동해대로 4243 (교동)2층 전산2실,10명,033-910-0833,38.1968073834487,128.576693077109
경상북도,고령군,고령군 다산행정복합타운,경상북도 고령군 다산면 다산로 681 2층,24명,054-841-2182,35.8226936301654,128.452112158638
경상남도,진주시,진주시 상봉옹달샘 배움터,경상남도 진주시 비봉로85번길 12 (상봉동)상봉옹달샘 배움터 2층 상봉동주민센터,15명,055-213-2778,35.1982906484743,128.078045484589
전라남도,해남군,해남군다문화가족지원센터,전라남도 해남군 해남읍 북부순환로 8 2층,10명,1566-6105,34.5717557240828,126.610071652359
부산광역시,영도구,동삼동 지역아동센터,부산광역시 영도구 동삼로59번길 14 (동삼동)동삼동 지역아동센터(옹달샘),20명,070-5029-0817,35.0786289895765,129.06963266248
충청남도,보령시,예미지경로당,"충청남도 보령시 주공로 100 (명천동, 더 퍼스트 예미지)306동 1층 예미지경로당",15명,041-415-1097(8),36.3388701669574,126.608191587432
전라남도,순천시,서면자치작은도서관,전라남도 순천시 서면 임촌동길 94 2층,10명,1566-6105,34.9947358955138,127.488446622109
강원도,강릉시,강릉시 청소년수련관,강원도 강릉시 종합운동장길 72-21 (교동)강릉시청소년수련관 3층 마루실,10명,033-910-0833,37.772091545331,128.89371755118
대구광역시,동구,영미스마트교육진흥원,대구광역시 동구 팔공로 146 (불로동)2층 ,10명,053-214-1801,35.911760427632,128.641362911104
대구광역시,동구,성문 평생교육원,대구광역시 동구 화랑로19길 7 (효목동)2층,20명,053-214-1801,35.873315012384,128.637448439828
서울특별시,마포구,마포평생학습관 아현분관,서울특별시 마포구 마포대로 224 (아현동)1층,10명,1544-9782,37.553844208003,126.957220821891
경기도,광명시,소하노인종합복지관,경기도 광명시 소하로 25 (소하동)소하노인종합복지관3층,10명,1600-6813,37.4522229067659,126.884969410898
서울특별시,송파구,잠실본동송파키움센터,서울특별시 송파구 올림픽로8길 22 (잠실동)잠실청소년센터 8층,10명,1544-9782,37.5096316769406,127.080101710033
서울특별시,구로구,천왕숲우리동네키움센터,서울특별시 구로구 오리로 1102-6 (천왕동)서울주택도시공사구로금천센터 1층,10명,1544-9782,37.483696976511,126.842451488492
울산광역시,북구,염포동행정복지센터,"울산광역시 북구 염포로 707, 2층",8명,180-0-0096,35.5307064258449,129.394347988356
강원도,강릉시,강릉시 평생학습관,강원도 강릉시 강릉대로 454 (포남동)2층 205호,10명,033-910-0833,37.773321698275,128.913281617539
서울특별시,강남구,강남구립대치노인복지센터,서울특별시 강남구 역삼로69길 22 (대치동)지하 1층,10명,1544-9782,37.5030425172595,127.054130053578
충청남도,서천군,서천노인복지관,충청남도 서천군 종천면 충서로302번길 88-26 서천노인복지관 2층 컴퓨터실,10명,041-415-1097(~1098),36.1107464185825,126.656454499058
경기도,의왕시,사랑채노인복지관,경기도 의왕시 복지로 109 (내손동)사랑채노인복지관 2층 IT룸,10명,1600-6813,37.3875275741481,126.981610788774
경상남도,사천시,사천시 서포면행정복지센터,경상남도 사천시 서포면 자구로 465-17 서포면행정복지센터,10명,055-213-2775,35.006113115533,127.97796456848
전라남도,강진군,강진복지타운,전라남도 강진군 강진읍 영랑로1길 10 강진복지타운 3층,20명,1566-6105,34.6374779835376,126.770676193855
인천광역시,강화군,강화군청,인천광역시 강화군 강화읍 강화대로 394 강화군청,10명,1644-5561,37.7461304676795,126.487735023805
서울특별시,서대문구,서대문구 노인지회,서울특별시 서대문구 통일로 484 (홍제동)유진상가 2층,10명,1544-9782,37.5916315313704,126.94304229044
충청북도,청주시,충청북도장애인정보화협회,충청북도 청주시 청원구 밀레니엄1로 55 (사천동)1층 강의실,25명,043-900-5006,36.679425302054,127.476236113384
경기도,구리시,구리시 인창도서관,경기도 구리시 건원대로34번길 90 (인창동)1층,10명,1600-6813,37.6052803931442,127.145854692921
전라남도,무안군,무안군 삼향읍 상생배움터,전라남도 무안군 삼향읍 후광대로 282 3층(전문건설회관),60명,1566-6105,34.8139775009004,126.462385799871
충청남도,아산시,아산시 동부노인복지관,충청남도 아산시 배방읍 순천향로 1060 아산시 동부노인복지관 4층 컴퓨터실,20명,041-415-1097(~1098),36.7636916562438,127.038024728214
충청북도,제천시,명락노인종합복지관,충청북도 제천시 내제로5길 12 (명동)2층 배움터,20명,043-900-5006,37.1327689569799,128.203446741853
전라남도,순천시,순천동부복지관,전라남도 순천시 장선배기길 18 (조례동)2층,20명,1566-6105,34.9527607233728,127.524479549212
전라북도,전주시,전북장애인위드(with)센터,전라북도 전주시 완산구 관선3길 21-15 (남노송동)건너편 별관 1층 ,15명,1899-6222,35.8218125593338,127.154906069499
서울특별시,은평구,은평문화예술회관,서울특별시 은평구 녹번로 16 (녹번동)지하1층 컴퓨터실,10명,1877-3612,37.6036996869964,126.927901672834
경상북도,칠곡군,칠곡군 석적읍행정복지센터,경상북도 칠곡군 석적읍 남율로7길 7 1층,6명,054-841-2182,36.0667359827778,128.401171076198
경상북도,칠곡군,칠곡군 왜관읍사무소,경상북도 칠곡군 왜관읍 2번도로길 16 1층,4명,054-841-2182,35.9889440349695,128.397826216311
서울특별시,도봉구,청학경로당,서울특별시 도봉구 도당로13라길 104-4 (방학동)청학경로당 1층,10명,1544-9782,37.6691220207187,127.038985044663
부산광역시,연제구,거제평생학습관,부산광역시 연제구 거제대로 180 (거제동)거제3동 행정복지센터 2층 정보화교육장,10명,070-5029-0817,35.1842855093959,129.071200965912
대전광역시,서구,서구청,대전광역시 서구 둔산서로 100 (둔산동)서구청 6층 정보화교육장,10명,042-716-0198,36.3550560085393,127.38335761067
강원도,삼척시,삼척시 평생학습관,강원도 삼척시 청석로3길 16-41 (교동)2층 207호,10명,033-910-0833,37.449125551405,129.178030798195
인천광역시,계양구,계산3동 행정복지센터,인천광역시 계양구 계산새로 7 (계산동)계산3동행정복지센터 (3층 대회의실),10명,1644-5561,37.5377344603453,126.728978554094
울산광역시,남구,번영로 두산위브 작은도서관,"울산광역시 남구 번영로 29 (야음동, 울산 번영로 두산위브)",5명,180-0-0096,35.5290949813801,129.328798468765
인천광역시,중구,성.미가엘종합사회복지관,인천광역시 중구 송학로 40 (내동)성미가엘종합사회복지관 (3층 강당),10명,1644-5561,37.4744492729173,126.62726167829
서울특별시,마포구,성산1동주민센터,서울특별시 마포구 성산로4길 15 (성산동)주민센터 4층(성산1동정보화교육장),24명,1544-9782,37.563368493241,126.907895665906
강원도,춘천시,사북면지역아동센터 꿈마을,강원도 춘천시 사북면 원평길 45 원평교회 옆 사북면지역아동센터 1층 교육장,15명,033-248-1138,38.0046706109294,127.63759057745
충청북도,충주시,충주우체국,충청북도 충주시 국원대로 20 (문화동)3층 소회의실,10명,043-900-5006,36.9739777393761,127.924647086579
경기도,수원시,대한노인회장안구지회,경기도 수원시 장안구 수성로340번길 30 (영화동)2층,10명,1600-6813,37.2913260850781,127.009923094418
전라남도,보성군,보성군노인복지관,전라남도 보성군 벌교읍 신정길 47-23 2층,10명,1566-6105,34.8455873798815,127.351470101046
서울특별시,송파구,마천종합사회복지관,서울특별시 송파구 마천로65길 4 (마천동)3층,10명,1544-9782,37.4917668559696,127.155638174008
충청남도,홍성군,홍성 노인종합복지관,충청남도 홍성군 홍성읍 내포로146번길 30-11 홍성 노인종합복지관 1층 컴퓨터실,20명,041-415-1097(~1098),36.5971546382478,126.654646348635
경기도,안산시,사동 행정복지센터,경기도 안산시 상록구 석호로 171 (사동)2층 교육실 ,10명,1800-0096,37.2971051068183,126.851048968834
경기도,여주시,버팀목 장애인야학당,경기도 여주시 여흥로160번길 49-3 (상동)1층,10명,1600-6813,37.2917439070394,127.641148193131
강원도,원주시,중앙동 배움터,강원도 원주시 중앙로 83 (중앙동)6층 602호,10명,033-910-0833,37.3484901589487,127.951364944628
전라북도,전주시,꽃밭정이 노인복지관,전라북도 전주시 완산구 평화14길 27-53 (평화동2가)2층,10명,1899-6222,35.7914442657379,127.134059413568
인천광역시,중구,중구청,인천광역시 중구 제물량로 216 (해안동2가)정보화교육장 ,10명,1644-5561,37.4721877063264,126.620763659036
서울특별시,동작구,시립발달장애인복지관,서울특별시 동작구 여의대방로20나길 39 (신대방동)2층,10명,1544-9782,37.4904908107395,126.918337602822
서울특별시,성동구,독서당인문아카데미센터,서울특별시 성동구 금호로 30 (금호동4가)2층 교육실,10명,1544-9782,37.5461598550224,127.02530434672
전라남도,광양시,광양옥실정보화마을,전라남도 광양시 옥곡면 대죽1길 78 광양옥실정보화마을 1층,10명,1566-6105,34.997853167076,127.681302736478
서울특별시,은평구,시립은평노인종합복지관,서울특별시 은평구 연서로 415 (진관동)2층,20명,1544-9782,37.6322508137652,126.929982419795
서울특별시,구로구,메리워드지역아동센터,"서울특별시 구로구 고척로 49 (오류동, 동부골든아파트)동부골든아파트 210동 상가 3층",5명,1544-9782,37.5000072590916,126.841368999526
대전광역시,중구,마미뜰작은도서관,대전광역시 중구 목중로39번길 39 (목동)3층,10명,042)716-0198,36.3358939236591,127.408474979059
경기도,포천시,아름누리공동체,경기도 포천시 영북면 영북로 191 축협2층,10명,1600-6813,38.0912933015073,127.274116144775
경기도,수원시,수원농아인시각장애인쉼터,경기도 수원시 권선구 서둔로 266 (서둔동)수원농아인시각장에인쉼터3층,10명,1600-6813,37.2752086588025,126.979045627085
충청남도,당진시,당진남부노인복지관,충청남도 당진시 합덕읍 예덕로 411 당진남부노인복지관 1층 프로그램1실,10명,041-415-1097~8,36.8109273871775,126.765521993642
경상북도,영천시,영천완산미소지움아파트 도서관,"경상북도 영천시 완산5길 25 (완산동, 완산미소지움)1층 도서관",10명,054-841-2182,35.9674427522069,128.941645874083
부산광역시,서구,하랑플러스,부산광역시 서구 구덕로142번길 31 (토성동4가)하랑플러스,10명,070-5029-0817,35.0977469189998,129.022844823688
부산광역시,서구,글로벌청소년교육문화,"부산광역시 서구 충무대로 8 (암남동, 기산비치타운)기산비치타운 3층 308호 글로벌청소년교육문화",10명,070-5029-0817,35.076379892139,129.016472416245
경기도,오산시,초평도서관,경기도 오산시 발안로 1353-11 (누읍동)초평도서관 지하1층 ( 누읍동 561) ,10명,1800-0096,37.1424675228181,127.046546060175
부산광역시,서구,서구청,부산광역시 서구 구덕로 120 (토성동4가)서구청 전산교육장,10명,070-5029-0817,35.0975415693233,129.023426158671
경상북도,경산시,경산시 서부동주민자치센터,경상북도 경산시 경산로42길 17 (옥산동)서부동 주민자치센터,10명,054-841-2182,35.8275910631269,128.727832043742
경기도,시흥시,목감종합사회복지관(본),경기도 시흥시 목감초등길 45 (조남동)목감종합사회복지관 2층,10명,1600-6813,37.385644748707,126.858435976563
경기도,남양주시,해피누리노인복지관,경기도 남양주시 늘을2로 67 (호평동)해피누리복지관 2층 세미나실 ,10명,1600-6813,37.6588779545358,127.242279677092
서울특별시,강북구,강북문화정보도서관,서울특별시 강북구 오현로 145 (번동)강북문화정보도서관(문화교실 또는 상상공작소),10명,1544-9782,37.6251153938762,127.036079668809
전라남도,여수시,여수행복누림재가복지센터,"전라남도 여수시 충민로 169 (덕충동, 다세대주택)1층 103호(여수행복누림재가복지센터)",10명,1566-6105,34.7538302028437,127.736043188157
부산광역시,사상구,사상도서관,부산광역시 사상구 덕상로72번길 9 (덕포동)사상도서관,10명,070-5029-0817,35.1781299330127,128.989794412318
충청남도,보령시,보령중증장애인협회,충청남도 보령시 대흥로 84 (대천동)인승빌딩 303호 충남중증장애인자립생활협회 정보화교육장,15명,041-415-1097~8,36.3517101877986,126.590343731431
전라북도,진안군,진안군노인복지관,전라북도 진안군 진안읍 마이산로 76 2층,10명,1899-6222,35.7805980214404,127.418501083975
전라남도,광양시,광양광영동경모정,전라남도 광양시 정수길 2 (광영동)2층,20명,1566-6105,34.9623058318309,127.722575985518
경상북도,구미시,구미시립도서관,경상북도 구미시 경은로 85 (형곡동),30명,054-841-2182,36.1137977966839,128.335221516735
경기도,화성시,화성시서부노인복지관,경기도 화성시 남양읍 시청로 155 모두누림센터 4층 강의실3,15명,1600-6813,37.1989032479055,126.828667183456
충청남도,서산시,회포정보화마을,충청남도 서산시 대산읍 운산나루터길 37-16 운산5리 회포정보화마을회관 정보센터 2층,15명,041-415-1097(~1098),36.9311737883826,126.465443881173
전라남도,목포시,목포이랜드노인복지관,전라남도 목포시 용당로161번길 14 (용당동)2층,40명,1566-6105,34.8018333157316,126.399226821245
울산광역시,중구,우정동행정복지센터,울산광역시 중구 장춘로 30 (우정동)2층 프로그램실,15명,1899-9119,35.5552694454833,129.312517463525
충청북도,청주시,창의마루,충청북도 청주시 상당구 산성로116번길 28 (용담동)202호,10명,043-900-5006,36.6323958607254,127.505767781832
광주광역시,북구,문흥1동 행정복지센터,광주광역시 북구 대천로 140-3 (문흥동)2층 컴퓨터실,10명,062-224-0096,35.1867670594301,126.921631215592
전라북도,익산시,글마루 도서관,"전라북도 익산시 무왕로32길 80 (팔봉동, 기안파인골드빌2차)글마루 도서관 1층",6명,1899-6222,35.9654749538211,127.015587291329
광주광역시,광산구,첨단종합사회복지관,광주광역시 광산구 첨단중앙로 160 (쌍암동)첨단종합사회복지관 4층,5명,062-224-0096,35.2195270753685,126.842363554305
강원도,평창군,평창군문화복지센터,강원도 평창군 평창읍 평창중앙로 67 1층 소회의실,10명,033-910-0833,37.3687698207724,128.394884612691
부산광역시,강서구,명지2동 행정복지센터,부산광역시 강서구 명지오션시티11로 35 (명지동)명지2동 행정복지센터,10명,070-5029-0817,35.0845630003953,128.900068971723
전라남도,순천시,순천시육아종합지원센터,전라남도 순천시 율산길 27 (연향동)1층,20명,1566-6105,34.9416039343411,127.525309391117
세종특별자치시,시청대로,세종케어재활전문주간보호센터,세종특별자치시 시청대로 20 (대평동)아마존타워 801호,25명,044 868 6024,36.4744746693691,127.275325093674
충청남도,금산군,다락원 청소년·장애인의 집 정보화 교육장,충청남도 금산군 금산읍 금산로 1559 다락원 청소년·장애인의 집 2층 정보화 교육장,20명,041-415-1097(8),36.1120666337274,127.491638763182
강원도,횡성군,횡성군립도서관,강원도 횡성군 횡성읍 문예로 75 문화체육공원 내 군립도서관 2층  강의실3,15명,033-910-0833,37.4886376755291,127.975199115401
경기도,여주시,여주시교육장,경기도 여주시 여흥로 148 (상동)여흥동 행정복지 센터 3층,20명,1600-6813,37.2949655461045,127.63962672607
서울특별시,서초구,우면종합사회복지관,"서울특별시 서초구 바우뫼로7길 11 (우면동, 우면주공아파트)우면종합사회복지관 2층",10명,1544-9782,37.469861799836,127.023866004927
강원도,인제군,인제하늘내린센터,강원도 인제군 인제읍 비봉로44번길 100 하늘내린센터 3층 정보화교육장,18명,033-910-0833,38.0606741075982,128.164952014237
인천광역시,서구,연희노인문화센터,인천광역시 서구 승학로 263 (심곡동)연희노인문화센터 (1층 컴퓨터실 ),10명,1644-5561,37.5462217518504,126.672127636972
경기도,안산시,단원구 노인복지관,경기도 안산시 단원구 선부광장1로 134(선부동)단원구 노인복지관 1층,10명,1600-6813,37.3322681827288,126.810573678908
강원도,춘천시,강원스마트쉼센터,강원도 춘천시 중앙로 1 (봉의동)강원도청 청사관리동 2층 스마트쉼센터 상담실,15명,033-910-0833,37.8800729197963,127.727907820318
경기도,수원시,한림도서관 교육장,경기도 수원시 권선구 동수원로25번길 32-52 (권선동)한림도서관2층,10명,1600-6813,37.2376010237797,127.025024922521
강원도,원주시,밥상공동체 종합사회복지관,강원도 원주시 일산로 81-23층 교육실,100명,033-910-0833,37.3462844647773,127.951483823707
인천광역시,남동구,인천남동지역자활센터,인천광역시 남동구 만수로 12-6 (만수동)인천남동지역자활센터 (4층),10명,1644-5561,37.4580417361951,126.730744343023
경상북도,울진군,울진군청,경상북도 울진군 울진읍 울진중앙로 121 1층 정보화교육장,16명,054-841-2182,36.9930659818234,129.400516554989
부산광역시,해운대구,문화복합센터,부산광역시 해운대구 센텀중앙로 170,10명,070-5029-0817,35.1820881952822,129.12141414575
대전광역시,유성구,유성실버복지센터,대전광역시 유성구 원신흥남로27번길 54 (원신흥동)교육장,10명,042-716-0198,36.3341605963819,127.335512835484
경기도,안산시,본오1동 행정복지센터,경기도 안산시 상록구 샘골로 16 (본오동)2층 교육실 ,10명,1800-0096,37.2851064612367,126.864249576126
경기도,안산시,은빛둥지,경기도 안산시 상록구 본오로2길 20 (본오동)은빛둥지 2층(구 새마을복지관 2층) ,10명,031-438-4088,37.2863594207547,126.868295733879
부산광역시,수영구,도도수영8A,부산광역시 수영구 망미번영로60번길 22 (수영동)망미번영로60번길 24 도도수영8A,12명,051-987-0201 ,35.1717397741465,129.110637181156
부산광역시,연제구,연제구지역자활센터,부산광역시 연제구 봉수로 17 (연산동)3층 연제구지역자활센터,10명,070-5029-0817,35.1727274741814,129.088908850488
경상북도,영주시,영주시장애인정보화협회,경상북도 영주시 구성로 280 (휴천동)단층,6명,054-841-2182,36.8179540096859,128.627907798385
전라남도,광양시,광양시청소년문화센터,전라남도 광양시 광장로 14 (중동)2층,10명,1566-6105,34.9376506885854,127.690301031721
대구광역시,북구,노원행복도서관,대구광역시 북구 노원로 134 (노원동3가)1층 정면안쪽,5명,053-214-1801,35.8969528043001,128.575764524629
경상남도,김해시,서부장애인종합복지관,경상남도 김해시 대청로176번길 30 (대청동)2층 정보화교육실,10명,055-213-2775,35.1902906632375,128.799377067976
인천광역시,남동구,만월종합사회복지관,인천광역시 남동구 서판로54번길 12 (만수동)만월종합사회복지관,10명,1644-5561,37.4635906496918,126.725477839784
제주특별자치도,제주시,상명정낭정보화마을,제주특별자치도 제주시 한림읍 상한로 4 상명정낭정보화마을,10명,1899-8723,33.3579625110027,126.274115244147
서울특별시,노원구,공릉종합사회복지관,"서울특별시 노원구 동일로 1127 (공릉동, 공릉1단지아파트)공릉종합사회복지관 본관지하교육장",10명,1544-9782,37.6295896681388,127.069854784391
울산광역시,울주군,언양서부다함께돌봄센터,울산광역시 울주군 언양읍 방천3길 15-3 2층,10명,180-0-0096,35.5659022120713,129.115474275332
경상북도,울진군,울진군 직산1리마을회관,경상북도 울진군 평해읍 제장로 133 ,10명,054-841-2182,36.732864223455,129.475736083028
경상북도,영덕군,영덕군 예주고을체험마을,경상북도 영덕군 영해면 예주8길 14-7 예주고을 ,15명,054-841-2182,36.5390618634328,129.413477963954
전라북도,군산시,군산 희망루배움터,"전라북도 군산시 월명로 584 (해망동, 희망루)1층",6명,1899-6222,35.9880595065398,126.697686477497
경기도,양평군,양동면 주민자치센터,경기도 양평군 양동면 학둔지아래길 24 1층 정보화교육장,10명,1600-6813,37.4244521296175,127.751415648863
경상북도,경주시,경주시 강동면복지회관,경상북도 경주시 강동면 강동로 17 ,10명,054-841-2182,35.9870921888822,129.272832822438
충청남도,보령시,보령지역자활센터,충청남도 보령시 원동1길 95 (대천동)2층 보령지역자활센터,15명,041-415-1097(8),36.3503044862633,126.600173193754
전라남도,나주시,나주에코왕곡교육센터,전라남도 나주시 왕곡면 나주서부로 371-14 나주에코왕곡교육센터 1층,20명,1566-6105,34.9676179132468,126.673148951336
강원도,춘천시,스무숲공소,강원도 춘천시 안마산로 290-7 (석사동)지하 1층 주회의실,10명,033-263-9750,37.8459829922968,127.745263239499
경기도,수원시,창룡도서관교육장,경기도 수원시 팔달구 월드컵로381번길 36 (우만동)창룡도서관2층,10명,1600-6813,37.2907426666042,127.027547034257
경기도,부천시,오정도서관,경기도 부천시 성오로 172 (오정동)오정도서관(오정어울마당 내),10명,1600-6813,37.5283486197916,126.796025892767
전라남도,곡성군,곡성군청,전라남도 곡성군 곡성읍 군청로 50 3층,20명,1566-6105,35.2821563119349,127.292655369317
전라남도,영암군,영암삼호읍종합복지회관,전라남도 영암군 삼호읍 세가래로 88 삼호복지회관 1층 경로당,10명,070-5117-4057,34.7486683430027,126.474640784031
서울특별시,성북구,상월곡 실버복지센터,서울특별시 성북구 화랑로18길 6 (상월곡동)3층 새로 배움터,10명,1544-9782,37.6058540469152,127.048233605235
서울특별시,동작구,시립동작노인종합복지관,서울특별시 동작구 상도로11길 7 (대방동)지하 1층,6명,1544-9782,37.5003904580472,126.929109745694
충청북도,진천군,광혜원문화복지회관,충청북도 진천군 광혜원면 구암길 64-3 ,20명,043-900-5006,36.9887237091295,127.430005050459
충청북도,제천시,제천시종합사회복지관,"충청북도 제천시 용두대로23길 14 (하소동, 하소주공4단지아파트)2층 정보화교실",15명,043-900-5006,37.146241676093,128.197258807033
충청북도,진천군,진천군노인복지관,충청북도 진천군 진천읍 문화7길 12-6 진천군노인복지관,20명,043-900-5006,36.8607636244342,127.440075668272
전라남도,목포시,목포시종합사회복지관,전라남도 목포시 고하대로 712 (산정동)목포시종합사회복지관 2층(나눔터),10명,1566-6105,34.8097938888394,126.375730992543
제주특별자치도,서귀포시,수산정보화마을,제주특별자치도 서귀포시 성산읍 수산서남로 17 수산1리사무소 1층,10명,1899-8723,33.4458803117143,126.882927846362
충청남도,태안군,태안 교육문화센터 전산교육장,충청남도 태안군 태안읍 백화로 180 교육문화센터 3층 전산교육장,15명,041-415-1097~8,36.7551923217213,126.309430552232
부산광역시,강서구,더 힐 시그니처 커뮤니티센터,"부산광역시 강서구 명지국제7로 110 (명지동, 더 힐 시그니처)더 힐 시그니처 커뮤니티센터",10명,051-987-0201 ,35.095930476945,128.913268117195
제주특별자치도,서귀포시,서귀포시청,제주특별자치도 서귀포시 중앙로 105 (서홍동)별관2층 전산교육장,10명,1899-8723,33.2542036297813,126.560218236924
전라남도,여수시,여수시노인복지관,전라남도 여수시 학동서4길 58-16 (학동)3층,20명,1566-6105,34.763738814281,127.658965409904
대구광역시,달서구,이곡2동 행정복지센터,대구광역시 달서구 계대동문로 77 (이곡동),10명,053-214-1801,35.8557394054449,128.500724379784
부산광역시,기장군,한국장애인고용공단 부산직업능력개발원,부산광역시 기장군 정관읍 산단5로 54 한국장애인고용공단 부산직업능력개발원,15명,051-987-0201,35.316783615165,129.19765882654
전라남도,목포시,목포하당노인복지관,전라남도 목포시 입암로20번길 25 (상동)2층,20명,1566-6105,34.7996928162417,126.418914243419
전라남도,화순군,화순나드리노인복지관,전라남도 화순군 화순읍 학포로 2642 2층,20명,1566-6105,35.0460316967943,126.968103078784
대구광역시,북구,침산1동 작은도서관,대구광역시 북구 침산남로13길 16 (침산동)2층 작은도서관,18명,053-214-1801,35.8903182218,128.581352125025
충청북도,옥천군,청산면 노인복지관 분원,충청북도 옥천군 청산면 지전길 23-9 ,10명,043-900-5006,36.344175181337,127.793540841459
대전광역시,유성구,구암평생학습센터,대전광역시 유성구 유성대로626번길 57 (구암동)2층 정보화실,10명,042-716-0198,36.3492670852832,127.33025451134
전라남도,여수시,동여수노인복지관,전라남도 여수시 국동5길 7 (국동)1층,20명,1566-6105,34.732118602295,127.716994746297
경기도,수원시,권선구청,경기도 수원시 권선구 호매실로 12 (탑동)권선구청 2층 정보화교육장,10명,1600-6813,37.2576341602533,126.971898464354
대구광역시,북구,대구광역시여성회관,대구광역시 북구 팔달로1길 26 (노원동3가)204호,10명,053-214-1801,35.8943060428528,128.55505021898
부산광역시,남구,대연5동 행정복지센터,부산광역시 남구 진남로46번길 7 (대연동)대현5동 행정복지센터,15명,070-5029-0817,35.1384551553659,129.090161073559
서울특별시,송파구,장미 경로당,"서울특별시 송파구 올림픽로35길 104 (신천동, 장미아파트)장미 아파트 경로당",10명,1544-9782,37.519817176496,127.099302526074
경기도,포천시,청소년문화센터/문화의집,경기도 포천시 소흘읍 호국로523번길 59-56 1층,10명,1600-6813,37.8215582485331,127.128787730249
전라남도,순천시,순천용당노인복지관,전라남도 순천시 용당신흥길 66 (용당동)2층,20명,1566-6105,34.9680700241428,127.490180771186
전라북도,전주시,완산구청,전라북도 전주시 완산구 서원로 232 (효자동1가)완산구청 3층,10명,1899-6222,35.8121799091813,127.119784986155
충청남도,공주시,공주시장애인종합복지관,충청남도 공주시 의당로 23 (신관동)공주시장애인종합복지관 2층 강당,15명,041-415-1097~8,36.4741373145753,127.129265817502
경기도,안산시,선부종합사회복지관,"경기도 안산시 단원구 화정로 9 (선부동, 주공아파트)선부2동 선부종합사회복지관 2층",10명,1600-6813,37.3338587969121,126.813653600098
세종특별자치시,대평로,세종장애인평생교육원,세종특별자치시 대평로 71 (대평동)5층 509호 한국언어심리협회,10명,044 868 6024,36.4732788550834,127.277222179129
경상남도,김해시,삼방동어울림센터,경상남도 김해시 인제로230번길 46 (삼방동)3층 사무실,10명,055-213-2778,35.2471668142062,128.90719245461
광주광역시,북구,북구청 디지털배움터,광주광역시 북구 용봉로138번길 10 (중흥동)효죽제2공영주차장 1층,20명,062-224-0096,35.1726498896783,126.91113366013
서울특별시,마포구,가좌행복주택(커뮤니티센터),"서울특별시 마포구 성암로 28 (성산동, 가좌행복주택)행복주택 2층",10명,1544-9782,37.5691535548616,126.913300690329
경기도,수원시,자연생태교육연구소,경기도 수원시 권선구 효원로 106 (세류동)연구소 3층,20명,1600-6813,37.2658371289672,127.013362106678
전라남도,목포시,목포다함께돌봄센터,"전라남도 목포시 남악1로16번길 43-14 (옥암동, 코아루 천년가아파트)1층(목포다함께돌봄센터)",20명,1566-6105,34.8081257162165,126.45227880224
경기도,수원시,조원주공2단지 경로당,"경기도 수원시 장안구 금당로39번길 34 (조원동, 주공뉴타운)조원주공2단지 경로당 2층",10명,1600-6813,37.3043904683749,127.017806434027
전라북도,전주시,금암노인복지관,전라북도 전주시 덕진구 삼송5길 12 (금암동)3층,20명,1899-6222,35.8433072663653,127.137281835065
인천광역시,미추홀구,용현2동 행정복지센터,인천광역시 미추홀구 용마루로 56 (용현동)용현2동 행정복지센터 2층,10명,1644-5561,37.456177414614,126.644219932369
전라북도,익산시,전북장애인정보문화협회 익산지회,전라북도 익산시 중앙로 22-32 (중앙동1가)1층,15명,1899-6222,35.9392013384723,126.948976009311
부산광역시,남구,남구도서관,부산광역시 남구 수영로267번길 61 (대연동)남구도서관,10명,070-5029-0817,35.1376966788941,129.094567843567
대구광역시,달서구,송현1동 행정복지센터,대구광역시 달서구 중흥로8길 41 (송현동),10명,053-214-1801,35.8292317974844,128.554756358693
대구광역시,달서구,달서구노인종합복지관,대구광역시 달서구 학산로 140 (본동)달서구노인종합복지관 교육장(1층 안쪽),15명,053-214-1801,35.8332858977279,128.541805098165
전라남도,순천시,순천남부노인복지관,전라남도 순천시 장평로 60 (풍덕동)102동 101호 (순천남부노인복지관),20명,1566-6105,34.9451467854384,127.496090048525
부산광역시,영도구,영도구 마을기업 동삼희망 커뮤니티 복합문화공간,부산광역시 영도구 동삼로 69 (동삼동)2층,10명,070-5029-0817,35.0795652475978,129.070142722581
서울특별시,영등포구,여의도어르신복지센터,서울특별시 영등포구 여의대방로 372 (여의도동)2층,20명,1544-9782,37.5181419532174,126.930770593981
전라남도,완도군,완도군청,전라남도 완도군 완도읍 청해진남로 51 5층 전산교육장,10명,1566-6105,34.3109724416379,126.754961267544
제주특별자치도,제주시,봉아름작은도서관,제주특별자치도 제주시 번영로 503 (봉개동)봉아름작은도서관,10명,1899-8723,33.4903502028375,126.595756871344
경상남도,창녕군,창녕군 부곡면복지회관,경상남도 창녕군 부곡면 부곡로 26,5명,055-213-2775,35.4354712416859,128.59818577608
경상북도,포항시,포항시 송도동새마을금고 본점,경상북도 포항시 남구 송도로 43 (송도동)새마을금고 3층 정보화교육장,8명,054-841-2182,36.0335840157567,129.375807007397
경상북도,포항시,포항시 구룡포읍민복지회관,경상북도 포항시 남구 구룡포읍 구룡포길65번길 7 3층,7명,054-841-2182,35.9912028273587,129.552573880368
부산광역시,남구,대연파크 프루지오 시니어클럽,"부산광역시 남구 홍곡로 360 (대연동, 대연파크푸르지오)대연파크 푸르지오 시니어클럽",10명,051-987-0201 ,35.1253456097927,129.090820034146
서울특별시,종로구,서울노인복지센터,서울특별시 종로구 삼일대로 467 (경운동)별관 2층 노년설계교실 또는 본관 2층(인생교실),10명,1544-9782,37.5759657913407,126.985853298403
경기도,안산시,선부3동 행정복지센터,경기도 안산시 단원구 선삼로 47 (선부동)선부3동 행정복지센터,10명,1600-6813,37.3450468361245,126.812542983675
부산광역시,영도구,한울마당작은도서관,부산광역시 영도구 와치로161번길 37 (동삼동)작은도서관,10명,070-5029-0817,35.0811910984875,129.065448573463
서울특별시,강북구,강북청소년문화정보도서관,서울특별시 강북구 삼양로54길 68 (미아동)3층 상상공작소,10명,1544-9782,37.6230813586229,127.021555480923
경상남도,창녕군,창녕군 성곡정보이용센터,경상남도 창녕군 성산면 연당대산로 38,9명,055-213-2777,35.6364267835529,128.521004686498
세종특별자치시,보람로,도담풍경채 작은도서관,"세종특별자치시 보람로 15 (도담동, 도램마을9단지)도담풍경채 작은도서관",10명,044-868-6024,36.5106312427802,127.263587722513
부산광역시,북구,화명도서관,부산광역시 북구 화명대로12번길 59 (화명동)화명도서관,24명,070-5029-0817,35.2321919997848,129.009390922602
대구광역시,북구,대현힘찬어르신문화센터,"대구광역시 북구 대현로17길 7 (대현동, 대현아파트)2층",10명,053-214-1801,35.8832655801225,128.60882389512
강원도,춘천시,춘천호반장애인자립생활센터,강원도 춘천시 삭주로 3 (교동)춘천시청 별관 1층 호반장애인 자립생활센터,15명,033-910-0833,37.8826119429178,127.733116157556
충청북도,진천군,문백면복지회관,충청북도 진천군 문백면 문진로 467-32 문백면 복지회관,15명,043-900-5006,36.7839741505793,127.433599686553
인천광역시,연수구,에듀메이커스페이스,인천광역시 연수구 송도과학로 32 (송도동)송도테크노파크IT센터 M동 2603호,10명,1644-5561,37.3818594284068,126.662694187386
전라남도,순천시,순천한국복지정보통신,전라남도 순천시 중앙로 260 (석현동)5층,20명,1566-6105,34.9692620131483,127.484269894526
서울특별시,금천구,롯데1차 경로당,"서울특별시 금천구 벚꽃로 40 (독산동, 금천 롯데캐슬 골드파크 1차)롯데1차 경로당",20명,1544-9782,37.4600596360114,126.893020585165
제주특별자치도,제주시,구좌읍다목적문화센터,제주특별자치도 제주시 구좌읍 일주동로 3116 구좌읍다목적문화센터 2층,10명,1899-8723,33.5221392692922,126.851885796261
인천광역시,동구,동구청,인천광역시 동구 금곡로 67 (송림동)동구청정보화교육장 (  본관 5층 ),10명,1644-5561,37.4734098106142,126.642908179264
전라남도,여수시,여수헤세드장애인자립생활센터,전라남도 여수시 허문정1길 50-3 (문수동),10명,1566-6105,34.7501000385872,127.694502397893
경기도,시흥시,거모종합사회복지관,경기도 시흥시 군자로466번길 37 (거모동)3층 꿈나무교실,10명,1600-6813,37.344863146042,126.781326919416
전라남도,목포시,목포어린이도서관,전라남도 목포시 옥암로186번길 30-7 (석현동)2층,10명,1566-6105,34.8148308846959,126.425602450592
경상북도,안동시,안동시도시재생지원센터,경상북도 안동시 태사길 37 (옥정동)2층 교육장,15명,054-841-2182,36.5667044434952,128.732989103674
인천광역시,중구,영종1동행정복지센터,인천광역시 중구 하늘달빛로 120 (중산동)영종1동행정복지센터 (4층 컴퓨터실),10명,1644-5561,37.4888537929265,126.554844577393
경상북도,포항시,포항시 흥해종합복지문화센터,경상북도 포항시 북구 흥해읍 한동로 52 3층,15명,054-841-2182,36.1101242559048,129.347056829151
서울특별시,중구,유락종합사회복지관,서울특별시 중구 퇴계로 460 (신당동)6층,10명,1544-9782,37.5650915889749,127.022785073213
충청북도,단양군,단양군장애인생활이동지원센터,충청북도 단양군 단양읍 별곡5길 5 3층 강당,15명,043-900-5006,36.9853004324505,128.368652436581
전라북도,정읍시,정읍시장애인종합복지관,전라북도 정읍시 수성1로 58 (수성동)2층,10명,1899-6222,35.577499763815,126.853397522096
서울특별시,영등포구,영등포어르신복지센터,서울특별시 영등포구 도영로22길 36 (영등포동)4층,20명,1544-9782,37.5101566080895,126.903292797536
대구광역시,북구,노원동 작은도서관,대구광역시 북구 팔달로27길 42-3 (노원동3가)팔달시장고객쉼터 2층,10명,053-214-1801,35.890727090344,128.566673327529
충청북도,음성군,금왕읍 행정복지센터,충청북도 음성군 금왕읍 무극로 221 2층 정보화교육장,30명,043-900-5006,36.9930283352755,127.586203268116
전라남도,진도군,진도군노인복지관,전라남도 진도군 진도읍 성동길 6-1 2층,10명,1566-6105,34.4840500511279,126.26587426371
전라남도,여수시,여수소라종합사회복지관,전라남도 여수시 소라면 덕양로 414 1층,20명,1566-6105,34.7950799233684,127.633266435505
충청북도,충주시,충주늘푸른학교,충청북도 충주시 예성로 130 (용산동)1층 컴퓨터실,15명,043-900-5006,36.9685286463052,127.933772805308
대전광역시,중구,한빛작은도서관,대전광역시 중구 유천로102번길 53 (유천동)2층,10명,042-716-0198,36.3224085351346,127.399189922839
경상남도,창원시,마산합포노인종합복지관,경상남도 창원시 마산합포구 동서남1길 5,10명,055-213-2777,35.202366608705,128.571093412524
대전광역시,동구,동구청,대전광역시 동구 동구청로 147 (가오동)동구청 6층 컴퓨터교육실,10명,042-716-0198,36.3120364990332,127.45491664858
전라북도,진안군,진안읍 행정복지센터,전라북도 진안군 진안읍 대성길 3 2층,10명,1899-6222,35.7892688746867,127.423180417769
충청남도,천안시,천안시 다함께돌봄센터,"충청남도 천안시 서북구 불당23로 13 (불당동, 불당이안)1층",15명,041-415-1097~98,36.8209830461396,127.102198361087
전라북도,전주시,서원노인복지관,전라북도 전주시 완산구 따박골5길 36 (중화산동2가)2층,15명,1899-6222,35.8089342303456,127.127293770151
서울특별시,성북구,성북장애인단체연합회,서울특별시 성북구 오패산로3길 95 (하월곡동)1층 정보화교육장,10명,1544-9782,37.6072558287257,127.03393590417
경상남도,김해시,김해시생활문화평생학습관,경상남도 김해시 금관대로910번길 52 (풍유동)1층 강의실,10명,055-213-2776,35.210801370024,128.850113355344
전라북도,고창군,고창군 여성회관,전라북도 고창군 고창읍 월곡공원1길 36 1층,10명,1899-6222,35.438123662104,126.712762944223
인천광역시,계양구,계산2동 행정복지센터,인천광역시 계양구 주부토로 559 (계산동)계산2동행정복지센터 (2층 컴퓨터실),10명,1644-5561,37.5442092648048,126.728141524382
대전광역시,유성구,진잠도서관,대전광역시 유성구 진잠로160번길 19 (원내동)교육장,10명,042-716-0198,36.3031573384675,127.319766822848
서울특별시,성동구,성동장애인종합복지관,서울특별시 성동구 청계천로 506 (마장동)3층 교육실,10명,1544-9782,37.5702230156273,127.033440163639
부산광역시,부산진구,행복디자인교육컨설팅,부산광역시 부산진구 연수로 33 (양정동)포산빌딩 3층,10명,051-987-0201 ,35.1744712789602,129.074748470112
경기도,안산시,초지동 행정복지센터,경기도 안산시 단원구 초지동로 67 (초지동)행정복지센터 2층,10명,1600-6813,37.3099751096249,126.81686634216
세종특별자치시,가름로,세종발달장애인훈련센터,세종특별자치시 가름로 143 (어진동)세종타워B EAST동 6층,20명,044 868 6024,36.4990822723889,127.256327651405
서울특별시,동대문구,구립동대문장애인종합복지관,서울특별시 동대문구 청계천로 521 (용두동)다사랑행복센터 2층,10명,1544-9782,37.5718134590301,127.034047390232
부산광역시,수영구,광안노인복지관,부산광역시 수영구 장대골로 75-8 (광안동)광인노인복지관 3층 정보화교육장,8명,070-5029-0817,35.1595681371736,129.104867504774
충청북도,옥천군,향수뜰 마을 복지회관,충청북도 옥천군 군북면 비야대정로 739 ,15명,043-900-5006,36.3850114066473,127.540913517615
전라남도,진도군,진도군청,전라남도 진도군 진도읍 철마길 25 4층,20명,1566-6105,34.4868321091812,126.263576357914
서울특별시,광진구,열린평생교육원,서울특별시 광진구 능동로37길 6 (중곡동)201호,10명,1544-9782,37.558190113832,127.079576569907
서울특별시,서초구,서초구립양재노인종합복지관,서울특별시 서초구 강남대로30길 73-7 서초구립양재노인종합복지관,10명,1544-9782,37.4830200110045,127.040815998673
충청남도,보령시,사현포도정보화마을,충청남도 보령시 남포면 사현1길 29-24 마을회관,15명,041-415-1097,36.2841562922486,126.603091911723
충청북도,청주시,청주사회복지관,충청북도 청주시 상당구 영운천로 13-1 (영운동)청주사회복지관,10명,043-900-5006,36.615813192836,127.501181623258
전라남도,나주시,나주디지털배움터,전라남도 나주시 그린로 355 (빛가람동)아주타워 4층 408호,16명,1566-6105,35.0181464468087,126.793882043621
부산광역시,중구,한마음평생학습관,부산광역시 중구 대청로 63-1 (보수동1가)한마음평생학습관,18명,070-5029-0817,35.1032075165032,129.0270350248
제주특별자치도,제주시,근로자종합복지관,제주특별자치도 제주시 수목원길 9 (노형동)지하 1층 스터디룸,5명,1899-8723,33.4696960899429,126.486230174281
경기도,의정부시,신곡노인종합복지관,경기도 의정부시 금신로297번길 38 (신곡동)신곡노인종합복지관 2층,6명,1600-6813,37.7431856911663,127.063524219229
경기도,안산시,상록구노인복지관,경기도 안산시 상록구 고잔로 162 (성포동)상록구노인복지관 1층,10명,1600-6813,37.3184757326578,126.844310104518
전라북도,익산시,익산시 평생학습관,전라북도 익산시 선화로 133 (모현동1가)익산시 평생학습관 1층,10명,1899-6222,35.9481751583151,126.945428225265
전라남도,목포시,목포공공도서관,전라남도 목포시 원산주택로3번길 6 (산정동)2층,20명,1566-6105,34.8068021369293,126.376270469496
서울특별시,서대문구,서대문구평생학습관 융복합인재교육센터,서울특별시 서대문구 연희로36길 49 (연희동)1층,10명,1544-9782,37.5782706355026,126.938415814385
서울특별시,광진구,자양종합사회복지관,서울특별시 광진구 자양번영로 35 (자양동)4층 컴퓨터실,10명,1544-9782,37.5328984063505,127.07523365394
경기도,안산시,고잔동 행정복지센터,경기도 안산시 단원구 화정천동로 252 (고잔동)고잔동행정복지센터,10명,1600-6813,37.3270757499082,126.819172158537
부산광역시,금정구,금정구청,부산광역시 금정구 중앙대로 1777 (부곡동)금정구청 본관 4층 전산교육장,10명,070-5029-0817,35.2420540392893,129.092454461699
인천광역시,동구,동구한마음종합복지관,인천광역시 동구 만석로 53 (만석동)한마음종합복지관 (2층 프로그램실),10명,1644-5561,37.4817331025842,126.625188696438
충청남도,예산군,예산군 평생학습관,충청남도 예산군 예산읍 아리랑로 147 예산군 평생학습관,15명,041-415-1097,36.6859336817787,126.846002959266
서울특별시,용산구,용산꿈나무종합타운,서울특별시 용산구 백범로 329 (원효로1가)용산꿈나무종합타운 2층,30명,1544-9782,37.5389037956572,126.965012154483
강원도,화천군,파로호생태마을배움터,강원도 화천군 간동면 파로호로 748-5 1층 교육장,10명,033-910-0833,38.0654974013339,127.781250911626
울산광역시,남구,남구종합사회복지관,울산광역시 남구 번영로107번길 13 (달동)남구종합사회복지관,5명,1600-6408,35.534382072072,129.327318096236
전라남도,무안군,무안군청,전라남도 무안군 무안읍 무안로 530 3층,10명,1566-6105,34.990658423567,126.482692749198
경상남도,김해시,김해진영한빛도서관,경상남도 김해시 진영읍 김해대로 440 평생마을 2층,10명,055-213-2117,35.3046782460098,128.736911161026
경상북도,영덕군,영덕읍주민자치센터,경상북도 영덕군 영덕읍 덕곡천길 52 1층,20명,054-841-2182,36.4106840118619,129.371867149332
서울특별시,은평구,은평구보훈회관,서울특별시 은평구 진관2로 31 (진관동)은평구보훈회관 1층,24명,070-7790-9626,37.6350173188442,126.92103776265
대구광역시,북구,북구 창업지원오피스,대구광역시 북구 노원로 134 (노원동3가)1층 좌측 북구청 정보화교육장,12명,053-214-1801,35.8969528043001,128.575764524629
전라남도,여수시,여수엑스포사랑나눔지역아동센터,전라남도 여수시 소호로 494 (소호동)3층,10명,1566-6105,34.7460920607438,127.654498336549
강원도,원주시,명륜작은도서관,강원도 원주시 향교길 58 (명륜동)1층 도서관,25명,033-910-0833,37.3395288408081,127.951253355162
대전광역시,중구,동부다문화교육센터,대전광역시 중구 대흥로 134 (대흥동)4층 교육장,10명,042-716-0198,36.3236582859936,127.427164815724
서울특별시,강북구,구세군 강북종합사회복지관,서울특별시 강북구 인수봉로20가길 24 (미아동)4층 프로그램실,10명,1544-9782,37.6256802930169,127.01339601092
제주특별자치도,제주시,제주다문화복지연구원,제주특별자치도 제주시 서사로 63 (삼도이동)3층,10명,1899-8723,33.5067682300654,126.520120591992
경상북도,성주군,성주군청,경상북도 성주군 성주읍 성주로 3200 5층 정보화교육장,22명,054-841-2182,35.9190428531048,128.283785558564
서울특별시,강서구,장애여성 인력개발센터,서울특별시 강서구 화곡로 346 (화곡동)귀뚜라미홈시스텔 2층,10명,1544-9782,37.5545091254843,126.8520185641
서울특별시,은평구,증산동주민센터,서울특별시 은평구 증산서길 89 (증산동)4층,10명,1544-9782,37.5843547680521,126.907027254591
제주특별자치도,서귀포시,태흥3리사무소,제주특별자치도 서귀포시 남원읍 삼덕로 3 1층 다목적실,10명,189-9-8723,33.2935918060557,126.758473527596
제주특별자치도,서귀포시,효돈동디지털배움터,제주특별자치도 서귀포시 효돈로 136 (신효동)동부신협 2층 교육장,20명,1899-8723,33.2639802476166,126.613219585171
부산광역시,사상구,사상구청,부산광역시 사상구 학감대로 242 (감전동)사상구청 정보화교육장,15명,070-5029-0817,35.1525507231581,128.991456131232
강원도,정선군,정선군청소년수련관,강원도 정선군 정선읍 용담샛길 15 2층 IT교육실,10명,033-910-0833,37.3795101695325,128.648839529348
강원도,태백시,태백시 황연동행정복지센터,강원도 태백시 광장로 31 (황지동)2층 소회의실,15명,033-910-0833,37.1787597585506,128.986668125479
서울특별시,중랑구,구립용마경로복지센터,서울특별시 중랑구 용마산로94길 98 (면목동)2층 컴퓨터실,10명,1544-9782,37.5873998509971,127.101819938244
충청남도,천안시,용곡경로당,"충청남도 천안시 동남구 풍세로 801-23 (용곡동, 용곡1차세광엔리치타워아파트)용곡세광1차 경로당",20명,041-415-1097~8,36.7800848581284,127.140332212358
전라남도,여수시,여수사회적경제지원센터배움터,전라남도 여수시 공화남2길 19-1 (공화동)2층(여수시사회적경제마을통합지원센터),10명,1566-6105,34.7446444430853,127.742681652413
경기도,수원시,팔달노인복지관,경기도 수원시 팔달구 수원천로 343 (북수동)팔달구노인복지관2층 컴퓨터실,10명,1600-6813,37.2839498638234,127.017381565324
전라북도,김제시,김제시노인종합복지관 ,전라북도 김제시 하동1길 79 (하동)김제시노인종합복지관 2층,10명,1899-6222,35.8147140601818,126.893204852157
대전광역시,대덕구,대덕구노인지회,대전광역시 대덕구 신탄진로681번길 6 (덕암동)2층,10명,042-716-0198,36.4393694615937,127.426122601772
세종특별자치시,새롬로,새롬청소년센터,세종특별자치시 새롬로 14 (새롬동)2층 새롬청소년센터,20명,044-868-6024,36.4860700376875,127.256696462014
경상남도,거제시,거제시 수양도서관,경상남도 거제시 제산로 5길 26수양동주민센터 3~4층,10명,055-213-2777,34.8879391641937,128.646271053695
충청남도,논산시,연무도서관,충청남도 논산시 연무읍 안심로47번길 6-11 논산 연무도서관 2층 디지털자료실,20명,041-415-1097~8,36.1262046393862,127.097362555759
광주광역시,동구,무꽃동 마을사랑채(학운동 마을사랑채),"광주광역시 동구 의재로43번길 6 (학동, 학동무등파크맨션)학운동 마을사랑채(무꽃동마을사랑채) 2층 다목적실",7명,062-224-0096,35.1330344593752,126.932978189367
서울특별시,성동구,성동구립금호도서관,서울특별시 성동구 난계로 20 (금호동1가)4층 교육실,10명,1544-9782,37.5541287328773,127.0248936259
대구광역시,중구,대봉1동 행정복지센터,대구광역시 중구 달구벌대로440길 27 (대봉동)대봉1동 행정복지센터  3층,8명,053-214-1801,35.8615446463773,128.604392135989
충청남도,천안시,시민문화여성회관,충청남도 천안시 서북구 성정중4길 29 (성정동)천안시 시민문화여성회관 ,20명,041-415-1097,36.8273847628624,127.136283812587
전라남도,장성군,장성군청,전라남도 장성군 장성읍 영천로 200 장성군청 4층 전산교육장,20명,1566-6105,35.3019123132952,126.78487673217
인천광역시,부평구,부평2동 행정복지센터,인천광역시 부평구 부영로 23 (부평동)부평2동 행정복지센터(정보화교실),10명,1644-5561,37.4874299813802,126.717202640298
서울특별시,중랑구,시립중랑노인종합복지관,서울특별시 중랑구 겸재로9길 45 (면목동)3층 교육실,10명,1544-9782,37.5884349591944,127.077841909247
서울특별시,강북구,솔샘문화정보도서관,서울특별시 강북구 솔샘로 177 (미아동)3층 제2교육장,10명,1544-9782,37.6204776505226,127.012402476037
경기도,김포시,풍무도서관,경기도 김포시 풍무로146번길 101 (풍무동)풍무도서관1층,16명,1600-6813,37.6076155517383,126.729148986191
충청남도,계룡시,엄사도서관,"충청남도 계룡시 엄사면 번영7길 17 엄사도서관 3층 코딩실, 시청각실",15명,041-415-1097~8,36.2870084464795,127.237920729471
서울특별시,은평구,은평구립도서관,서울특별시 은평구 통일로78가길 13-84 (불광동)지하1층,20명,1544-9782,37.6189785221501,126.928271924743
부산광역시,금정구,예일지역 아동센터,부산광역시 금정구 중앙대로 2003 (남산동)4층,10명,051-987-0201,35.2631914832902,129.091717609948
서울특별시,광진구,자양한강도서관,서울특별시 광진구 뚝섬로52길 66 (자양동)3층 교육실,10명,1544-9782,37.5292155199266,127.077667985801
충청남도,부여군,홍산공공도서관,충청남도 부여군 홍산면 홍산로 77-1 홍산공공도서관 2층 전산교육장,15명,041-415-1097~8,36.2167478479072,126.759532957872
대구광역시,달서구,달서생활문화센터송현점,대구광역시 달서구 앞산순환로 248 (송현동)달서생활문화센터 송현점 시청각실,10명,053-214-1801,35.8232403786948,128.557039480382
전라남도,해남군,해남군장애인종합복지관,전라남도 해남군 해남읍 신안길 2-20 1층,10명,1566-6105,34.5631860831924,126.607592784755
경기도,안산시,안산 소망의문화대학,경기도 안산시 상록구 평안로 47 (사동)안산 소망의문화대학  1층,10명,1600-6813,37.2823916753858,126.852752728014
부산광역시,영도구,영도구 평생학습관,부산광역시 영도구 와치로 259 (동삼동)영도놀이마루 1층 평생학습관,10명,070-5029-0817,35.075835328271,129.06904325717
전라남도,담양군,담양대덕면민의집,전라남도 담양군 대덕면 대조동1길 11 1층 다목적실,15명,1566-6105,35.249112130809,127.038960717871
부산광역시,북구,롯데캐슬카이저 커뮤니티센터,"부산광역시 북구 금곡대로 166 (화명동, 롯데캐슬카이저)롯데캐슬카이저 커뮤니티센터",10명,051-987-0201 ,35.2263603201003,129.012210130511
전라남도,영광군,영광선행공동체일곱빛깔,전라남도 영광군 군서면 천년로7길 45-2 영광선행공동체일곱빛깔 1층,20명,1566-6105,35.2597237560181,126.482197191241
경기도,안산시,백운동 행정복지센터,경기도 안산시 단원구 원선로 31 (원곡동)백운동 행정복지센터 ,10명,1600-6813,37.3280833512442,126.797046237958
충청북도,보은군,보은군노인장애인복지관,충청북도 보은군 보은읍 뱃들4길 11-10 2층 정보화실,25명,043-900-5006,36.4883642443476,127.723923323295
충청북도,청주시,청주열린도서관,충청북도 청주시 청원구 상당로 314 (내덕동)문화제조창 5층,10명,043-900-5006,36.6561955411291,127.492382358889
전라남도,광양시,광양향토청년회협동조합,전라남도 광양시 오류3길 18 (중동)3층 광양향토청년회협동조합,20명,박보미사무국장  010. 3494. 8024,34.9375943263198,127.69696782836
전라북도,전주시,안골노인복지관,전라북도 전주시 덕진구 안골1길 11 (인후동1가)2층,15명,1899-6222,35.8384537679268,127.157047165477
전라남도,함평군,함평군청,전라남도 함평군 함평읍 중앙길 200 별관 2층,30명,1566-6105,35.0658483478338,126.516218813393
제주특별자치도,서귀포시,남원읍 디지털배움터,제주특별자치도 서귀포시 남원읍 태신삼석로91번길 6 유어제주,10명,1899-8723,33.3005304927051,126.752564810793
인천광역시,미추홀구,옹진군청,인천광역시 미추홀구 매소홀로 120 (용현동)옹진군청 4층 전산교육장,10명,1644-5561,37.4465704652678,126.636745389227
충청북도,옥천군,옥천군노인장애인복지관,충청북도 옥천군 옥천읍 삼양로8길 9 3층 정보화교육실,15명,043-900-5006,36.3046043562385,127.569895208708
충청북도,제천시,제천시 실버복지관,충청북도 제천시 용두천로40길 28 (고암동),15명,043-900-5006,37.15608784596,128.218571885004
서울특별시,강서구,강서구립연지어르신복지센터,서울특별시 강서구 화곡로58길 30-7 (화곡동)1층,10명,1544-9782,37.5524146622014,126.85266278742
충청북도,청주시,청주시노인종합복지관,충청북도 청주시 상당구 대성로172번길 21 (수동),15명,043-900-5006,36.6412358645614,127.492925180419
인천광역시,서구,푸른숲작은도서관,인천광역시 서구 서달로49번길 10 (석남동)푸른숲작은도서관 (2층),5명,1644-5561,37.5030977323106,126.677371265119
서울특별시,종로구,종로구장애인가족지원센터,서울특별시 종로구 삼청로 91-1 (삼청동)2층,10명,1544-9782,37.5836833116408,126.981681297078
대구광역시,달서구,달서50플러스센터,대구광역시 달서구 성당로 17 (성당동)1층 교육장,61명,053-214-1801,35.8391464698556,128.558178702971
대전광역시,유성구,관평동행정복지센터,대전광역시 유성구 관평2로 42 (관평동)2층,10명,042-716-0198,36.4231717143954,127.388754613586
경기도,안산시,원곡동 행정복지센터,경기도 안산시 단원구 부부로 55 (원곡동)원곡동 행정복지센터,10명,1600-6813,37.3332892918149,126.790869980774
대구광역시,달서구,성서노인종합복지관,대구광역시 달서구 선원로 203 (용산동)2층 컴퓨터실,25명,053-214-1801,35.8595087940373,128.514922577605
강원도,원주시,영강쉐마학교,강원도 원주시 행구로 215 (행구동)쉐마학교 3층 7호 교실,15명,033-910-0833,37.3443925310621,127.980221526426
전라남도,목포시,목포여성인력개발센터,전라남도 목포시 통일대로37번길 34-1 (상동)1층,20명,1566-6105,34.801627931608,126.42708876976
인천광역시,계양구,효성노인문화센터,인천광역시 계양구 봉오대로 516 (효성동)효성노인문화센터 (2층 컴퓨터실),10명,1644-5561,37.5295966558067,126.706188886944
경기도,수원시,한국복지통신협의회,경기도 수원시 권선구 경수대로 401 (권선동)한국복지통신협의회 3층,10명,1600-6813,37.262601378213,127.024254427563
전라북도,완주군,완주군장애인복지관,전라북도 완주군 봉동읍 낙평장기로 22 1층,10명,1899-6222,35.9344326536127,127.165290895455
경상북도,칠곡군,칠곡군 동명면사무소,경상북도 칠곡군 동명면 금암중앙길 56 3층,2명,054-841-2182,35.9838996882121,128.553896412341
경기도,수원시,가족사랑교육원,경기도 수원시 팔달구 경수대로466번길 52 (인계동)드라마시티2층 206호,10명,1600-6813,37.2666663265708,127.029832740948
부산광역시,강서구,부산강서평생학습관,부산광역시 강서구 신호산단1로 60 (신호동)수협 2층,10명,070-5029-0817,35.0836914382516,128.872693482366
서울특별시,관악구,서울YWCA봉천종합사회복지관,서울특별시 관악구 관악로 254 (봉천동)YWCA봉천종합사회복지관 5층 주민동아리실,10명,1544-9782,37.4866851070806,126.95757608074
전라남도,목포시,목포시노인복지관,전라남도 목포시 호남로67번길 5 (호남동)2층,25명,1566-6105,34.7948186746523,126.385991688942
경상북도,경주시,경주시 서라벌대학,경상북도 경주시 태종로 516 (충효동)공학1관 309호,20명,054-841-2182,35.8384002004781,129.18317626124
전라북도,김제시,김제시보건소 ,전라북도 김제시 성산길 138 (요촌동)시민정보화교육장 3층 ,10명,1899-6222,35.8008069572784,126.883317277703
충청북도,괴산군,괴산생활문화센터,충청북도 괴산군 괴산읍 읍내로 266 후문 2층 정보화교육장,20명,043-900-5006,36.8068694566977,127.793852968909
부산광역시,기장군,정관읍 행정복지센터,부산광역시 기장군 정관읍 용수로 4 정관읍 행정복지센터 정보화교육장,10명,051-987-0201 ,35.3255025191562,129.18029172033
전라남도,여수시,여수한국복지통신협의회여수지회,전라남도 여수시 중앙로 10 (서교동)KT빌딩 3층,20명,1566-6105,34.7400858035845,127.72882211941
부산광역시,남구,기러기문화원,부산광역시 남구 수영로39번길 35 (문현동)기러기문화원,10명,070-5029-0817,35.1385661152178,129.072189696337
전라남도,해남군,해남군청,전라남도 해남군 해남읍 군청길 4 7층,10명,1566-6105,34.5731965868762,126.599959914844
전라남도,순천시,순천굿네이버스 전남지부,전라남도 순천시 연향번영길 102 (연향동)양천회관 3층,10명,1566-6105,34.9511394326776,127.518322877104
대구광역시,달서구,두류은빛복지관,대구광역시 달서구 두류길 141-8 (두류동)4층,10명,053-214-1801,35.8577731987934,128.567278500004
경기도,안산시,호수동 행정복지센터,경기도 안산시 단원구 광덕2로 125 (고잔동)호수동 행정복지센터,10명,1600-6813,37.3102809646094,126.824385612264
전라남도,장성군,장성군노인복지관(누리타운),"전라남도 장성군 장성읍 청운11길 11 장성군노인복지관(누리타운), 1층",10명,1566-6105,35.3042524225476,126.782441489727
부산광역시,기장군,사랑샘지역아동센터,부산광역시 기장군 정관읍 정관로 580 사랑샘프라자 3층 307호,29명,070-5029-0817,35.3206321107406,129.177080295577
서울특별시,종로구,종로노인종합 사회복지관 무악센터,서울특별시 종로구 통일로14길 30 (무악동)무악센터  2층,10명,1544-9782,37.575816548027,126.958022080228
서울특별시,동대문구,동대문노인종합복지관,서울특별시 동대문구 제기로33길 25 (청량리동)별관 2층,14명,1544-9782,37.5872413382227,127.049826506747
서울특별시,양천구,서서울어르신복지관,서울특별시 양천구 가로공원로60가길 16 (신월동)1층,20명,1544-9782,37.5342610593105,126.826765522574
부산광역시,사상구,사상구종합사회복지관,부산광역시 사상구 백양대로 527 (주례동)사상구종합사회복지관,15명,070-5029-0817,35.1554302845925,128.994783401706
광주광역시,북구,북구평생학습관,광주광역시 북구 향토문화로 65 (중흥동)북구평생학습관 3층 학습실,5명,062-224-0096,35.1728543359644,126.913651775033
인천광역시,미추홀구,미추홀구청,인천광역시 미추홀구 독정이로 95 (숭의동)4층 전산교육장,10명,1644-5561,37.4634778848565,126.650001282535
부산광역시,사하구,사하우체국,부산광역시 사하구 다대로 166 (신평동)사하우체국 4층 대회의실,10명,051-987-0201 ,35.0878542193431,128.977020309885
경상남도,김해시,김해시 여성센터,경상남도 김해시 신어산길 48컴퓨터교실,5명,055-213-2775,35.2581202766262,128.906791881476
경기도,의정부시,의정부시평생학습원,경기도 의정부시 의정로 165 (가능동)의정부시평생학습원 2층 비전학습실,10명,1600-6813,37.7477722313929,127.034244712628
제주특별자치도,제주시,전농로 디지털배움터,제주특별자치도 제주시 전농로 114 (이도일동)KT플라자 1층 시청각실,10명,1899-8723,33.5041483266317,126.525018424086
경상북도,고령군,고령군 대가야국악당,경상북도 고령군 대가야읍 지산길 7-8 국악당1층,30명,054-841-2182,35.7265800852281,128.263599941977
서울특별시,동작구,동작구장애인가족지원센터,"서울특별시 동작구 보라매로5가길 16 (신대방동, 보라매아카데미타워)5층",10명,1544-9782,37.4912751024086,126.924094714271
서울특별시,서초구,청룡마을 구립 경로당,서울특별시 서초구 청룡마을4길 15 (신원동)1층,10명,1544-9782,37.4473181357831,127.057906461465
서울특별시,중랑구,신내경로복지센터,서울특별시 중랑구 망우로65길 20 (신내동)3층 정보검색실,10명,1544-9782,37.601254103731,127.099946757985
강원도,횡성군,둔내면 행정복지센터,강원도 횡성군 둔내면 둔내로51번길 17 2층  건강달림방,15명,033-340-2771,37.5124086180172,128.218577463106
서울특별시,마포구,우리마포복지관,서울특별시 마포구 신촌로26길 10 (노고산동)3층,20명,1544-9782,37.5558509937606,126.942372609531
전라북도,전주시,한국장애인고용공단,전라북도 전주시 덕진구 백제대로 751 (인후동2가)한국장애인고용공단 14층,15명,1899-6222,35.8466784135264,127.150744775152
경기도,안산시,부곡종합사회복지관,경기도 안산시 상록구 성호로 303 (부곡동)부곡종합사회복지관 3층,10명,1600-6813,37.33018055668,126.858865975438
강원도,강릉시,구슬샘 문화창고,강원도 강릉시 동부시장3길 9 (옥천동)3층 교육실,15명,033-910-0833,37.7587548368554,128.900571863512
부산광역시,수영구,망미2동 행정복지센터,부산광역시 수영구 수미로35번길 40 (망미동)망미2동 행정복지센터,10명,070-5029-0817,35.1753268754923,129.115259749693
제주특별자치도,서귀포시,호근동복지회관,제주특별자치도 서귀포시 호근남로 6 (호근동)2층,10명,1899-8723,33.2569895001839,126.528052224287
전라북도,전주시,덕진구청,전라북도 전주시 덕진구 벚꽃로 55 (진북동)덕진구청 4층,10명,1899-6222,35.82932619271,127.135174585075
전라북도,전주시,한국복지정보통신협의회 전북지부,전라북도 전주시 완산구 팔달로 220 (서노송동)3층,10명,1899-6222,35.8219014445225,127.145885268859
제주특별자치도,서귀포시,상예정보화마을,제주특별자치도 서귀포시 존제로15번길 2 (상예동)마을회관 2층,10명,1899-8723,33.2657211324053,126.376962480463
서울특별시,중구,한국여성생활연구원,서울특별시 중구 명동길 80 (명동2가)가톨릭회관 522호 한국여성생활연구원,30명,1544-9782,37.5641696710243,126.987276699658
서울특별시,노원구,마들종합사회복지관,"서울특별시 노원구 동일로210길 22 (중계동, 중계주공1단지아파트)2층 정보화교실",10명,1544-9782,37.6469078098159,127.065216258015
대구광역시,동구,대구동구안심도서관,대구광역시 동구 금호강변로 360 (율하동)1층,10명,053-214-1801,35.8590217505691,128.701871950834
서울특별시,성북구,석관실버복지센터,서울특별시 성북구 화랑로32길 88 (석관동)1층 스마트정보화실,10명,1544-9782,37.606710875307,127.058248149071
대전광역시,유성구,유성구노인복지관,대전광역시 유성구 가정로 15 (신성동)1층,10명,042-716-0198,36.3845482889244,127.344025582837
강원도,춘천시,깨비지역아동센터,강원도 춘천시 효자로 90 (효자동)2층 교육실,10명,033-910-0833,37.8709286330559,127.732458134803
충청남도,홍성군,홍성종합사회복지관,충청남도 홍성군 홍성읍 조양로 91 홍성군스마트미디어주민이용센터 1층 전산교육장,10명,041-415-1097~98,36.6031910883976,126.660288108506
부산광역시,사하구,사하구다문화가족지원센터,부산광역시 사하구 신산로 177 (신평동)사하구다문화가족지원센터,8명,070-5029-0817,35.0902370684715,128.974957042393
제주특별자치도,제주시,용담다목적생활문화센터,제주특별자치도 제주시 용해로 80-10 (용담이동)용담다목적생활문화센터 2층,10명,1899-8723,33.5108445969153,126.50216354158
부산광역시,부산진구,양정어르신쉼센터,부산광역시 부산진구 양지로17번길 39 (양정동)양정어르신쉼센터,16명,070-5029-0817,35.17037693392,129.071086311977
경기도,안산시,안산용신배움터,경기도 안산시 단원구 다문화길 16 (원곡동)2층,10명,1600-6813,37.3294415109406,126.790603302048
전라북도,익산시,익산시립모현도서관,전라북도 익산시 선화로6길 7 (모현동1가)1층,15명,1899-6222,35.9498340760456,126.93645863985
충청남도,천안시,성성푸른도서관,"충청남도 천안시 서북구 성성6로 111 (성성동, 천안레이크타운푸르지오)Uz center 1층 성성푸른도서관",10명,041-415-1097(8),36.8425192661318,127.132245973401
경기도,수원시,행궁동어울림센터,경기도 수원시 팔달구 수원천로 351 (북수동)행궁동어울림센터 1층,10명,031-280-6334,37.2848131526187,127.017359210511
대전광역시,동구,용운종합사회복지관,대전광역시 동구 용운로 110 (용운동)용운종합사회복지관,10명,042-716-0198,36.3276574204784,127.454700942744
부산광역시,동구,동구도서관,부산광역시 동구 성북로36번길 54 (범일동)다목적강의실,10명,051-987-0201 ,35.1380655017794,129.052431223486
제주특별자치도,서귀포시,월평정보화마을,제주특별자치도 서귀포시 월평로 41 (월평동)월평다목적회관 2층,10명,1899-8723,33.2461211859365,126.460781129474
전라북도,전주시,양지노인복지관,전라북도 전주시 완산구 성지산로 55 (효자동1가)2층,15명,1899-6222,35.802094522879,127.123518440047
전라북도,남원시,남원 어린이청소년도서관 ,전라북도 남원시 역재3길 12 (도통동)남원시어린이청소년도서관,10명,1899-6222,35.4203021915021,127.399853258386
대구광역시,달서구,미로마을커뮤니티센터,대구광역시 달서구 두류길 141 (두류동)2층  프로그램실2,8명,053-214-1801,35.8580944320229,128.567280507333
경상남도,고성군,고성군 청소년센터 온,경상남도 고성군 고성읍 성내로 61고성군청소년센터 온 1층 숨고르기 교실,10명,055-213-2775,34.9768815610044,128.316323867445
서울특별시,성동구,성동구립 사근동노인복지센터,서울특별시 성동구 사근동길 37 (사근동)2층 교육실,10명,1544-9782,37.5614995718917,127.045325973415
대구광역시,중구,성내1동 행정복지센터,대구광역시 중구 동성로2길 7 (봉산동)성내1동 행정복지센터 2층 소회의실,8명,053-214-1801,35.8666439315952,128.595788621915
경기도,수원시,SK청솔노인복지관,경기도 수원시 장안구 장안로 174 (정자동)SK청솔노인복지관 1층,10명,1600-6813,37.2990243954773,126.997397867437
경기도,오산시,오산시청,경기도 오산시 성호대로 141 (오산동)4층 정보화교육장,20명,1600-6813,37.1490366159369,127.077663468393
대구광역시,수성구,고산2동 커뮤니티센터,대구광역시 수성구 알파시티2로9길 8 (시지동)3층 강의실,10명,053-214-1801,35.8389301180057,128.693915963555
서울특별시,중구,서울중앙우체국,"서울특별시 중구 소공로 70 (충무로1가)10층, 회의실",10명,02-6450-1114,37.5615987374058,126.982169090151
대구광역시,달서구,신당종합사회복지관,대구광역시 달서구 서당로 37 (신당동)신당종합사회복지관 별관 3층 교육장,15명,053-214-1801,35.8550992764011,128.495415988542
서울특별시,강남구,청담 평생 학습관 [체험존],서울특별시 강남구 학동로67길 11 (청담동)지하 1층 교실,10명,1544-9782,37.5190987146919,127.046440886765
인천광역시,부평구,백운 e-배움터 [체험존],인천광역시 부평구 마장로 82 (십정동)부평3동주민센터 4층 세미나실 안,10명,1644-5561,37.4860564022652,126.708273279763
전라북도,전주시,전주역 도시재생현장센터[체험존],전라북도 전주시 덕진구 백제대로 815 (우아동3가)1층,10명,1899-6222,35.8486929862775,127.157425127997
충청남도,당진시,당진시노인복지관[체험존],충청남도 당진시 시청1로 38 (수청동)당진시노인복지관 1층 로비,20명,041-415-1097(8),36.8916503203608,126.643443883053
전라남도,무안군,무안군삼향읍상생배움터[체험존],전라남도 무안군 삼향읍 후광대로 282 3층 교육장,20명,070-5117-4057,34.8139775009004,126.462385799871
경기도,오산시,오산노인종합복지관[체험존],경기도 오산시 수청로 192 (금암동)3층,10명,1600-6813,37.1777518091414,127.044835007329
서울특별시,종로구,종로노인종합 사회복지관,서울특별시 종로구 율곡로19길 17-8 (이화동)3층 스마트배움터,10명,1544-9782,37.5766679096376,127.006020606379
인천광역시,연수구,연수구청,인천광역시 연수구 원인재로 115 (동춘동)연수구청 5층 전산교육장,20명,1644-5561,37.409493814977,126.678337878586
충청남도,논산시,충남직업능력개발센터,충청남도 논산시 은진면 대학로 118 3층,15명,041-415-1097,36.1802837128663,127.110871468492
울산광역시,남구,울산푸른학교,울산광역시 남구 월평로 64 (신정동)3층,10명,1600-6408,35.5418784649623,129.31260828216
경상북도,문경시,문경시노인복지관[체험존],경상북도 문경시 점촌5길 20 (점촌동)1층 로비,6명,054-841-2182,36.5974858145154,128.19849015095
제주특별자치도,제주시,신촌새마을작은도서관,제주특별자치도 제주시 조천읍 신촌서5길 63 2층 프로그램실,10명,1899-8723,33.5345951252777,126.614626401888
인천광역시,계양구,계양구청 평생학습관 [체험존],인천광역시 계양구 계산새로 88 (계산동)계양구청 6층 평생학습관 복도,10명,1644-5561,37.5374405601649,126.737760072912
충청남도,보령시,보령노인종합복지관[체험존],충청남도 보령시 대천로 113 (죽정동)보령노인종합복지관 2층 컴퓨터실,20명,041-415-1097(8),36.3560491700021,126.603898273425
대전광역시,서구,소상공인대전교육장,대전광역시 서구 대덕대로 227 (둔산동)11층,10명,042-716-0198,36.35313462187,127.378919631655
경상남도,의령군,의령군 동부사회복지관[체험존],경상남도 의령군 부림면 신번로 181 2층,10명,055-213-2775,35.4693783237871,128.324496062222
충청남도,공주시,공주교육대학교,충청남도 공주시 웅진로 27 (봉황동)공주대학교 청목관 201호,20명,041-415-1097~8,36.4452038483364,127.119655178765
전라남도,순천시,순천용당노인복지관[체험존],전라남도 순천시 용당신흥길 66 (용당동)순천용당노인복지관 2층 로비,10명,1566-6105,34.9680700241428,127.490180771186
서울특별시,노원구,서울시립상이군경복지관,서울특별시 노원구 덕릉로70가길 73 (상계동)보훈관 2층 정보화교육장,10명,1544-9782,37.6428169662136,127.057634112639
충청북도,청주시,청주시장애인종합복지센터,충청북도 청주시 흥덕구 무심서로 851 (신봉동)청주시장애인종합복지센터,15명,043-900-5006,36.6627042133035,127.465529662633
광주광역시,동구,학동 마을사랑채,광주광역시 동구 제봉로17번길 18-6 (학동)학동 마을사랑채 다목적실,5명,062-224-0096,35.139299613984,126.920810420466
경상남도,양산시,양산시 비즈니스센터[체험존],경상남도 양산시 중앙로 33-2 (다방동)양산비즈니스센터 3층 정보화교육장,15명,055-213-2775,35.3340145881105,129.037839221043
서울특별시,광진구,중곡문화체육센터 도서관,서울특별시 광진구 능동로 433 (중곡동)3층 소강의실,10명,1544-9782,37.5677792027828,127.08480243017
충청남도,홍성군,홍성노인종합복지관[체험존],충청남도 홍성군 홍성읍 내포로146번길 30-11 홍성노인종합복지관 로비,20명,041-415-1097(8),36.5971546382478,126.654646348635
서울특별시,성동구,성동노인종합복지관,서울특별시 성동구 마조로 77 (마장동)2층 컴퓨터실,20명,1544-9782,37.5647846611665,127.041239858501
강원도,원주시,원주시노인종합복지관[체험존],강원도 원주시 동부순환로 9-6 (단구동)1층 로비,20명,033-910-0833,37.3186589793735,127.969307382048
전라남도,완도군,완도군청[체험존],전라남도 완도군 완도읍 청해진남로 51 완도군청 1층 로비,10명,1566-6105,34.3109724416379,126.754961267544
대전광역시,유성구,전민평생학습센터,대전광역시 유성구 엑스포로 438 (문지동)2층 정보화실,10명,042-716-0198,36.3952806822256,127.40522388893
부산광역시,영도구,영도구 벽산비치타운 커뮤니티,"부산광역시 영도구 와치로 266 (동삼동, 영도벽산비치타운)벽산비치타운 커뮤니티",10명,051-987-0201,35.0754307334395,129.069474367541
부산광역시,강서구,부산국회도서관,부산광역시 강서구 명지국제1로 161 (명지동)부산국회도서관,10명,051-987-0201 ,35.1035129087656,128.904397344017
전라남도,장흥군,장흥군노인복지관[체험존],전라남도 장흥군 장흥읍 동교1길 57 장흥군노인복지관 1층 휴게공간,10명,1566-6105,34.6789589634851,126.911026550629
충청남도,예산군,예산군 노인종합복지관,충청남도 예산군 예산읍 벚꽃로 214-11 예산군 노인종합복지관 2층 정보화교육장,15명,041-415-1097(~1098),36.6995847251257,126.839278384209
강원도,평창군,봉평노인복지회관[체험존],강원도 평창군 봉평면 기풍로 121 봉평노인복지회관 내,10명,033-910-0833,37.6130345290949,128.377695943762
경상남도,함안군,함안군청[체험존],경상남도 함안군 가야읍 말산로 1 3층,10명,055-213-2775,35.2725109179928,128.406549058891
전라남도,목포시,목포어린이도서관[체험존],전라남도 목포시 옥암로186번길 30-7 (석현동)1층 휴게실,10명,1566-6105,34.8148308846959,126.425602450592
경기도,부천시,상동도서관[체험존],경기도 부천시 상이로 12 (상동)3층 휴게실,10명,1600-6813,37.4901397739331,126.744750811116
제주특별자치도,제주시,외도다목적생활문화센터,제주특별자치도 제주시 우정로15길 42-7 (외도일동)외도다목적생활문화센터 2층,10명,1899-8723,33.4885157322851,126.433476105634
대구광역시,달성군,다온청소년사랑나눔,대구광역시 달성군 다사읍 서재로 144 ,8명,053-214-1801,35.8762953169482,128.49733114563
전라남도,함평군,함평군노인복지관[체험존],전라남도 함평군 함평읍 들샘길 36 함평군노인복지관 1층 로비,10명,1566-6105,35.0612624607709,126.521965153848
충청북도,보은군,보은군청,충청북도 보은군 보은읍 군청길 38-1 1층  정보화교육장(보은군주민정보화교육장),10명,043-900-5006,36.4881945552377,127.729118669695
경기도,양평군,강하주민자치센터,경기도 양평군 강하면 운심길 78-2 강하주민자치센터1층,10명,1600-6813,37.4960888473028,127.414774204833
충청북도,제천시,제천시노인종합복지관,충청북도 제천시 의림대로 174 (중앙로2가),15명,043-900-5006,37.1427445657144,128.213623643748
전라북도,익산시,익산시 평생학습관[체험존],전라북도 익산시 선화로 133 (모현동1가)평생학습관 1층,10명,1899-6222,35.9481751583151,126.945428225265
서울특별시,은평구,응암정보도서관,서울특별시 은평구 가좌로7길 15 (응암동)1층,8명,1544-9782,37.5859660215622,126.919680927881
경기도,의정부시,송산노인종합복지관[체험존],경기도 의정부시 용민로 99 (민락동)송산노인종합복지관 3층 강당,10명,1600-6813,37.7388886171301,127.088758175165
강원도,춘천시,춘천동부노인복지관[체험존],강원도 춘천시 동면 세실로 250 춘천동부노인복지관,10명,033-910-0833,37.8798951701837,127.757874010167
전라남도,담양군,담양창평면사무소[체험존],전라남도 담양군 창평면 돌담길 9 창평면사무소 1층 민원실,10명,1566-6105,35.238893818653,127.019084384712
강원도,양구군,양구 문화복지센터[체험존],강원도 양구군 양구읍 비봉로73번길 52 1층 로비,10명,033-910-0834,38.1090100528819,127.983922342503
서울특별시,영등포구,여의도어르신복지센터 [체험존],서울특별시 영등포구 여의대방로 372 (여의도동)2층,20명,1544-9782,37.5181419532174,126.930770593981
경상북도,청도군,청도군청[체험존],경상북도 청도군 화양읍 청화로 70 청도군청(지하1층 상황실),6명,054-841-2182,35.647252575783,128.733999266077
대전광역시,유성구,노은3동행정복지센터,대전광역시 유성구 지족동로 145 (지족동)2층,10명,042-716-0198,36.3868076851706,127.307904836515
충청남도,아산시,아산시다문화센터 외국인 배움터,충청남도 아산시 온천대로 1496 (온천동)1층 아산시다문화센터 외국인배움터,15명,041-415-1097(8),36.7804682813951,127.003451110541
강원도,삼척시,삼척시 평생학습관[체험존],강원도 삼척시 청석로3길 16-41 (교동)1층 공용PC실 옆,10명,033-910-0834,37.449125551405,129.178030798195
전라북도,무주군,무주군 평생교육원 ,전라북도 무주군 무주읍 한풍루로 326-36 2층,10명,1899-6222,36.0021711302284,127.664118279917
충청남도,태안군,솔로몬지역아동센터,충청남도 태안군 근흥면 도황길 185-12 솔로몬지역아동센터,10명,041-415-1097,36.6990386408824,126.202586936737
서울특별시,종로구,종로노인종합 사회복지관 [체험존],서울특별시 종로구 율곡로19길 17-8 (이화동)3층 스마트배움터,10명,1544-9782,37.5766679096376,127.006020606379
경상북도,구미시,구미시 종합비지니스지원센터[체험존],경상북도 구미시 구미대로 350-27 (신평동)금오테크노밸리 구미시종합비지니스지원센터(지하1층),6명,054-841-2182,36.1192104205531,128.365688301138
서울특별시,마포구,성산1동주민센터 [체험존],서울특별시 마포구 성산로4길 15 (성산동)주민센터 4층(성산1동정보화교육장),24명,1544-9782,37.563368493241,126.907895665906
서울특별시,영등포구,신길3동주민자치회관,서울특별시 영등포구 신길로41라길 13-8 (신길동)신길3동 주민센터2층,10명,1544-9782,37.5072986726821,126.907749593982
경상북도,울진군,남울진민원센터[체험존],경상북도 울진군 평해읍 월송정로 103 남울진민원센터(3층 전산교육장 내),6명,054-841-2182,36.7246591063682,129.441435235455
경기도,수원시,대추골도서관,경기도 수원시 장안구 수일로 164 (조원동)대추골도서관 지하1층,10명,031-228-4816,37.3066089802358,127.008095496831
대전광역시,동구,밀알복지관,대전광역시 동구 우암로 48 (삼성동)4층,10명,042-716-0198,36.3355010833981,127.424335424337
울산광역시,울주군,울주군치매안심센터,울산광역시 울주군 웅촌면 은현작동로 49 울주군 치매안심센터 강당,10명,180-0-0096,35.456903942434,129.176824853598
서울특별시,광진구,광진정보도서관 [체험존],서울특별시 광진구 아차산로78길 90 (광장동)2층 교육실,10명,1544-9782,37.5510729137918,127.110615495296
경기도,양주시,양주시 회천2동 행정복지센터[체험존],경기도 양주시 평화로1475번길 39 (덕계동)양주시 회천2동 행정복지센터1층 주민사랑방,10명,1600-6813,37.8216617180726,127.04676043166
부산광역시,북구,북구청[체험존],부산광역시 북구 낙동대로1570번길 33 (구포동)북구청 정보화교육장,10명,051-987-0201 ,35.1968825080786,128.990095451939
경기도,부천시,수주도서관,경기도 부천시 고리울로8번길 77 (고강동)수주도서관1층,10명,1600-6813,37.524325055172,126.816942562235
대전광역시,유성구,노은1동행정복지센터,대전광역시 유성구 노은동로87번길 89 (노은동)2층,10명,042-716-0198,36.3682652964776,127.318438265264
충청남도,태안군,태안 교육문화센터[체험존],충청남도 태안군 태안읍 백화로 180 태안 교육문화센터 1층 로비,15명,041-415-1097(8),36.7551923217213,126.309430552232
경기도,안산시,초지종합사회복지관,경기도 안산시 단원구 원초로 76 (초지동)초지종합사회복지관3층,10명,1600-6813,37.3262262327679,126.805960170499
경상북도,봉화군,봉화여성문화회관[체험존],경상북도 봉화군 봉화읍 봉화로 1203 봉화여성문화회관 1층 정보이용센터 내,6명,054-841-2182,36.890718784526,128.741854281402
부산광역시,기장군,기장군청[체험존],부산광역시 기장군 기장읍 기장대로 560 기장군청 1층로비,10명,051-987-0201 ,35.2434815827191,129.222956025904
경기도,가평군,가평군노인복지관[체험존],경기도 가평군 가평읍 가화로 161 노인복지관1층 로비 안쪽,10명,1600-6813,37.833624076992,127.511202345759
대전광역시,서구,대전발달장애인훈련센터 [체험존],대전광역시 서구 둔산북로 56 (둔산동)8층,10명,042)716-0198,36.3554379510507,127.380785115552
부산광역시,연제구,거제4동 해맞이작은도서관,부산광역시 연제구 해맞이로43번길 36 (거제동)해맞이작은도서관,10명,070-5029-0817,35.1793700085678,129.066568407663
부산광역시,금정구,부산은애학교,부산광역시 금정구 청룡예전로 107 (청룡동)부산은애학교,10명,070-5029-0817,35.2786886860006,129.084813709057
충청남도,태안군,드림지역아동센터,충청남도 태안군 태안읍 재경미길 8-5 2층 드림지역아동센터,20명,041-415-1097(8),36.7566970779305,126.299397506729
경상남도,거창군,거창군립 한마음도서관[체험존],경상남도 거창군 거창읍 거열로6길 11 3층 교육장,10명,055-213-2775,35.6891097309809,127.903766482454
서울특별시,관악구,강감찬관악종합사회복지관 [체험존],서울특별시 관악구 양녕로 74 (봉천동)강감찬관악복지관 구암빌딩 2층,10명,1544-9782,37.4885164861367,126.94665870629
경상북도,울릉군,울릉한마음회관[체험존],경상북도 울릉군 울릉읍 울릉순환로 286 울릉한마음회관(3층 전산교육장내),6명,054-841-2182,37.4906268792402,130.904983477046
경기도,이천시,이천시청[체험존],경기도 이천시 부악로 40 (중리동)6층 교육장 앞,10명,1600-6813,37.2721230777852,127.435036587502
전라북도,전주시,전라북도 정보산업지원센터[체험존],전라북도 전주시 완산구 현무2길 25 (경원동3가)3층,10명,1899-6222,35.8206538605837,127.149600584146
서울특별시,강북구,강북보훈회관,서울특별시 강북구 오패산로 290-1 (미아동)강북보훈회관 대강당,20명,1544-9782,37.6266487350149,127.029797606827
충청남도,아산시,아산시동부노인복지관[체험존],충청남도 아산시 배방읍 순천향로 1060 아산시동부노인복지관 4층 컴퓨터실,20명,041-415-1097(8),36.7636916562438,127.038024728214
경상북도,성주군,성주군청[체험존],경상북도 성주군 성주읍 성주로 3200 4층 정보화교육장 내,6명,054-841-2182,35.9190428531048,128.283785558564
대구광역시,달서구,달서구성서종합사회복지관,"대구광역시 달서구 신당로 56 (신당동, 성서주공1단지아파트)교육장1(강당)",15명,053-214-1801,35.8522985728705,128.498821273554
부산광역시,연제구,연산종합사회복지관,부산광역시 연제구 봉수로 17 (연산동)연산종합사회복지관,10명,070-5029-0817,35.1727274741814,129.088908850488
부산광역시,동구,동구청[체험존],부산광역시 동구 구청로 1 (수정동)동구청 2층 로비,10명,051-987-0201 ,35.1292975675514,129.045298203371
울산광역시,울주군,언양향교,울산광역시 울주군 삼남읍 서향교1길 55 (교동리 1086),10명,1899-9119,35.5569059534065,129.114187877706
대전광역시,동구,용운종합사회복지관 [체험존],대전광역시 동구 용운로 110 (용운동)1층,10명,042)716-0198,36.3276574204784,127.454700942744
부산광역시,사상구,사상구장애인복지관,부산광역시 사상구 모라로192번길 21 (모라동)사상구장애인복지관,10명,051-987-0201 ,35.1848991970996,129.000931236442
전라남도,여수시,여수시노인복지관[체험존],전라남도 여수시 학동서4길 58-16 (학동)여수시노인복지관 (본관 뒤 1층 로비 북카페),10명,1566-6105,34.7640079383493,127.659504294968
서울특별시,종로구,종로장애인복지관,서울특별시 종로구 자하문로 89 (신교동)세종마을 푸르메센터 3층,10명,1544-9782,37.5840274363304,126.96997427579
경상남도,산청군,산청군 농업기술센터[체험존],경상남도 산청군 산청읍 물안실로 8-1 2층,10명,055-213-2775,35.4056138886133,127.901018953066
강원도,인제군,인제군 노인지회[체험존],강원도 인제군 인제읍 인제로225번길 10-3 인제군 노인지회 2층 사무실,10명,033-910-0834,38.0714016807106,128.174630579764
대전광역시,대덕구,대덕구북부노인복지관,대전광역시 대덕구 신탄진로681번길 6 (덕암동)1층,10명,042-716-0198,36.4393694615937,127.426122601772
전라남도,신안군,신안임자만났네협동조합[체험존],전라남도 신안군 임자면 임자로 98 신안임자만났네협동조합 1층 교육장,20명,070-5117-4057,35.0846589024087,126.111861439406
경기도,군포시,오금마을 정보센터[체험존],"경기도 군포시 오금로 43 (금정동, 율곡아파트)2층 로비",10명,1600-6813,37.3524557016321,126.930958474784
서울특별시,관악구,강감찬관악종합사회복지관,서울특별시 관악구 양녕로 74 (봉천동)강감찬관악복지관 구암빌딩 2층,10명,1544-9782,37.4885164861367,126.94665870629
대구광역시,달성군,달성군여성문화복지센터,대구광역시 달성군 화원읍 성천로 5 달성군여성문화복지센터 5층 프로그램실,15명,053-214-1801,35.7984745344735,128.488178262777
충청남도,공주시,공주시장애인종합복지관[체험존],충청남도 공주시 의당로 23 (신관동)공주시장애인종합복지관 1층 로비,20명,041-415-1097(8),36.4741373145753,127.129265817502
강원도,양양군,양양군노인복지관[체험존],강원도 양양군 양양읍 일출로 540 1층 로비(인포메이션 옆),10명,033-910-0834,38.0763936470602,128.626754830027
서울특별시,양천구,목동실버복지문화센터,서울특별시 양천구 목동중앙로3길 21 (목동)목동실버복지문화센터 프로그램3실,10명,1544-9782,37.5364645531731,126.869267931653
경기도,수원시,SK청솔노인복지관[체험존],경기도 수원시 장안구 장안로 174 (정자동)SK청솔노인복지관 3층 로비,10명,1600-6813,37.2990243954773,126.997397867437
부산광역시,부산진구,성지문화원,부산광역시 부산진구 동평로94번길 28 (당감동)성지문화원,15명,051-987-0201 ,35.1643040354113,129.040189306355
부산광역시,동래구,동래구청[체험존],부산광역시 동래구 온천천로359번길 70 (낙민동)동래구청 로비,10명,051-987-0201 ,35.1963916374777,129.093599601365
경상남도,거제시,거제시 하청도서관[체험존],경상남도 거제시 하청면 하청로 12-7 하청도서관,15명,055-213-2775,34.9553333504085,128.655197731546
대전광역시,대덕구,대덕구노인종합복지관 [체험존],대전광역시 대덕구 계족로740번길 80 (읍내동)2층,10명,042)716-0198,36.3782574602138,127.43143714386
서울특별시,강북구,번동2단지 종합사회 복지관,"서울특별시 강북구 한천로105길 24 (번동, 번동2단지주공아파트)번동2단지 종합사회복지관 본관 지하1층 소통방",10명,1544-9782,37.6276084068396,127.044805112576
서울특별시,서대문구,홍은2동 주민센터,서울특별시 서대문구 모래내로 334 (홍은동)2층,10명,1544-9782,37.5801082528102,126.934150447819
전라남도,영광군,영광선행공동체일곱빛깔[체험존],전라남도 영광군 군서면 천년로7길 45-2 시나브로문화예술협동조합 프로그램실,10명,1566-6105,35.2597237560181,126.482197191241
부산광역시,수영구,수영구 평생학습관[체험존],부산광역시 수영구 수영로521번길 77 (광안동)3층 정보화교육장,10명,051-987-0201 ,35.1529382417657,129.10745948362
울산광역시,중구,함월노인복지관,울산광역시 중구 종가3길 15 (유곡동)3층 컴퓨터실,20명,1899-9119,35.5612463344627,129.296740409379
경기도,안산시,안산 평생학습관,경기도 안산시 상록구 차돌배기로 24-1 (사동)안산 평생학습관 1층,10명,1600-6813,37.2986849541317,126.846929902417
광주광역시,광산구,더불어락광산구노인복지관[체험존],광주광역시 광산구 목련로 156 (운남동)1층 도서관,5명,062-224-0096,35.1714413740078,126.815940212035
울산광역시,울주군,울주생활문화센터,울산광역시 울주군 두서면 인보로 95 울주 생활문화센터 2층 다목적실,24명,1899-9119,35.6436494825517,129.159155925219
부산광역시,중구,중구청[체험존],부산광역시 중구 중구로 120 (대청동1가)정보화교육장,10명,051-987-0201 ,35.1061972480303,129.032351448444
대전광역시,동구,행복배움터,대전광역시 동구 계족로 151 (대동)5층 대동 지식산업센터,10명,042-716-0198,36.3279276013318,127.44352239554
충청남도,홍성군,홍성적십자봉사관,충청남도 홍성군 홍성읍 내포로146번길 12-16 홍성적십자봉사관,20명,041-415-1097(8),36.5952346830857,126.654961447871
대구광역시,달서구,상인2동 행정복지센터,대구광역시 달서구 상원로 27 (상인동),12명,053-214-1801,35.8125539781366,128.536259469753
서울특별시,동대문구,휘경주민센터 [체험존],서울특별시 동대문구 외대역동로6길 3 (휘경동)휘경1동 주민센터 3층,5명,1544-9782,37.5929147587054,127.065732205248
부산광역시,금정구,부산국학원,부산광역시 금정구 중앙대로 2110 (청룡동)4층 402호,10명,070-5029-0817,35.2727249369259,129.092951728952
부산광역시,남구,남구 장애인복지관,부산광역시 남구 조각공원로11번길 38 (대연동)남구 장애인복지관,10명,070-5029-0817,35.1292368245421,129.099214695484
광주광역시,서구,디지털역량센터[체험존],"광주광역시 서구 상무민주로 120 (쌍촌동, 우미 아트빌)201동 107호",5명,062-224-0096,35.1614817608753,126.860273292858
경기도,용인시,상하지역 아동센터,경기도 용인시 기흥구 중부대로 820-30 (상하동)상하지역 아동센터 1층 ,10명,1600-6813,37.2544518332616,127.141568189115
충청북도,단양군,단양군평생학습센터[체험존],충청북도 단양군 단양읍 중앙1로 32 단양군 평생학습센터 2층 컴퓨터실,10명,043-900-5006,36.9855561429552,128.368277057814
대구광역시,동구,강동어르신행복센터,대구광역시 동구 안심로 190 (신기동)3층 컴퓨터실,20명,053-214-1801,35.8657602120726,128.705822916331
강원도,정선군,사북읍 사북공공도서관[체험존],강원도 정선군 사북읍 파랑새길 33 사북읍 공공도서관 2층 로비,15명,033-910-0833,37.2242109050481,128.82468180108
부산광역시,기장군,꿈꾸는작은도서관,부산광역시 기장군 정관읍 방곡로 29 (이지더원5차)이지더원5차 505동 꿈구는작은도서관,12명,070-5029-0817,35.3269457475943,129.187880383071
서울특별시,노원구,마들종합사회복지관 [체험존],"서울특별시 노원구 동일로210길 22 (중계동, 중계주공1단지아파트)2층 정보화교실",10명,1544-9782,37.6469078098159,127.065216258015
부산광역시,중구,마니맘,부산광역시 중구 대청로 63-1 (보수동1가)5층 마니맘,10명,070-5029-0817,35.1032075165032,129.0270350248
경상남도,진주시,진주시 초전동 배움터[체험존],경상남도 진주시 초전남로 39 (초전동)4층,15명,055-213-2775,35.1997348038149,128.113715267649
부산광역시,서구,부산서구건강가정다문화지원센터,부산광역시 서구 구덕로 127 (토성동5가)서구가족센터 6층,5명,070-5029-0817,35.0963325838504,129.022058016701
충청남도,계룡시,계룡시종합사회복지관,충청남도 계룡시 엄사면 문화1로 7 계룡시종합사회복지관 1층 컴퓨터실,20명,041-415-1097~98,36.2733769385721,127.232992422448
부산광역시,금정구,금정도서관[체험존],부산광역시 금정구 금정도서관로 33 (청룡동)금정도서관 1층 로비,10명,051-987-0201 ,35.2726132136189,129.096181650772
경상남도,합천군,합천군 종합사회복지관[체험존],경상남도 합천군 합천읍 동서로 39 종합사회복지관 3층,10명,055-213-2775,35.5679281116892,128.156753359361
대전광역시,중구,동부다문화교육센터 [체험존],대전광역시 중구 대흥로 134 (대흥동)1층 체험존,10명,042)716-0198,36.3236582859936,127.427164815724
서울특별시,금천구,금천노인종합복지관 [체험존],서울특별시 금천구 시흥대로51길 93-32 (시흥동)2층 ,20명,1544-9782,37.4501343152384,126.897763811332
인천광역시,남동구,미추홀도서관 [체험존],인천광역시 남동구 인주대로776번길 53 (구월동)미추홀도서관 (3층 컴퓨터교육실),10명,1644-5561,37.4470474098541,126.724870300665
충청남도,부여군,부여군노인종합복지관[체험존],충청남도 부여군 규암면 아름1로 48 부여군노인종합복지관 1층 컴퓨터실,15명,041-415-1097(8),36.3036291588486,126.889413022915
경기도,광주시,광주시배움터[체험존],경기도 광주시 광주대로97번길 18 (송정동)지하 1층,10명,1600-6813,37.4154443696185,127.258223379379
서울특별시,강북구,한국복지정보통신협의회(서울 강북) [체험존],서울특별시 강북구 솔매로50길 43 (미아동)KT미아빌딩 별관2동 2층 강의실,10명,1544-9782,37.6246541800923,127.028501814297
울산광역시,동구,동울산주차장 고객지원센터[체험존］,"울산광역시 동구 진성3길 59, 2층2층 사무실 안",24명,1899-9119,35.5101727262216,129.426312298868
대구광역시,동구,검사제1경로당,대구광역시 동구 해동로 178 (검사동)2층 커뮤니티실,10명,053-214-1801,35.8867715055077,128.648269088029
경기도,안산시,단원구청,경기도 안산시 단원구 화랑로 250 (초지동)단원구청2층,10명,1600-6813,37.3210677582607,126.815262872029
충청북도,증평군,증평군노인복지관[체험존],충청북도 증평군 증평읍 보건복지로 64-2 증평군노인복지관 2층 프로그램실,10명,043-900-5006,36.7738350435106,127.584602065215
경기도,양평군,양평군청[체험존],경기도 양평군 양평읍 군청앞길 2 양평군청 지하1층 로비,10명,1600-6813,37.4917397537238,127.487680375367
경상남도,창원시,창원대학교[체험존],경상남도 창원시 의창구 창원대학로 20 (퇴촌동)4호관 산-102호,10명,055-213-2775,35.2459596336655,128.694816891338
광주광역시,남구,광주남구생활문화센터[체험존],광주광역시 남구 봉선로 208 (봉선동)1층 북카페,5명,062-224-0096,35.1220637174421,126.917404596072
경상남도,창원시,중앙평생학습센터,경상남도 창원시 성산구 원이대로580번길 34 (중앙동)중앙평생학습센터,10명,055-213-2775,35.2252452826665,128.677189249554
부산광역시,서구,서구노인복지관,부산광역시 서구 장군산로46번길 21 (암남동)서구노인복지관,10명,070-5029-0817,35.0731281495082,129.014348020863
인천광역시,동구,동구청 [체험존],인천광역시 동구 금곡로 67 (송림동)동구청정보화교육장 (  본관 5층 ) 전산교육장 안,10명,1644-5561,37.4734098106142,126.642908179264
서울특별시,동작구,동작구장애인가족지원센터 [체험존],"서울특별시 동작구 보라매로5가길 16 (신대방동, 보라매아카데미타워)동작구장애인가족지원센터 내부(대기실)",10명,1544-9782,37.4912751024086,126.924094714271
경상북도,상주시,상주시노인종합복지관[체험존],경상북도 상주시 중앙로 111 (무양동)상주시노인종합복지관(1층 로비),6명,054-841-2182,36.4169011062363,128.1499971857
부산광역시,북구,북구다문화가족지원센터,부산광역시 북구 효열로 76화정종합사회복지관 내 북구다문화가족지원센터,10명,070-5029-0817,35.2536421002952,129.015390079824
인천광역시,미추홀구,용마루 평생학습관 [체험존],"인천광역시 미추홀구 낙섬중로 129 (용현동, 엘에이치미추홀3단지)용마루지역학습센터 (2층) 복도 ",10명,1644-5561,37.458260080064,126.642662172692
대전광역시,동구,가양2동주민자치회,대전광역시 동구 흥룡로 33 (가양동)가양2동주민자치회,20명,042)716-0198,36.3490543914999,127.447386838198
대구광역시,서구,서대구주간보호센터,대구광역시 서구 통학로 175-6 (평리동)3층,10명,053-214-1801,35.8760225988832,128.562555208324
대전광역시,서구,도솔청소년문화의집,대전광역시 서구 배재로197번길 41 (도마동)도솔청소년문화의집,10명,042-716-0198,36.324613943235,127.36788927006
부산광역시,연제구,밤골작은도서관,부산광역시 연제구 금련로24번길 33 (연산동)연산3동 밤골도서관,9명,070-5029-0817,35.1720158832568,129.094445898447
충청남도,아산시,아산 서부종합사회복지관,충청남도 아산시 도고면 도고면로110번길 16 아산서부종합사회복지관,20명,041-415-1097(8),36.756947011434,126.880054703755
경상남도,고성군,고성군 청소년센터 온[체험존],경상남도 고성군 고성읍 성내로 61 고성군 청소년센터 온 1층 숨고르기,10명,055-213-2775,34.9768815610044,128.316323867445
대전광역시,중구,보건대학교평생교육원,대전광역시 중구 대종로 468 (대흥동)천우빌딩 4층 교육장,10명,042-716-0198,36.3263385972602,127.427635278345
경기도,안산시,단원구청[체험존],경기도 안산시 단원구 화랑로 250 (초지동)단원구청2층 로비 식당 가는방향,10명,1600-6813,37.3210677582607,126.815262872029
경상남도,밀양시,밀양시 정보화교육장[체험존],경상남도 밀양시 용평로 179 (용평동)밀양시 정보화교육장 1층,28명,055-213-2775,35.4901725417774,128.770745422679
부산광역시,서구,파란나래 돌봄센터,부산광역시 서구 망양로 29 (서대신동3가)2층 파란나래돌봄센터,10명,051-987-0201 ,35.1133107217697,129.013465283312
전라남도,보성군,보성군노인복지관[체험존],전라남도 보성군 벌교읍 신정길 47-23 보성군노인복지관 1층 로비,10명,1566-6105,34.8455873798815,127.351470101046
부산광역시,부산진구,부산진구청[체험존],부산광역시 부산진구 시민공원로 30 (부암동)부산진구청 11층 북카페,10명,051-987-0201 ,35.162830637421,129.05318830381
전라남도,해남군,해남군청[체험존],전라남도 해남군 해남읍 군청길 4 해남군청 로비,10명,1566-6105,34.5731965868762,126.599959914844
서울특별시,은평구,은평구립신사노인복지관,서울특별시 은평구 증산로15길 47 (신사동)2층,10명,1544-9782,37.5902570763213,126.908058308755
충청남도,서산시,회포정보화마을[체험존],충청남도 서산시 대산읍 운산나루터길 37-16 회포정보화마을 회관 1층 로비,20명,041-415-1097(8),36.9311737883826,126.465443881173
전라북도,장수군,장수군노인장애인복지관[체험존],전라북도 장수군 장수읍 노하3길 16 2층,10명,1899-6222,35.6535137755809,127.517294345486
부산광역시,부산진구,부산노인회관,부산광역시 부산진구 중앙대로 852,10명,070-5029-0817,35.1668282540767,129.067110216156
대구광역시,동구,팔공정보문화센터[체험존],대구광역시 동구 효신로 34 (효목동)팔공정보문화센터 1층 로비,5명,053-214-1801,35.8751121283431,128.63447969202
경기도,안양시,안양 만안노인복지회관[체험존],경기도 안양시 만안구 냉천로153번길 15 (안양동)안양 만안노인복지회관 1층 로비,10명,1600-6813,37.3937039547611,126.921481204997
대구광역시,달서구,본동종합사회복지관,"대구광역시 달서구 송현로 113 (송현동, 본동주공임대아파트)본동종합사회복지관 2층 평생교육실",10명,053-214-1801,35.827128164526,128.543324991785
충청북도,청주시,충청북도노인종합복지관[체험존],충청북도 청주시 서원구 흥덕로 42 (사직동)충청북도노인종합복지관 1층 로비,10명,043-900-5006,36.6396846398692,127.474012869
대구광역시,수성구,두산평생학습센터[체험존],대구광역시 수성구 들안로16길 78 (두산동)2층 복도,5명,053-214-1801,35.8392041121032,128.618159881825
부산광역시,서구,협성르네상스타운,"부산광역시 서구 대티로 159 (서대신동3가, 협성르네상스)협성르네상스",10명,051-987-0201 ,35.1130974382768,129.010538391209
부산광역시,해운대구,반여2동 행정복지센터[체험존],부산광역시 해운대구 재반로211번길 9 (반여동)2층 정보화교육장,10명,051-987-0201 ,35.1958884008419,129.130139355611
부산광역시,서구,부산시립 구덕도서관,부산광역시 서구 대신공원로 41 (서대신동3가)부산시립 구덕도서관,15명,070-5029-0817,35.1216819892774,129.016896778437
제주특별자치도,제주시,평생교육장학진흥원[체험존],제주특별자치도 제주시 서사로 44 (삼도일동)평생교육장학진흥원 1층,10명,1899-8723,33.5084562208621,126.519686907771
강원도,영월군,영월군의회배움터[체험존],강원도 영월군 영월읍 하송로 64 1층 정보화교육장,15명,033-910-0833,37.1843541676333,128.461932955783
서울특별시,서대문구,시립 서대문 농아인 복지관,서울특별시 서대문구 수색로4가길 23 (남가좌동)4층,10명,1544-9782,37.5706961540971,126.913800249055
부산광역시,남구,남구청[체험존],부산광역시 남구 못골로 19 (대연동)정보화교육장 안,10명,051-987-0201 ,35.1365159482778,129.084434570775
대구광역시,수성구,소헌 미술관,대구광역시 수성구 화랑로 134-5 (만촌동)소헌 미술관 1층 교육실,10명,053-214-1801,35.8738247158215,128.641381370893
전라남도,진도군,진도한울타리센터[체험존],전라남도 진도군 고군면 지수길 44-6 진도한울타리센터(진도어울림센터) 1층 로비,10명,1566-6105,34.4907716617233,126.343362258889
대전광역시,유성구,유성실버복지센터 [체험존],대전광역시 유성구 원신흥남로27번길 54 (원신흥동)1층,10명,042)716-0198,36.3341605963819,127.335512835484
경기도,안산시,희망아카데미 지역아동센터,경기도 안산시 상록구 초당로 30 (사동)희망아카데미 지역아동센터 2층,10명,1600-6813,37.2847261282293,126.850700676879
강원도,횡성군,둔내면 행정복지센터[체험존],강원도 횡성군 둔내면 둔내로51번길 17 1층 로비,15명,033-910-0833,37.5124086180172,128.218577463106
서울특별시,구로구,함사랑지역아동센터,서울특별시 구로구 경서로 82-14 (고척동)대신상가 303호,10명,1544-9782,37.5035328893291,126.861344835056
제주특별자치도,제주시,제주시소통협력센터,제주특별자치도 제주시 관덕로 44 (일도일동)3층 비양도 교육장,5명,1899-8723,33.5128279991474,126.523929134469
대구광역시,달성군,달성주민건강증진센터,대구광역시 달성군 옥포읍 비슬로458길 6-2 달성주민건강증진센터 2층 보건교육실,10명,053-214-1801,35.7895397133489,128.471281161001
인천광역시,중구,중구청 [체험존],인천광역시 중구 제물량로 216 (해안동2가)정보화교육장 안,10명,1644-5561,37.4721877063264,126.620763659036
충청남도,천안시,천안시노인종합복지관[체험존],충청남도 천안시 서북구 미라11길 16 (쌍용동)천안시 노인종합복지관 2층 정보화실,20명,041-415-1097(8),36.8042797422507,127.129287071432
부산광역시,중구,중구다함께돌봄센터,부산광역시 중구 초량상로7번길 11 (영주동)중구 다함께 돌봄센터,18명,070-5029-0817,35.1132148418875,129.034119929818
충청남도,아산시,충남발달장애인훈련센터,충청남도 아산시 배방읍 희망로46번길 19-3 8층 충남발달장애인훈련센터,20명,041-415-1097(8),36.7888255559128,127.10444542232
부산광역시,사하구,회화나무 작은도서관,부산광역시 사하구 사하로141번나길 11-1 (괴정동)회화나무 작은도서관,10명,051-987-0201 ,35.0941282993783,128.991562346503
대구광역시,수성구,중동학습마을센터,대구광역시 수성구 청수로 14 (중동)1층,10명,053-214-1801,35.8407735978069,128.609461294379
충청북도,제천시,제천시노인종합복지관[체험존],충청북도 제천시 독순로 65 (중앙로2가)제천시노인종합복지관 1층 복도,10명,043-900-5006,37.1392234820167,128.21042967531
경상남도,창녕군,창녕군청 정보화교육장[체험존],경상남도 창녕군 창녕읍 군청길 1 창녕군청 정보화교육장 행복관 3층,10명,055-213-2775,35.5451632609156,128.493023647817
경기도,화성시,화성시서부노인복지관[체험존],경기도 화성시 남양읍 시청로 155 모두누림센터 4층 강의실3,10명,1600-6813,37.1989032479055,126.828667183456
세종특별자치시,보람로,도담동복합커뮤니티센터,세종특별자치시 보람로 77 (도담동)1층 주민쉼터이웃끼리,10명,044-868-6024,36.5154054636855,127.261746222985
경상남도,하동군,하동군1970관[체험존],경상남도 하동군 하동읍 중앙3길 12-9 하동1970관 2층,10명,055-213-2775,35.070509207151,127.745487085787
부산광역시,기장군,해바라기청소년공부방,부산광역시 기장군 기장읍 차성동로 58 해바라기청소년공부방,20명,070-5029-0817,35.2426496675859,129.21722115224
경기도,포천시,한사랑교육공동체,경기도 포천시 소흘읍 호국로 404 프리미엄 에코아울렛 A동 라동 104호(한사랑교육공동체 1층),10명,1600-6813,37.8092446668496,127.133498479757
서울특별시,중랑구,구립용마경로복지센터 [체험존],서울특별시 중랑구 용마산로94길 98 (면목동)1층 로비,10명,1544-9782,37.5873998509971,127.101819938244
충청남도,보령시,명천실버복지관,"충청남도 보령시 흥곡천변로 85 (명천동, 보령명천LH1단지)명천실버복지관",15명,041-415-1097(8),36.3388813379473,126.603137787079
대전광역시,서구,한밭종합사회복지관,"대전광역시 서구 월평북로 11 (월평동, 주공아파트)2층",10명,042-716-0198,36.3633920703733,127.369534354239
충청북도,음성군,음성군노인종합복지관[체험존],충청북도 음성군 금왕읍 백야로 14 음성군노인종합복지관 1층 복도,10명,043-900-5006,36.987296149872,127.596410684106
충청남도,예산군,예산군노인종합복지관[체험존],충청남도 예산군 예산읍 벚꽃로 214-11 예산군노인종합복지관 1층 로비,20명,041-415-1097(8),36.6995847251257,126.839278384209
부산광역시,사상구,모라종합사회복지관,부산광역시 사상구 모라로110번길 129,10명,070-5029-0817,35.1849447285069,128.997874101631
서울특별시,용산구,시립용산노인종합복지관 [체험존],서울특별시 용산구 독서당로11길 16 (한남동)2층,5명,1544-9782,37.5313386817535,127.006498019073
경상북도,칠곡군,칠곡 북삼평생학습복지센터[체험존],경상북도 칠곡군 북삼읍 인평1길 12 북삼평생학습복지센터(1층),6명,054-841-2182,36.0630685991916,128.34242257889
서울특별시,은평구,구립증산정보도서관,서울특별시 은평구 증산로5길 6 (증산동)3층,13명,1544-9782,37.5828094398328,126.907671330325
충청남도,논산시,강경도서관[체험존],충청남도 논산시 강경읍 계백로 173 강경도서관 2층 정보화교육장,20명,041-415-1097(8),36.1591440702116,127.018399975431
강원도,고성군,고성군 노인복지관[체험존],강원도 고성군 간성읍 간성로67번길 13 1층 교육장 로비,10명,033-910-0834,38.3783104377139,128.467707349835
경상북도,김천시,김천시청[체험존] ,경상북도 김천시 시청1길 1 (신음동)1층 로비,6명,054-841-2182,36.1397151155223,128.11330773026
제주특별자치도,서귀포시,하례리사무소,제주특별자치도 서귀포시 남원읍 하례중앙로 95 하례1리사무소 1층,10명,1899-8723,33.269169761325,126.625351256955
충청북도,괴산군,괴산군장애인복지관[체험존],충청북도 괴산군 괴산읍 동진천길 61 괴산군 장애인복지관 2층 컴퓨터실,10명,043-900-5006,36.8081079258557,127.797876521539
울산광역시,남구,문수실버복지관[체험존］,울산광역시 남구 대학로1번길 3-51 (무거동)2층 복도 끝,10명,1899-9119,35.5354496827209,129.250524174741
대구광역시,달성군,국립대구과학관,대구광역시 달성군 유가읍 테크노대로6길 20 본관 2층 무한상상실,15명,053-214-1801,35.6866551363345,128.465761685912
충청남도,태안군,늘푸른지역아동센터,충청남도 태안군 태안읍 도내1길 86-5 늘푸른지역아동센터,20명,041-415-1097(8),36.7906039507541,126.335597410156
경기도,양주시,양주장애인종합복지관,경기도 양주시 고삼로43번길 29 (삼숭동)장애인종합복지관 1층,10명,1600-6813,37.801862737581,127.090718608815
대구광역시,서구,서구청,대구광역시 서구 국채보상로 257 (평리동)대구서구의회 1층 정보화교육장,10명,053-214-1801,35.872322040814,128.559289304857
대구광역시,달성군,놀삶[체험존],대구광역시 달성군 다사읍 서재본1길 7 1층 놀삶,5명,053-214-1801,35.8728583095687,128.495494054192
전라북도,군산시,금강노인복지관[체험존],전라북도 군산시 백릉로 245 (구암동)1층,10명,1899-6222,35.9804876080983,126.75042551726
경기도,고양시,이민자통합센터[체험존],경기도 고양시 덕양구 고양대로 1361 (성사동)4층 왼쪽 첫번째 방,10명,1600-6813,37.6550574847522,126.835699550687
경상북도,예천군,예천군청[체험존],경상북도 예천군 예천읍 충효로 111 1층 정보화교육장 내,6명,054-841-2182,36.64691061077,128.437369329442
제주특별자치도,제주시,제주도노인복지관,제주특별자치도 제주시 과원북4길 12 (노형동)2층,10명,1899-8723,33.4808937019453,126.482869639905
경기도,포천시,한사랑교육공동체[체험존],경기도 포천시 소흘읍 호국로 404 한사랑교육공동체 1층,10명,1600-6813,37.8092446668496,127.133498479757
경상북도,고령군,고령군 다산행정복합타운[체험존],경상북도 고령군 다산면 다산로 681 3층  디지털배움터 교실 앞,6명,054-841-2182,35.8226936301654,128.452112158638
경상북도,영주시,영주시노인복지관[체험존],경상북도 영주시 원당로52번길 19 (휴천동)1층 휴게공간,6명,054-841-2182,36.8185450840972,128.621855182751
충청남도,계룡시,엄사도서관[체험존],충청남도 계룡시 엄사면 번영7길 17 엄사도서관 3층 시청각실,20명,041-415-1097(8),36.2870084464795,127.237920729471
서울특별시,성동구,성동구립금호도서관 [체험존],서울특별시 성동구 난계로 20 (금호동1가)4층 교육실,10명,1544-9782,37.5541287328773,127.0248936259
경기도,고양시,이민자통합센터,경기도 고양시 덕양구 고양대로 1361 (성사동)4층,30명,1600-6813,37.6550574847522,126.835699550687
서울특별시,구로구,스마트 구로 홍보관 [체험존],서울특별시 구로구 새말로 지하117-21 (신도림동)디큐브시티 지하 1층(신도림역 1번출구 방향),10명,1544-9782,37.5087701449787,126.891080501385
서울특별시,성북구,석관실버복지센터 [체험존],서울특별시 성북구 화랑로32길 88 (석관동)1층 로비,10명,1544-9782,37.606710875307,127.058248149071
부산광역시,서구,서구청[체험존],부산광역시 서구 구덕로 120 (토성동4가)서구청 전산교육장 안,10명,051-987-0201 ,35.0975415693233,129.023426158671
경기도,안산시,(사)다문화가족행복나눔센터,경기도 안산시 단원구 신천로2길 9-9 (원곡동)1층,8명,1600-6813,37.337120748923,126.794941405191
강원도,정선군,사북읍 사북공공도서관,강원도 정선군 사북읍 파랑새길 33 사북공공도서관 2층 프로그램실,15명,033-910-0833,37.2242109050481,128.82468180108
대전광역시,대덕구,대덕구노인종합복지관,대전광역시 대덕구 계족로740번길 80 (읍내동)3층,10명,042-716-0198,36.3782574602138,127.43143714386
대전광역시,서구,대전발달장애인훈련센터,대전광역시 서구 둔산북로 56 (둔산동)8층,10명,042-716-0198,36.3554379510507,127.380785115552
대구광역시,달성군,달성군청소년센터,대구광역시 달성군 논공읍 논공로 252 달성군청소년센터,12명,053-214-1801,35.7238940459502,128.455082936992
울산광역시,북구,울산장애인재활지원센터,울산광역시 북구 효자로 107 (효문동)3층,5명,1899-9119,35.570501280998,129.366906436127
부산광역시,수영구,수영구 수영강변 1차 경로당,"부산광역시 수영구 좌수영로 176 (망미동, 센텀수영강변1차e-편한세상)수영강변 1차 경로당",10명,070-5029-0817,35.1793191286872,129.117683498257
전라남도,고흥군,고흥군노인복지관[체험존],전라남도 고흥군 고흥읍 고흥로 1941 2층 강의실2,10명,1566-6105,34.6222109507101,127.29424334907
부산광역시,사하구,사하구청[체험존],부산광역시 사하구 낙동대로398번길 12 (당리동)사하구청 정보화교육장 내,10명,051-987-0201 ,35.1045019580248,128.974790181016
전라북도,진안군,진안군노인복지관[체험존],전라북도 진안군 진안읍 마이산로 76 2층,10명,1899-6222,35.7805980214404,127.418501083975
부산광역시,북구,만덕도서관,부산광역시 북구 은행나무로 26 (만덕동)만덕도서관,10명,051-987-0201 ,35.2072428156859,129.037797022285
서울특별시,금천구,독산2동주민센터,서울특별시 금천구 독산로 179 (독산동)1층,9명,1544-9782,37.4631474004015,126.9034824605
서울특별시,강서구,강서구립봉제산어르신복지센터,서울특별시 강서구 초록마을로15길 12 (화곡동)2층,10명,1544-9782,37.5415228150151,126.851407866411
인천광역시,서구,청라2동 행정복지센터 [체험존],인천광역시 서구 청라커낼로 269 (청라동)청라2동 행정복지센터 ( 2층 청라정보교육센터),10명,1644-5561,37.5326419425694,126.644148578721
경기도,의왕시,사랑채노인복지관[체험존],경기도 의왕시 복지로 109 (내손동)2층 SMART IT ROOM,10명,1600-6813,37.3875275741481,126.981610788774
경상북도,영덕군,영덕군 예주고을체험마을[체험존],경상북도 영덕군 영해면 예주8길 14-7 2층 정보화교육장 내,6명,054-841-2182,36.5390618634328,129.413477963954
경기도,부천시,소사노인복지관,경기도 부천시 경인옛로 73 (소사본동)소사어울마당 3층,10명,1600-6813,37.480046824707,126.799947687753
인천광역시,강화군,강화군청 [체험존],인천광역시 강화군 강화읍 강화대로 394 강화군청 정보화교육실 3층 안,10명,1644-5561,37.7461304676795,126.487735023805
대구광역시,서구,서구청[체험존],대구광역시 서구 국채보상로 257 (평리동)서구청 1층 민원실 내 우측끝,5명,053-214-1801,35.872322040814,128.559289304857
경기도,안산시,본오종합사회복지관,경기도 안산시 상록구 이호로 39 (본오동)본오종합사회복지관 2층,8명,1600-6813,37.2875083463296,126.861285818638
제주특별자치도,서귀포시,서귀포시장애인회관[체험존],제주특별자치도 서귀포시 칠십리로72번길 9 (서귀동)서귀포시장애인회관 2층 로비,20명,1899-8723,33.2397682881419,126.564558949286
대구광역시,수성구,지산녹색마을,대구광역시 수성구 지범로27길 13-5 (지산동)지산녹색교실 1층,10명,053-214-1801,35.8255626467441,128.63786307712
전라북도,임실군,임실군노인종합복지관[체험존],전라북도 임실군 임실읍 운수로 33-46 2층,10명,1899-6222,35.6146283709049,127.28571530327
대전광역시,서구,서구노인복지관,대전광역시 서구 남선로 66 (탄방동)서구노인복지관,10명,042-716-0198,36.3462303652179,127.397991198843
세종특별자치시,호려울로,보람동복합커뮤니티센터[체험존],세종특별자치시 호려울로 42 (보람동)4층 휴게실,5명,044-868-6024,36.4787746111383,127.290614050013
경기도,광명시,광명종합사회복지관[체험존],경기도 광명시 오리로 1018 (광명동)광명종합사회복지관 2층,10명,1600-6813,37.4809139155612,126.850473225657
경상북도,의성군,의성읍사무소 임시청사[체험존],경상북도 의성군 의성읍 홍술로 99 의성읍사무소 임시청사 3층 정보화교육장 내,6명,054-841-2182,36.3557783954379,128.690210259017
경기도,용인시,상현1동 행정복지센터[체험존],경기도 용인시 수지구 상현로 71 (상현동)2층 대강당,10명,1600-6813,37.3046273613935,127.081146733817
경기도,동두천시,동두천마을교육공동체[체험존],경기도 동두천시 동두천로 199 (생연동)건너편 주차장 안쪽 컨테이너 1층 로비,10명,1600-6813,37.8993098750729,127.055517971685
세종특별자치시,남세종로,호려울꿈자람터,"세종특별자치시 남세종로 384 (보람동, 호려울마을9단지)호려울꿈자람터",10명,044-868-6024,36.4802537194025,127.296895253387
충청남도,천안시,차암돌봄센터,"충청남도 천안시 서북구 스마일시티2로 1 (차암동, 효성해링턴플레이스 스마일시티)차암돌봄센터",20명,041-415-1097~8,36.8445897575772,127.107167288626
부산광역시,사상구,냉정마을 어울림센터,부산광역시 사상구 진사로36번길 46 (주례동)냉정어울림센터,10명,070-5029-0817,35.1471391371286,129.013999827718
전라남도,화순군,화순나드리복지관[체험존],전라남도 화순군 화순읍 학포로 2642 화순나드리복지관 1층 로비,10명,1566-6105,35.0460316967943,126.968103078784
전라남도,장성군,장성읍주민자치센터[체험존],전라남도 장성군 장성읍 영천로 211 장성읍주민자치센터 1층 회의실,10명,1566-6105,35.3031968394634,126.785249691359
부산광역시,사상구,부산도서관[체험존],부산광역시 사상구 사상로310번길 33 (덕포동)2층로비,10명,051-987-0201 ,35.1727231677342,128.985297783952
경기도,시흥시,쿠팡 시흥물류센터,경기도 시흥시 만해로 43 (정왕동)로지스코 시흥물류센터(10층 교육장_3센터),15명,1600-6813,37.3318032466528,126.747215524334
부산광역시,연제구,거제종합사회복지관,부산광역시 연제구 아시아드대로 46번길 45,24명,070-5029-0817,35.1884748990293,129.070700279315
부산광역시,사하구,사하구종합장애인복지관,부산광역시 사하구 사하로68번길 65 (구평동)사하구 장애인종합복지관,10명,070-5029-0817,35.0854390183849,128.992997416372
광주광역시,동구,광주광역시 빛고을50+센터[체험존],광주광역시 동구 남문로 692 (학동)1층,5명,062-224-0096,35.1324057596423,126.928868694548
