시도,구분,제목,장소,기간,가격,문의처
서울특별시,뮤지컬/오페라,트레드밀,CJ 아지트 대학로(구 SM아트홀),2022-09-28~2022-11-05,유료,인터파크 1544-1555
서울특별시,전시,"MZ 세대 조각가 곽인탄 개인전, ""팔레트""",경복궁,2022-10-05~2022-11-05,무료,info@konggallery.com
부산광역시,연극,다만 사라질 뿐이다 [부산],나다소극장,2022-10-30~2022-11-05,유료,동그라미그리기 1577-4868
광주광역시,무용/발레,"광주시립발레단 수시공연, 발레 살롱콘서트 Ⅱ",빛고을시민문화관,2022-11-03~2022-11-05,유료,광주시립발레단 062-415-5502
대전광역시,음악/콘서트,"아트잇다 첫번째 이야기, 임오화변: 세 가지의 시선으로 음악을 그리다",대전 아트브릿지,2022-11-03~2022-11-05,유료,아트로 042-482-4463
경기도,뮤지컬/오페라,전설의 리틀 농구단 [안산],안산문화예술의전당,2022-11-03~2022-11-05,유료,안산문화재단 031-481-4023
서울특별시,무용/발레,구조의 구조,대학로예술극장 대극장,2022-11-04~2022-11-05,유료,070-8276-0917
경상남도,연극,"작은 무대에 부는 바람, 아빠들의 소꿉놀이",현장아트홀,2022-11-04~2022-11-05,유료,한국연극협회 경상남도지회 055-746-7413
인천광역시,기타,6×8(육 곱하기 팔) 그리고 6피트의 땅,남동소래아트홀,2022-11-04~2022-11-05,무료,010-5396-3306
경상남도,연극,"작은 무대에 부는 바람, 아빠들의 소꿉놀이",현장아트홀,2022-11-04~2022-11-05,유료,"예술중심현장 055-746-7411, 7413"
경기도,연극,클럽 베를린 [의정부],의정부아트캠프,2022-11-04~2022-11-05,유료,의정부 아트캠프 031-850-5134
광주광역시,연극,"제25회 광주소극장축제, 목욕탕블루스",예린소극장,2022-11-04~2022-11-05,유료,광주소극장협회 062-222-7008 / 010-4701-7300
광주광역시,연극,"제25회 광주소극장축제, 늦은행복",예술극장 통,2022-11-04~2022-11-05,유료,광주소극장협회 062-222-7008 / 010-4701-7300
경기도,뮤지컬/오페라,백만송이의 사랑 [군포],군포문화예술회관,2022-11-04~2022-11-05,유료,군포문화예술회관 031-390-3500~1
서울특별시,국악,흥보마누라 이혼소송사건,성수아트홀,2022-11-04~2022-11-05,유료,성수아트홀 02-2204-7574
서울특별시,뮤지컬/오페라,"서울오페라페스티벌, 토스카",강동아트센터,2022-11-04~2022-11-05,유료,강동아트센터 02-440-0500
충청남도,무용/발레,지젤 [공주],공주문예회관,2022-11-04~2022-11-05,유료,공주문예회관 041-852-0858
인천광역시,뮤지컬/오페라,올 더 웨이 [인천 서구],인천서구문화회관,2022-11-04~2022-11-05,유료,인천서구문화회관 032-579-1150
경상남도,연극,이상과 슈만 [안동],안동문화예술의전당,2022-11-04~2022-11-05,유료,안동문화예술의전당 054-840-3600
대구광역시,뮤지컬/오페라,"제19회 대구국제오페라축제, 신데렐라",대구오페라하우스,2022-11-04~2022-11-05,유료,대구오페라하우스 053-666-6000 / 전화예매 1661-5946
부산광역시,연극,회란기 [부산],부산문화회관 중극장,2022-11-04~2022-11-05,유료,부산문화회관 051-607-6000 (ARS 1번)
충청북도,연극,[집밖] 후설 [충주],충주시문화회관,2022-11-05~2022-11-05,유료,충주시문화회관 043-850-3914
서울특별시,음악/콘서트,제2회 루먼 브라스 정기연주회,예술의전당 IBK챔버홀,2022-11-05~2022-11-05,유료,위드클래식 02-588-6360
서울특별시,음악/콘서트,쇼팽 vs 리스트,쌀롱드무지끄,2022-11-05~2022-11-05,유료,쌀롱드무지끄 010-8826-8364
경기도,뮤지컬/오페라,뮤지컬 <전설의리틀농구단>,안산문화예술의전당,2022-11-05~2022-11-05,유료,031-481-4022
부산광역시,무용/발레,"제34주년 부산주니어발레컴퍼니 정기공연, 콩쥐팥쥐",영화의 전당 하늘연극장,2022-11-05~2022-11-05,유료,영화의전당 051-780-6060
광주광역시,뮤지컬/오페라,"빛고을 어린이 연극잔치, 호랑이가",국립아시아문화의전당 어린이문화원,2022-11-05~2022-11-05,무료,교육극단 파랑새 062-514-4328
서울특별시,음악/콘서트,이은혜 & 김은총 듀오 리사이틀,북서울 꿈의숲아트센터,2022-11-05~2022-11-05,유료,민예술기획 010-4951-0193
인천광역시,뮤지컬/오페라,엄마까투리: 마트에 간 꽁지 [인천],인천글로벌캠퍼스 대강당,2022-11-05~2022-11-05,무료,인구보건복지협회 인천지회 032-451-4000
경상남도,뮤지컬/오페라,헤어드레서 [함양],함양군문화예술회관,2022-11-05~2022-11-05,유료,함양문화예술회관 055-960-6710
경기도,뮤지컬/오페라,우당탕탕 잭과 꿈나무 [과천],과천시민회관 대극장,2022-11-05~2022-11-05,유료,과천문화재단 02-2009-9772
서울특별시,국악,K Music 한마당,베어홀,2022-11-05~2022-11-05,유료,베어홀 1899-2771
대구광역시,국악,"대구문화예술회관판소리 완창시리즈, 김진아의 보성소리: 성창순 바디 심청가",대구문화예술회관,2022-11-05~2022-11-05,유료,"대구문화예술회관 053-606-6135, 6133"
인천광역시,뮤지컬/오페라,박쥐 [인천],인천학생교육문화회관,2022-11-05~2022-11-05,무료,인천학생교육문화회관 032-760-3538
서울특별시,음악/콘서트,시작은 마흔이었다,JCC아트센터,2022-11-05~2022-11-05,유료,현대문화기획 02-2266-1307
경기도,음악/콘서트,"MEG아트홀 기획연주 39, 더 패밀리 콘서트: 하모니카 판타지",MEG아트홀,2022-11-05~2022-11-05,유료,MEG아트홀 010-9458-5310
대구광역시,음악/콘서트,시네마 클래식 데이 [대구],아양아트센터,2022-11-05~2022-11-05,유료,대구동구문화재단 공연기획팀 053-230-3316
경기도,음악/콘서트,"토요 브런치 콘서트, 로스팅 시리즈 8: French",김포아트홀,2022-11-05~2022-11-05,유료,김포아트홀 031-996-1605
충청남도,연극,신뺑파전 [보령],보령문화예술회관,2022-11-05~2022-11-05,유료,보령문화예술회관 041-930-3427
전라북도,음악/콘서트,이은정 바이올린 독주회 [전주],한국소리문화의전당,2022-11-05~2022-11-05,유료,010-4466-0540
서울특별시,음악/콘서트,바리톤 석상근 독창회,푸르지오 아트홀,2022-11-05~2022-11-05,유료,툴뮤직 02-3443-5702
서울특별시,음악/콘서트,"(사)홍정희오페라단 오페라 갈라콘서트, 별이 빛나는 밤에",국립극장 하늘극장,2022-11-05~2022-11-05,유료,리드예술기획 02-518-9792 / (사)홍정희 오페라단 02-3473-3170
서울특별시,음악/콘서트,"박물관으로간피아노, 박종성 & 김진세",목인박물관,2022-11-05~2022-11-05,유료,목인박물관 02-722-5055 / 포스트스트라디움 010-3599-4501
서울특별시,음악/콘서트,베이스 구본수 콘서트,윤당아트홀,2022-11-05~2022-11-05,유료,라이브러리컴퍼니 070-4190-1289
서울특별시,무용/발레,"제15회 K-Ballet World, 월드발레스타갈라",국립극장 해오름극장,2022-11-05~2022-11-05,유료,한국발레협회 02-538-0505
대전광역시,음악/콘서트,"대전시립교향악단 마스터즈시리즈11, 낭만에서 신고전까지",대전시립연정국악원,2022-11-05~2022-11-05,유료,대전시립교향악단 042-270-8382~8
대구광역시,뮤지컬/오페라,나르키소스 [대구],달서아트센터,2022-11-05~2022-11-05,무료,지오뮤직 010-3049-2731
서울특별시,국악,청춘만발 콘서트,세실극장,2022-11-05~2022-11-05,유료,국립정동극장 세실 02-751-1500
서울특별시,음악/콘서트,최인 기타 리사이틀,영산아트홀,2022-11-05~2022-11-05,유료,피셔인젤 예술기획 070-4220-3287
경기도,기타,"음악으로 그리는 일곱 가지 반 고흐, 별이 빛나는 밤에 [남양주]",다산아트홀,2022-11-05~2022-11-05,유료,"다산아트홀 031-590-4358, 4361"
서울특별시,연극,"유라시아셰익스피어극단(ESTC), 로미오&줄리엣(Romeo&Juliet) [노원]",노원문화예술회관,2022-11-05~2022-11-05,유료,노원문화재단 02-2289-3400
경상남도,뮤지컬/오페라,사과가 쿵 [경주],경주예술의전당,2022-11-05~2022-11-05,유료,한울엔터테인먼트 1566-7754
충청북도,뮤지컬/오페라,아기돼지 삼형제 [증평],증평문화회관,2022-11-05~2022-11-05,유료,인터파크 1544-1555
서울특별시,음악/콘서트,김재준 첼로 독주회,예술의전당 인춘아트홀,2022-11-05~2022-11-05,유료,JJ예술기획 02-511-1920
경기도,국악,신노이 SINNOI [수원],수원SK아트리움,2022-11-05~2022-11-05,유료,수원SK아트리움 031-250-5300
경기도,음악/콘서트,불후의 클래식 [여주],세종국악당,2022-11-05~2022-11-05,유료,여주세종문화재단 031-881-9681
강원도,음악/콘서트,제25회 춘천시립청소년교향악단 정기연주회,춘천문화예술회관,2022-11-05~2022-11-05,무료,"춘천시립예술단 033-259-5869, 5879"
광주광역시,뮤지컬/오페라,잔니스키키,국립아시아문화전당,2022-11-05~2022-11-05,유료,국립아시아문화전당 1899-5566
전라남도,뮤지컬/오페라,누가 내 머리에 똥 쌌어? [해남],해남문화예술회관,2022-11-05~2022-11-05,유료,극단 국민 010-4095-3005
경기도,국악,가장무도: 일상을 위한 일탈 [광명],광명시민회관,2022-11-05~2022-11-05,유료,광명문화재단 02-2621-8845
경기도,음악/콘서트,"아트시그널 고양 마스터즈 3, 김주영",고양아람누리 아람음악당,2022-11-05~2022-11-05,무료,고양문화재단 1577-7766
경상남도,음악/콘서트,테너 존노 리사이틀 [함안],함안문화예술회관,2022-11-05~2022-11-05,유료,함안문화예술회관 055-580-3623~3627
인천광역시,음악/콘서트,권나경 플루트 독주회 [인천],엘림아트센터,2022-11-05~2022-11-05,유료,엘림아트센터 032-289-4275
서울특별시,음악/콘서트,협성대학교 피아노과 교수 음악회,세종문화회관 체임버홀,2022-11-05~2022-11-05,유료,컬처파크209 02-556-0209
대구광역시,뮤지컬/오페라,"봉포유 라온스테이지 IV, EG뮤지컬컴퍼니",봉산문화회관,2022-11-05~2022-11-05,유료,봉산문화회관 053-661-3521
서울특별시,음악/콘서트,"아름다운 목요일, 스페셜 콘서트: 트리오 서울 (11.5)",금호아트홀 연세,2022-11-05~2022-11-05,유료,금호문화재단 02-6303-1977
인천광역시,음악/콘서트,파비오 비온디 & 에우로파 갈란테: 사계 [인천],아트센터 인천,2022-11-05~2022-11-05,유료,아트센터인천 032-453-7700
서울특별시,음악/콘서트,김선욱 & 유럽 챔버 오케스트라 (11.05),예술의전당 콘서트홀,2022-11-05~2022-11-05,유료,빈체로 02-599-5743
경기도,국악,"k-남사당놀이, 판: 박첨지",안양아트센터,2022-11-05~2022-11-05,유료,"안양아트센터 031-687-0500, 0555"
울산광역시,음악/콘서트,펠릭스 클리저 호른 리사이틀 [울산],현대예술관,2022-11-05~2022-11-05,유료,현대예술관 1522-3331
서울특별시,뮤지컬/오페라,피노키오 [서울 서대문],서대문문화체육회관,2022-11-05~2022-11-05,유료,극단 희망 010-2258-9411
인천광역시,연극,염쟁이 유씨 [인천],부평아트센터 달누리극장,2022-11-05~2022-11-05,유료,부평아트센터 032-500-2000
서울특별시,국악,[야광명월(夜光明月)] 그루브앤드,서울돈화문국악당,2022-11-05~2022-11-05,무료,02-3210-7001
서울특별시,음악/콘서트,정한빈 피아노 리사이틀 - 친애하는 프란츠에게,예술의전당 IBK챔버홀,2022-11-05~2022-11-05,유료,스톰프뮤직 02-2658-3546
광주광역시,전시,지구의 시간,국립아시아문화전당,2022-07-01~2022-11-06,무료,1899-5566
서울특별시,뮤지컬/오페라,미세스 다웃파이어,샤롯데씨어터,2022-08-30~2022-11-06,유료,주식회사 스튜디오선데이 070-8260-0705
경기도,뮤지컬/오페라,토끼와거북이 [수원],KBS수원아트홀,2022-09-10~2022-11-06,유료,031-216-5201
서울특별시,뮤지컬/오페라,삼총사,유니버설아트센터,2022-09-16~2022-11-06,유료,글로벌컨텐츠 02-2051-1698
경기도,뮤지컬/오페라,신데렐라 [광명],소나무극장,2022-09-17~2022-11-06,유료,010-2224-2719
서울특별시,뮤지컬/오페라,헬로마마 [서울],명작극장,2022-10-01~2022-11-06,유료,대영뮤지컬컴퍼니 02-712-7080
서울특별시,연극,눈을 뜻하는 수백 가지 단어들 (앵콜),드림아트센터,2022-10-13~2022-11-06,유료,(주)엠피앤컴퍼니 02-744-4033
강원도,연극,금따는 콩밭,아트팩토리 봄,2022-10-14~2022-11-06,유료,아트팩토리 봄 033-263-7222
경기도,뮤지컬/오페라,앨리스 인 원더랜드 [수원],광교레이크아트홀,2022-10-15~2022-11-06,유료,광교레이크아트홀 031-216-7179
서울특별시,뮤지컬/오페라,우당탕 커다란 순무뽑기 대소동 [서울],상상나라극장,2022-10-15~2022-11-06,유료,인터파크 1544-1555
서울특별시,연극,"제7회 늘푸른연극제, 겹괴기담",더 줌 아트센터,2022-10-21~2022-11-06,유료,더줌아트센터 02-790-6792~3
서울특별시,연극,속살,서완소극장 (구 씨어터고리),2022-10-25~2022-11-06,유료,010-5701-3477
서울특별시,연극,졸업,동숭무대 소극장,2022-10-26~2022-11-06,유료,010-8528-4130 (문자만)
서울특별시,연극,해피투게더,연우소극장,2022-10-26~2022-11-06,유료,010-9308-5728
서울특별시,연극,쓱싹쓱싹,극장 PLOT (구 1M SPACE),2022-10-26~2022-11-06,유료,인터파크 1544-1555
서울특별시,연극,표절 작가,대학로 스튜디오 76,2022-10-26~2022-11-06,유료,010-4514-5328
서울특별시,국악,"이희문 쏭폼스토리즈, 강남오아시스",세종문화회관 S씨어터,2022-10-27~2022-11-06,유료,세종문화회관 02-399-1000
서울특별시,연극,"웰컴 대학로, 건달은 개뿔",서경대학교 공연예술센터(혜화역),2022-10-27~2022-11-06,유료,아트리버 02-6498-0403
서울특별시,국악,이희문 쏭폼스토리즈 <강남오아시스>,세종문화회관 S씨어터,2022-10-27~2022-11-06,유료,02-399-1000
서울특별시,연극,즐거운 너의 집,미아리고개예술극장,2022-10-28~2022-11-06,유료,얄라리얄라 yallariyalla012@gmail.com / 인터파크 1544-1555
부산광역시,뮤지컬/오페라,우연히 행복해지다 [부산],경성대학교소극장,2022-10-28~2022-11-06,유료,극단 바라 1600-1716
서울특별시,무용/발레,"유니버설발레단, 오네긴",예술의전당 오페라극장,2022-10-29~2022-11-06,유료,유니버설발레단 070-7124-1734
충청남도,뮤지컬/오페라,팥죽할멈과 호랑이 [천안],홈플러스천안신방점소극장,2022-10-29~2022-11-06,유료,홈플러스천안신방점 소극장 041-578-1090
서울특별시,연극,지하비행사,연희예술극장,2022-11-02~2022-11-06,유료,인스타그램 @play_hyeyum / 인터파크 1544-1555
서울특별시,뮤지컬/오페라,"웰컴 대학로, 마리오네트",서경대학교 공연예술센터(혜화역),2022-11-02~2022-11-06,유료,(주)예술인 02-548-4480
서울특별시,연극,쥐 덫,소극장 공유(구.키작은소나무극장),2022-11-03~2022-11-06,유료,인터파크 1544-1555
서울특별시,연극,선물,보광극장,2022-11-03~2022-11-06,유료,010-5140-1105
서울특별시,연극,"제12회 미래연극제, 문병재 유머코드에 관한 사적인 보고서",씨어터쿰,2022-11-03~2022-11-06,유료,서울연극협회 02-765-7500
서울특별시,전시,eXplainable Human,갤러리 지하,2022-11-04~2022-11-06,무료,010-2970-8976
서울특별시,연극,세상을 편력하는 두 기사 이야기: 돈키호테로부터,씨어터 조이(구 마당세실극장),2022-11-04~2022-11-06,유료,010-2868-5659
서울특별시,무용/발레,Universe in Me,플랫폼엘 컨템포러리 아트센터,2022-11-04~2022-11-06,유료,인터파크 1544-1555
대전광역시,연극,스카팽 [대전],대전예술의전당,2022-11-04~2022-11-06,유료,대전예술의전당 042-270-8333
경상남도,연극,리어왕 [진주],경상남도 문화예술회관,2022-11-04~2022-11-06,유료,경남도립예술단 055-254-4695
서울특별시,뮤지컬/오페라,제1회 윤악당뮤지컬밴드 정기공연,서울생활문화센터 서교,2022-11-05~2022-11-06,유료,02-6351-7533 / 010-4702-8816
경기도,연극,블랙코메디 [안산],안산문화예술의전당,2022-11-05~2022-11-06,유료,010-4916-2703
광주광역시,연극,뉴 일루전 쇼케이스,국립아시아문화전당,2022-11-05~2022-11-06,무료,국립아시아문화전당 1899-5566
제주특별자치도,연극,"화해, 인간애의 아름다운 하모니 해경무렵",서귀포예술의전당,2022-11-05~2022-11-06,무료,서귀포예술의전당 064-760-3368 / 064-722-0794
서울특별시,연극,프리랜서 박 과장 실종사건,소극장피카소,2022-11-05~2022-11-06,유료,카카오채널 예술집단 멩이 / 인스타그램 meng_iiii / 인터파크 1544-1555
서울특별시,뮤지컬/오페라,이상한 날씨로 여행을 갈까요?,서서울예술교육센터,2022-11-05~2022-11-06,유료,서서울예술교육센터 02-2697-2600
대구광역시,연극,"작은 무대에 부는 바람, 정크, 클라운 [대구]",한울림 소극장,2022-11-05~2022-11-06,유료,한울림소극장 053-246-2925
서울특별시,연극,"제22회 월드 2인극 페스티벌, 머리맡",대학로 예술공간 혜화,2022-11-05~2022-11-06,유료,2인극페스티벌 조직위원회 070-7776-6613
경상남도,연극,"작은 무대에 부는 바람, 호야 내 새끼 2",현장아트홀,2022-11-05~2022-11-06,유료,한국연극협회 경상남도지회 055-746-7413
서울특별시,연극,패크랫 [서울 마포],문화비축기지,2022-11-05~2022-11-06,유료,02-2633-2071
경상남도,연극,"작은 무대에 부는 바람, 사평역",소극장 공터다,2022-11-05~2022-11-06,유료,사단법인 문화창작집단공터다 054-444-0604
광주광역시,연극,"제25회 광주소극장축제, 향교품바",예린소극장,2022-11-05~2022-11-06,유료,광주소극장협회 062-222-7008 / 010-4701-7300
광주광역시,뮤지컬/오페라,브레드이발소: 대결! 최고의 이발사 [광주],5.18 기념문화회관 민주홀,2022-11-05~2022-11-06,유료,티켓링크 1588-7890
부산광역시,뮤지컬/오페라,"민쩌미, 사랑해요 엄마! [부산(앵콜)]",KBS부산홀,2022-11-05~2022-11-06,유료,동그라미그리기 1577-4868
대구광역시,뮤지컬/오페라,프린세스공주 [대구],신세계 문화홀 대구점,2022-11-05~2022-11-06,유료,좋은사람들 070-4045-2302
서울특별시,연극,"제6회 구로꿈나무인형극제, 배고파",구로꿈나무극장,2022-11-05~2022-11-06,유료,구로꿈나무극장 02-830-2561~2 / 2508
전라남도,뮤지컬/오페라,바다탐험대 옥토넛 시즌2: 대산호초 보호작전 [목포],목포시민문화체육센터 대공연장,2022-11-05~2022-11-06,유료,1800-7672
강원도,뮤지컬/오페라,엘사의 생일파티 [속초],속초문화예술회관,2022-11-05~2022-11-06,유료,극단 예일 02-555-0822~3
부산광역시,뮤지컬/오페라,더퀸: 선덕여왕의 귀환 [부산],동래문화회관대극장,2022-11-05~2022-11-06,유료,플레이더부산 1600-0316
인천광역시,뮤지컬/오페라,수박수영장 [인천],부평아트센터 해누리 극장,2022-11-05~2022-11-06,유료,에이엠컬처 02-6413-3698
강원도,뮤지컬/오페라,시크릿쥬쥬 시즌3: 별의 여신 마지막콘서트 [강릉],강릉아트센터 사임당홀,2022-11-05~2022-11-06,유료,동그라미그리기 1577-4868
제주특별자치도,뮤지컬/오페라,꼬마버스 타요와 하하호호 노래자랑 [제주],제주대학교 한라아트홀,2022-11-05~2022-11-06,유료,파이오니아 1811-8202
경상남도,뮤지컬/오페라,캐리TV 러브콘서트: KPOP [창원],KBS 창원홀,2022-11-05~2022-11-06,유료,동그라미그리기 1577-4868
전라북도,뮤지컬/오페라,번개맨: 우주최강 번개삼총사 [익산],익산예술의전당 대공연장,2022-11-05~2022-11-06,유료,하늘이엔티 1688-6675
경기도,뮤지컬/오페라,급식왕: 발가락 떡볶이의 비밀 [안산],안산문화예술의전당,2022-11-05~2022-11-06,유료,인스타컴퍼니 1522-2061
경기도,뮤지컬/오페라,신데렐라 [용인],용인문화예술회관,2022-11-05~2022-11-06,유료,좋은사람들 070-4045-2302
경상남도,뮤지컬/오페라,캐치! 티니핑 프린세스 다이어리 [김해],김해서부문화센터 하늬홀,2022-11-05~2022-11-06,유료,동그라미그리기 1577-4868
대전광역시,뮤지컬/오페라,프린세스 공주 [대전],평송청소년문화센터,2022-11-05~2022-11-06,유료,조이컬쳐 010-9611-2073
강원도,뮤지컬/오페라,고고다이노 우리동네공룡 [원주],원주백운아트홀,2022-11-05~2022-11-06,유료,원앤원 1688-8616
충청남도,뮤지컬/오페라,콩순이 시즌2: 우리들 음악회 [천안],천안시민문화여성회관 성환분관,2022-11-05~2022-11-06,유료,동그라미그리기 1577-4868
경기도,뮤지컬/오페라,신비아파트 시즌5: 감염된 도시의 비밀 [고양],고양어울림누리,2022-11-05~2022-11-06,유료,동그라미그리기 1577-4868
세종특별자치시,연극,[집밖] 지지직 신비한라디오 [세종],세종문화예술회관,2022-11-06~2022-11-06,유료,인터파크 1544-1555
서울특별시,연극,Good doctor,피움스튜디오,2022-11-06~2022-11-06,무료,010-2237-0284
광주광역시,뮤지컬/오페라,"빛고을 어린이 연극잔치, 도서관 생쥐",국립아시아문화의전당 어린이문화원,2022-11-06~2022-11-06,무료,교육극단 파랑새 062-514-4328
서울특별시,국악,"김철진, 신지희의 산조 연",국립국악원 풍류사랑방,2022-11-06~2022-11-06,무료,모아모아프로덕션 010-4035-9488
경기도,음악/콘서트,김포필하모닉오케스트라 창작공연: 조 강,김포아트홀,2022-11-06~2022-11-06,유료,김포필하모닉오케스트라 031-983-4150
서울특별시,국악,제4회 박병재 대금독주회,서울돈화문국악당,2022-11-06~2022-11-06,유료,모아모아프로덕션 010-5709-0955
경상남도,국악,제10회 영천아리랑 대축제,영천시민회관,2022-11-06~2022-11-06,무료,영천시민회관 054-330-6680
울산광역시,음악/콘서트,시네마 클래식 데이 [울산],울산문화예술회관,2022-11-06~2022-11-06,유료,울산문화예술회관 052-275-9623
서울특별시,국악,제4회 박병재 대금독주회 여세추이Ⅱ（자작곡 발표회）,서울돈화문국악당,2022-11-06~2022-11-06,유료,010 5709 0955
서울특별시,국악,"김철진, 신지희의 산조 ‘緣(연)’",국립국악원 풍류사랑방,2022-11-06~2022-11-06,무료,010 4035 9488
서울특별시,음악/콘서트,창립 63주년 기념 한국기타협회정기연주회,세종문화회관 체임버홀,2022-11-06~2022-11-06,유료,한국기타협회 02-795-7551
광주광역시,음악/콘서트,ACC 시민오케스트라,국립아시아문화전당,2022-11-06~2022-11-06,무료,국립아시아문화전당 1899-5566
서울특별시,음악/콘서트,권명 바이올린 독주회,예술의전당 리사이틀홀,2022-11-06~2022-11-06,유료,예인예술기획 02-586-0945
서울특별시,음악/콘서트,김준희 피아노 독주회,금호아트홀 연세,2022-11-06~2022-11-06,유료,이든예술기획 02-6412-3053
서울특별시,음악/콘서트,바리톤 문경재 귀국 독창회,영산아트홀,2022-11-06~2022-11-06,유료,예술기획 파홀로 02-582-0040
서울특별시,음악/콘서트,콰르텟 솔 정기연주회,예술의전당 IBK챔버홀,2022-11-06~2022-11-06,유료,조인클래식 02-525-6162
서울특별시,음악/콘서트,정영미 귀국 바이올린 독주회,예술의전당 리사이틀홀,2022-11-06~2022-11-06,유료,예인예술기획 02-586-0945
부산광역시,국악,부산시립국악관현악단 실내악 향연,영화의 전당 하늘연극장,2022-11-06~2022-11-06,무료,영화의전당 051-780-6060 / 부산시립국악관현악단 051-607-3121
광주광역시,무용/발레,"제25회 광주소극장축제, The Outpouring of Youth: Movement",예술극장 통,2022-11-06~2022-11-06,유료,광주소극장협회 062-222-7008 / 010-4701-7300
서울특별시,음악/콘서트,바리톤 문경재 귀국 독창회,영산아트홀,2022-11-06~2022-11-06,유료,예술기획파홀로 02-582-0040
대전광역시,음악/콘서트,제43회 메시야필하모닉오케스트라 정기연주회,대전시립연정국악원,2022-11-06~2022-11-06,유료,유진예술기획 1661-0461 / 대전시립연정국악원 042-270-8585
경기도,뮤지컬/오페라,피노키오 [안산],안산올림픽기념관,2022-11-06~2022-11-06,유료,극단 희망 010-2258-9411
세종특별자치시,음악/콘서트,윤이상국제음악콩쿠르 입상자 콘서트 [세종],세종 예술의전당,2022-11-06~2022-11-06,유료,세종예술의전당 044-850-8922
전라북도,뮤지컬/오페라,누가 내 머리에 똥 쌌어? [정읍],정읍사예술회관,2022-11-06~2022-11-06,유료,극단 국민 010-4095-3005
대구광역시,음악/콘서트,손민수 피아노 리사이틀 [대구],아양아트센터,2022-11-06~2022-11-06,유료,목프로덕션 02-338-3816
서울특별시,음악/콘서트,채수아 피아노 독주회,예술의전당 인춘아트홀,2022-11-06~2022-11-06,유료,좋은 피아노 교사 070-4307-7874
경기도,뮤지컬/오페라,겨울왕국: 겨울이야기 [동두천],동두천시민회관,2022-11-06~2022-11-06,유료,극단 희망 010-2258-9411
서울특별시,음악/콘서트,차이코프스키 더 마스터피스,예술의전당 콘서트홀,2022-11-06~2022-11-06,유료,"두남재엔터테인먼트 02-6292-9368, 9370"
서울특별시,음악/콘서트,오민정 오보에 독주회,금호아트홀 연세,2022-11-06~2022-11-06,유료,예인예술기획 02-586-0945
서울특별시,음악/콘서트,안드라스 쉬프 피아노 리사이틀 [서울],롯데콘서트홀,2022-11-06~2022-11-06,유료,마스트미디어 02-541-2512
경상남도,뮤지컬/오페라,겨울왕국: 겨울이야기 [김해],김해칠암도서관,2022-11-06~2022-11-06,유료,인터파크 1544-1555
인천광역시,음악/콘서트,심포니 오브 메이플스토리 전국투어 [인천],아트센터 인천,2022-11-06~2022-11-06,유료,스톰프뮤직 02-2658-3546
서울특별시,국악,[야광명월(夜光明月)] 월드뮤직그룹 공명,서울돈화문국악당,2022-11-06~2022-11-06,무료,02-3210-7001
서울특별시,음악/콘서트,안드라스 쉬프 피아노 리사이틀,롯데 콘서트홀,2022-11-06~2022-11-06,유료,02-541-2512
인천광역시,음악/콘서트,"2022 카즈미 타테이시 트리오 내한 공연-지브리, 재즈를 만나다(인천)",인천문화예술회관,2022-11-06~2022-11-06,유료,070-8680-8477
서울특별시,뮤지컬/오페라,브론테,자유극장,2022-09-04~2022-11-07,유료,070-8095-9734
서울특별시,음악/콘서트,이자윤 바이올린 독주회,금호아트홀 연세,2022-11-07~2022-11-07,유료,이든예술기획 02-6412-3053
서울특별시,음악/콘서트,신동일 파이프오르간 독주회,롯데콘서트홀,2022-11-07~2022-11-07,유료,영음예술기획 02-581-5404
서울특별시,전시,[집밖] 감각의 비경계 맞닿은 세계,세운홀,2022-11-04~2022-11-08,무료,070-8145-7934
경기도,음악/콘서트,[집밖] 제14회 프라미스 청소년 오케스트라 정기연주회,용인포은아트홀,2022-11-08~2022-11-08,유료,프로아트 02-585-2934~6
서울특별시,국악,"신음악회 기획시리즈 이 ㅅ음 I, 봄봄",국립국악원 풍류사랑방,2022-11-08~2022-11-08,무료,현대문화기획 02-2266-1307
서울특별시,음악/콘서트,신진 아티스트 콘서트,북서울 꿈의숲아트센터,2022-11-08~2022-11-08,무료,JSBACH 070-4234-1305
서울특별시,음악/콘서트,국립합창단 <위대한 합창 시리즈Ⅲ: 바흐 B단조 미사>,국립극장 해오름극장,2022-11-08~2022-11-08,유료,02-587-8222
서울특별시,음악/콘서트,헨레 마스터클래스 with 안드라스 쉬프,신영체임버홀,2022-11-08~2022-11-08,유료,마스트미디어 02-541-3184
경기도,음악/콘서트,펄플룻앙상블 코리아 창단연주회,성남아트센터,2022-11-08~2022-11-08,무료,010-6313-7205
부산광역시,무용/발레,이야기와 해설이 있는 동화 속 발레 갈라 콘서트 [해운대],해운대문화회관,2022-11-08~2022-11-08,무료,해운대문화회관 051-749-7651
광주광역시,음악/콘서트,Amelie with Soundtrack: 아멜리와 함께하는 영화음악산책,광산문화예술회관,2022-11-08~2022-11-08,무료,광산구 문화예술과 062-960-8258
서울특별시,음악/콘서트,이수정 피아노 독주회,예술의전당 인춘아트홀,2022-11-08~2022-11-08,유료,"조인클래식 02-525-6162,5"
서울특별시,음악/콘서트,양정민 귀국 비올라 독주회,금호아트홀 연세,2022-11-08~2022-11-08,유료,마스트미디어 02-541-3184
대구광역시,음악/콘서트,"지역청년음악가 지원프로그램, 이야기를 품은 클래식",한영아트센터,2022-11-08~2022-11-08,유료,수성아트피아 053-668-1800
서울특별시,음악/콘서트,양정민 귀국 비올라 독주회,금호아트홀 연세,2022-11-08~2022-11-08,유료,02-541-2512
서울특별시,음악/콘서트,제니윤 바이올린 독주회,영산아트홀,2022-11-08~2022-11-08,유료,스튜디오 더존 02-514-0050
서울특별시,음악/콘서트,국립합창단 제191회 정기연주회 <바흐 B단조 미사>,국립극장 해오름극장,2022-11-08~2022-11-08,"유료,할인",국립합창단 02) 587-8111
대구광역시,음악/콘서트,김은옥 피아노 독주회,달서아트센터,2022-11-08~2022-11-08,유료,티켓링크 1588-7890
서울특별시,음악/콘서트,박소영 바이올린 독주회,세종문화회관 체임버홀,2022-11-08~2022-11-08,유료,영음예술기획 02-581-5404
서울특별시,음악/콘서트,제37회 매일클래식,롯데콘서트홀,2022-11-08~2022-11-08,유료,컬쳐비즈 02-701-4879
서울특별시,음악/콘서트,제74회 (사)한국페스티발앙상블 정기연주회,예술의전당 IBK챔버홀,2022-11-08~2022-11-08,유료,(사)한국페스티발앙상블 02-501-8477
대구광역시,뮤지컬/오페라,오페라 춘향전 패션을 입다 [대구],아양아트센터,2022-11-08~2022-11-08,유료,지트리아트컴퍼니 0507-1301-7467
대전광역시,음악/콘서트,"아침을 여는 클래식, 송지원x이한나x이정현x정재원 (11월)",대전예술의전당,2022-11-08~2022-11-08,유료,대전예술의전당 042-270-8333
서울특별시,음악/콘서트,"국립합창단, 위대한 합창 시리즈Ⅲ: 바흐 B단조 미사",국립극장 해오름극장,2022-11-08~2022-11-08,유료,국립극장 02-2280-4114
서울특별시,음악/콘서트,김선욱 & 유럽 챔버 오케스트라 (11.08),예술의전당 콘서트홀,2022-11-08~2022-11-08,유료,빈체로 02-599-5743
대구광역시,음악/콘서트,"월드오케스트라시리즈, 대구유스오케스트라",대구콘서트하우스 그랜드홀,2022-11-08~2022-11-08,유료,월드오케스트라시리즈 조직위원회 053-250-1447~8
울산광역시,음악/콘서트,"조윤범의 렉처콘서트 작곡가 시리즈 Ⅴ, 슈트라우스",중구문화의전당,2022-11-08~2022-11-08,유료,울산중구문화의전당 052-290-4000
서울특별시,뮤지컬/오페라,"서울오페라페스티벌, 토토와 함께하는 오페라 여행",강동아트센터,2022-11-08~2022-11-08,유료,강동아트센터 02-440-0500
서울특별시,음악/콘서트,2022자양아티스트라운지 <3 ROMANCES >,PMF자양스테이션,2022-11-02~2022-11-09,유료,02-458-4840 / 010-5202-4840(문자)
경상남도,연극,"작은 무대에 부는 바람, 마중",현장아트홀,2022-11-07~2022-11-09,유료,한국연극협회 경상남도지회 055-746-7413
광주광역시,연극,아버지와 살면 [광주],씨어터 연바람,2022-11-07~2022-11-09,유료,씨어터 연바람 062-226-2446
대구광역시,음악/콘서트,제1회 앙상블 로체 정기연주회,대구콘서트하우스 챔버홀,2022-11-09~2022-11-09,유료,에이엠예술기획 053-623-0684
서울특별시,음악/콘서트,제19회 이화성악회 정기연주회,세종문화회관 체임버홀,2022-11-09~2022-11-09,유료,예인예술기획 02-586-0945
서울특별시,음악/콘서트,제38회 서울신학대학교 심포니콰이어 정기연주회,예술의전당 콘서트홀,2022-11-09~2022-11-09,유료,영음예술기획 02-581-5404
경상남도,무용/발레,한중일 춤으로 통(通)하다,경주예술의전당,2022-11-09~2022-11-09,무료,예인예술단 054-742-1025
서울특별시,음악/콘서트,화음챔버오케스트라 미술관 순례 Ⅱ,예술의전당 인춘아트홀,2022-11-09~2022-11-09,유료,조선통신사 02-544-9092
서울특별시,음악/콘서트,예진 영 아티스트콘서트 (11.09),푸르지오 아트홀,2022-11-09~2022-11-09,유료,매니지먼트 예진 02-2266-7740
서울특별시,음악/콘서트,무지카에스스트링챔버 연주회,노원문화예술회관,2022-11-09~2022-11-09,유료,무지카에스스트링챔버 010-2606-4451
서울특별시,음악/콘서트,"서울바흐축제, 실내악 시리즈",예술의전당 리사이틀홀,2022-11-09~2022-11-09,유료,콜레기움 보칼레 서울 0502-1935-1750
부산광역시,국악,"수요공감, 유시은 판소리 독창회",국립부산국악원,2022-11-09~2022-11-09,유료,국립부산국악원 051-811-0114
서울특별시,음악/콘서트,"아름다운 목요일, 인터내셔널 마스터즈 시리즈: 프랑수아 프레데리크 기 Piano (11.9)",금호아트홀 연세,2022-11-09~2022-11-09,유료,금호문화재단 02-6303-1977
서울특별시,음악/콘서트,"크레디아 클래식 클럽, 박현수 & 조영훈",롯데콘서트홀,2022-11-09~2022-11-09,유료,크레디아뮤직앤아티스트 02-318-4301
경상남도,음악/콘서트,"안동문화예술의전당 브런치콘서트, La Danza (11월)",안동문화예술의전당,2022-11-09~2022-11-09,유료,안동문화예술의전당 054-840-3600
서울특별시,기타,다르미가틈,성수아트홀,2022-11-09~2022-11-09,유료,아투즈컴퍼니 070-7757-0300
서울특별시,음악/콘서트,펠릭스 클리저 호른 리사이틀 [서울],예술의전당 IBK챔버홀,2022-11-09~2022-11-09,유료,인아츠프로덕션 인아츠프로덕션 02-6954-7760
부산광역시,뮤지컬/오페라,"모두를 위한 오페라, La Traviata",부산문화회관 대극장,2022-11-09~2022-11-09,무료,일반 부산문화회관 051-607-6000 (ARS 1번) / 시각장애인 051-462-3292 / 청각장애인 010-3902-6790
서울특별시,뮤지컬/오페라,"서울오페라페스티벌, 푸른 눈의 목격자",강동아트센터,2022-11-09~2022-11-09,유료,강동아트센터 02-440-0500
서울특별시,음악/콘서트,테너 이상규 교수 초청 독창회,세라믹팔레스홀,2022-11-09~2022-11-09,유료,인터파크 1544-1555
인천광역시,전시,세계적인 힐링아트 젠탱글 & 꽃 도자기,인천광역시교육청평생학습관,2022-11-02~2022-11-10,무료,032)899-1516
인천광역시,전시,인천교원사진영상연구회,인천광역시교육청평생학습관,2022-11-02~2022-11-10,무료,032-899-1516
서울특별시,연극,"제22회 월드 2인극 페스티벌, 누가 디케의 눈을 가렸나",대학로 예술공간 혜화,2022-11-08~2022-11-10,유료,2인극페스티벌 조직위원회 070-7776-6613
대구광역시,연극,"작은 무대에 부는 바람, 사평역 [대구]",한울림 소극장,2022-11-08~2022-11-10,유료,한울림소극장 053-246-2925
경기도,기타,Sea Of Love,성남아트센터,2022-11-09~2022-11-10,무료,010-2394-0507
부산광역시,기타,"부산공연콘텐츠페스타, 토끼h의 시간",부산시민회관,2022-11-09~2022-11-10,유료,부산문화회관 051-607-6000 (ARS 1번)
서울특별시,기타,"[집밖] 최정주 아트앤뮤직 큐레이션, 도시의 미술관 산책: 피렌체",JCC아트센터,2022-11-10~2022-11-10,유료,재능문화 02-2138-7373
울산광역시,음악/콘서트,"울주안의 클래식 스케치, 마에스트라 김봉미의 울주 in France",울주문화예술회관,2022-11-10~2022-11-10,유료,울주문화예술회관 052-980-2270
서울특별시,음악/콘서트,장은주 피아노 독주회,세종문화회관 체임버홀,2022-11-10~2022-11-10,유료,클라시코예술기획 02-775-8600
충청남도,음악/콘서트,"더 클래식 콘서트 13, 지역대학교수들 Ⅱ [천안]",천안예술의전당,2022-11-10~2022-11-10,유료,천안예술의전당 1566-0155
충청남도,연극,밤의여왕 [당진],당진문예의전당,2022-11-10~2022-11-10,유료,당진문예의전당 041-350-2911 / 당진신문 041-357-4710
광주광역시,음악/콘서트,"2022 빛고을융복합렉처콘서트 '우리도 행복할 수 있을까, 덴마크에서 그 답을 찾다'",빛고을 아트스페이스,2022-11-10~2022-11-10,무료,062-670-7926 (유선 예매만 가능)
대구광역시,음악/콘서트,김두민 첼로 리사이틀 (11.10),공간 울림,2022-11-10~2022-11-10,유료,공간울림 053-765-5632
울산광역시,무용/발레,헨젤과 그레텔 [울산],울산문화예술회관,2022-11-10~2022-11-10,유료,울산문화예술회관 052-275-9623
서울특별시,음악/콘서트,최세나 리코더 독주회,일신홀,2022-11-10~2022-11-10,유료,도미넌트에이전시 070-8807-0608
경기도,음악/콘서트,"남양주시립합창단 기획연주회, 힐링하러 가요 (11.10)",남양주시평내도서관,2022-11-10~2022-11-10,무료,남양주시 문화예술과 031-590-2475
전라북도,음악/콘서트,제68회 군산시립교향악단 특별기획연주회,군산예술의전당,2022-11-10~2022-11-10,무료,"군산시립교향악단 063-454-5556, 5528"
충청남도,음악/콘서트,이영희 피아노 독주회,성환문화회관,2022-11-10~2022-11-10,유료,라온예술기획 041-577-1855
서울특별시,국악,박동실制 심청가 눈대목 감상회,국립국악원 풍류사랑방,2022-11-10~2022-11-10,유료,010-2532-8655
서울특별시,음악/콘서트,박준영 바이올린 독주회,예술의전당 인춘아트홀,2022-11-10~2022-11-10,유료,조인클래식 02-525-6162
서울특별시,음악/콘서트,배성우 귀국 첼로 독주회,예술의전당 리사이틀홀,2022-11-10~2022-11-10,유료,이든예술기획 02-6412-3053
대구광역시,음악/콘서트,"수성아트피아 마티네 시즌 17, 드보르작의 보헤미안 (11월)",한영아트센터,2022-11-10~2022-11-10,유료,수성아트피아 053-668-1800
대전광역시,음악/콘서트,"대전시립교향악단, DPO 클로즈업 4",대전시립연정국악원,2022-11-10~2022-11-10,유료,대전시립교향악단 042-270-8382~8
서울특별시,음악/콘서트,"아름다운 목요일, 인터내셔널 마스터즈 시리즈: 프랑수아 프레데리크 기 Piano (11.10)",금호아트홀 연세,2022-11-10~2022-11-10,유료,금호문화재단 02-6303-1977
경기도,음악/콘서트,부천필하모닉오케스트라 특별기획연주회: 콘체르토 vs 콘체르토,부천시민회관 대공연장,2022-11-10~2022-11-10,유료,032-327-7523
서울특별시,음악/콘서트,부산시립교향악단 & 양인모,롯데콘서트홀,2022-11-10~2022-11-10,유료,롯데문화재단 1544-7744
대전광역시,연극,행복한 왕자 [대전],대전예술의전당,2022-11-10~2022-11-10,유료,대전예술의전당 042-270-8333
대구광역시,음악/콘서트,"월드오케스트라시리즈, 김선욱 & 유럽 챔버 오케스트라",대구콘서트하우스 그랜드홀,2022-11-10~2022-11-10,유료,월드오케스트라시리즈 조직위원회 053-250-1447~8
부산광역시,음악/콘서트,안드라스 쉬프 피아노 리사이틀 [부산],부산문화회관 대극장,2022-11-10~2022-11-10,유료,마스트미디어 02-541-2512
경상남도,기타,앙상블 클라비어 힙클 [안동],안동문화예술의전당,2022-11-10~2022-11-10,유료,안동문화예술의전당 054-840-3600
서울특별시,음악/콘서트,한화생명과 함께하는 예술의전당 11시 콘서트 (11월),예술의전당 콘서트홀,2022-11-10~2022-11-10,유료,예술의전당 02-580-1300
서울특별시,뮤지컬/오페라,"서울오페라페스티벌, 소리 마녀의 비밀상자",강동아트센터,2022-11-10~2022-11-10,유료,강동아트센터 02-440-0500
경상남도,뮤지컬/오페라,아시아의 세남자 [경주],경주예술의전당,2022-11-10~2022-11-10,무료,"010-6625-6996, 010-2398-5509"
서울특별시,음악/콘서트,"The Class+, 김응수 & 채문영",신영체임버홀,2022-11-10~2022-11-10,유료,마스트미디어 02-541-3184
부산광역시,음악/콘서트,안드라스 쉬프 피아노 리사이틀 - 부산,부산문화회관 대극장,2022-11-10~2022-11-10,유료,02-541-2512
대구광역시,음악/콘서트,"2022 카즈미 타테이시 트리오 내한 공연-지브리, 재즈를 만나다(대구)",아양아트센터,2022-11-10~2022-11-10,유료,070-8680-8477
서울특별시,연극,사랑과 전쟁2,대학로 스튜디오 블루 (구 두레홀 3관),2021-07-15~2022-11-11,유료,010-2396-7668
서울특별시,전시,공예로 떠나는 미국 여행,KCDF 아카이브 센터,2022-10-11~2022-11-11,무료,02-733-9042
경기도,뮤지컬/오페라,로봇똥 [분당],한국잡월드 나래울극장,2022-10-21~2022-11-11,유료,010-2890-6160
경기도,음악/콘서트,김두민 첼로 리사이틀,성남아트리움 (구 성남시민회관),2022-11-04~2022-11-11,유료,성남아트센터 031-783-8000
서울특별시,국악,제3회 ㅊㅊ-하다 페스티벌,세종문화회관 S씨어터,2022-11-09~2022-11-11,유료,더원아트코리아 070-5001-0926
서울특별시,무용/발레,"collective A, 원형하는 몸: round 1",국립극장 하늘극장,2022-11-10~2022-11-11,유료,국립극장 02-2280-4114
서울특별시,음악/콘서트,신인 프랑스 가곡의 밤,북서울 꿈의숲아트센터,2022-11-11~2022-11-11,유료,코바기획 070-4110-8290
충청남도,뮤지컬/오페라,아리아라리,예산군 문예회관,2022-11-11~2022-11-11,유료,예산군문예회관 041-339-8211~8214
서울특별시,음악/콘서트,피아니스트 박은희의 초대 II,예술의전당 인춘아트홀,2022-11-11~2022-11-11,유료,지클레프 02-515-5123
경기도,뮤지컬/오페라,1919,누림아트홀,2022-11-11~2022-11-11,유료,누림아트홀 1899-3254
세종특별자치시,기타,세종메세나 콘서트,세종 예술의전당,2022-11-11~2022-11-11,무료,세종시메세나협회 사무국 044-863-3902
서울특별시,음악/콘서트,라비앙 콰르텟 정기연주회,페리지홀,2022-11-11~2022-11-11,유료,영음예술기획 02-581-5404
충청남도,음악/콘서트,"더 클래식 콘서트 14, 지역청년음악가들 Ⅱ",천안예술의전당,2022-11-11~2022-11-11,유료,천안예술의전당 1566-0155
대전광역시,음악/콘서트,주창회 정기연주회 [대전],대전예술의전당,2022-11-11~2022-11-11,유료,대전예술기획 1544-3751
서울특별시,뮤지컬/오페라,로큰롤 흥부전,노원문화예술회관,2022-11-11~2022-11-11,유료,소리 010-6228-6095
충청남도,뮤지컬/오페라,아가사 [공주],공주문예회관,2022-11-11~2022-11-11,유료,공주문예회관 041-852-0858
경상남도,음악/콘서트,국립합창단의 흥겨운 합창여행 [의령],의령군민문화회관,2022-11-11~2022-11-11,유료,의령군민문화회관 055-570-4920
강원도,기타,"음악으로 그리는 일곱 가지 반 고흐, 별이 빛나는 밤에 [속초]",속초문화예술회관,2022-11-11~2022-11-11,유료,"속초문화예술회관 033-639-2254, 2080"
서울특별시,음악/콘서트,"구로 클래식 페스타, 더울림앙상블",구로아트밸리예술극장,2022-11-11~2022-11-11,유료,"구로문화재단 02-2029-1725, 1700"
서울특별시,음악/콘서트,쇼팽의 밤,예술의전당 콘서트홀,2022-11-11~2022-11-11,유료,영음예술기획 02-581-5404
서울특별시,음악/콘서트,제19회 한국예술가곡보존회 연주회,세종문화회관 체임버홀,2022-11-11~2022-11-11,유료,한국예술가곡보존회 050-6789-3733
대구광역시,음악/콘서트,"DSAC 로컬 아티스트 프로젝트, 가곡열전",달서아트센터,2022-11-11~2022-11-11,유료,달서아트센터 053-584-8719~20
서울특별시,무용/발레,"제43회 서울무용제, 개막식 & 무.념.무.상(舞.念.舞.想) Ⅰ",아르코예술극장 대극장,2022-11-11~2022-11-11,유료,서울무용제 조직위원회 02-744-8066
서울특별시,음악/콘서트,[11월 11일] 앙상블 유포리아 정기연주회 Series Ⅰ Modern Nature : 21세기 작곡가가 그리는 자연의 풍경,롯데콘서트홀,2022-11-11~2022-11-11,유료,예인예술기획 02-586-0945
서울특별시,음악/콘서트,노부스 콰르텟 베토벤 현악사중주 전곡 연주 4,예술의전당 IBK챔버홀,2022-11-11~2022-11-11,유료,목프로덕션 02-338-3816
인천광역시,음악/콘서트,김선욱 & 유럽 챔버 오케스트라 [인천],아트센터 인천,2022-11-11~2022-11-11,유료,아트센터인천 032-453-7700
서울특별시,음악/콘서트,정신나간 작곡가와 키스하다 (11.11),국립극장 해오름극장,2022-11-11~2022-11-11,유료,오페라마예술경영연구소 02-560-7912
서울특별시,음악/콘서트,김효선 더블베이스 독주회,예술의전당 리사이틀홀,2022-11-11~2022-11-11,유료,예인예술기획 02-586-0945
경상남도,연극,사랑해요 당신 [창녕] (11.11),창녕문화예술회관,2022-11-11~2022-11-11,유료,창녕문화예술회관 055-530-1911
경기도,기타,신노이의 일루미네이션 [광명],광명시민회관,2022-11-11~2022-11-11,무료,광명문화재단 02-2621-8845
충청남도,음악/콘서트,제51회 천안시립교향악단 정기연주회,천안예술의전당,2022-11-11~2022-11-11,유료,천안시립교향악단 041-555-1346？
울산광역시,음악/콘서트,기타그룹 피에스타 리사이틀,울산북구문화예술회관,2022-11-11~2022-11-11,유료,울산북구문화예술회관 052-241-7350
강원도,국악,"대관령음악제, 4色 콘서트: 이자람 노인과 바다",알펜시아 콘서트홀,2022-11-11~2022-11-11,유료,강원문화재단 033-240-1363
광주광역시,음악/콘서트,"2022 카즈미 타테이시 트리오 내한 공연-지브리, 재즈를 만나다(광주)",518기념문화센터,2022-11-11~2022-11-11,유료,070-8680-8477
서울특별시,연극,만 마디를 대신하는 말 한마디 2,라이트 하우스,2021-11-13~2022-11-12,유료,1600-2238
서울특별시,연극,클래스,두산아트센터 space111,2022-10-25~2022-11-12,유료,"두산아트센터 02-708-5001, 5013"
서울특별시,무용/발레,"제24회 생생 춤 페스티벌, 안무가 매칭 프로젝트",한국예술종합학교 이어령예술극장 (구. 석관동 예술극장),2022-11-09~2022-11-12,유료,한국현대무용협회 02-763-5351
서울특별시,무용/발레,한국명작무대제전,남산골한옥마을,2022-11-09~2022-11-12,유료,서울남산국악당 02-2261-0500
서울특별시,연극,버거운 삶,아르코예술극장 소극장,2022-11-10~2022-11-12,유료,02-3668-0007
전라남도,뮤지컬/오페라,그린 피플,순천문화예술회관,2022-11-10~2022-11-12,유료,순천문화예술회관 061-749-8624
서울특별시,연극,"아시아연출가전, 버거운 삶",아르코예술극장 소극장,2022-11-10~2022-11-12,유료,010-4156-4541
서울특별시,연극,"제12회 서울미래연극제, 나는 사랑한다: 김명순전",씨어터쿰,2022-11-10~2022-11-12,유료,서울연극협회 02-765-7500
서울특별시,무용/발레,I GO,연희예술극장,2022-11-11~2022-11-12,유료,010-3430-2098
서울특별시,국악,"2022 청춘, 청어람",국립국악원 예악당,2022-11-11~2022-11-12,유료,02-580-3300
인천광역시,뮤지컬/오페라,사랑의 포스트 [인천],인천서구문화회관,2022-11-11~2022-11-12,무료,010-5515-2515
광주광역시,연극,"제57회 광주시립창극단 정기공연 <망월, 달빛의 노래>",빛고을시민문화관,2022-11-11~2022-11-12,유료,광주시립창극단 062-526-0363
인천광역시,무용/발레,제89회 인천시립무용단 정기공연,인천문화예술회관,2022-11-11~2022-11-12,유료,인천시립무용단 032-420-2788
강원도,무용/발레,"앰비규어스댄스컴퍼니, 얼이섞다 [춘천]",춘천문화예술회관,2022-11-11~2022-11-12,유료,"춘천문화재단 공연기획팀 033-259-5822,4"
인천광역시,뮤지컬/오페라,올 더 웨이 [인천문화예술회관],인천문화예술회관,2022-11-11~2022-11-12,유료,인천문화예술회관 032-420-2000
서울특별시,뮤지컬/오페라,"서울오페라페스티벌, 사랑의 묘약",강동아트센터,2022-11-11~2022-11-12,유료,강동아트센터 02-440-0500
대구광역시,기타,제6회 대구국제컴퓨터음악제,대구콘서트하우스 챔버홀,2022-11-11~2022-11-12,유료,다매체예술단ARS 010-8937-7716？
서울특별시,국악,"창작악단 기획공연, 청춘 청어람",국립국악원 예악당,2022-11-11~2022-11-12,유료,국립국악원 02-580-3300
경기도,뮤지컬/오페라,백만송이의 사랑 [하남],하남문화예술회관,2022-11-11~2022-11-12,유료,하남문화예술회관 031-790-7979
울산광역시,무용/발레,"[집밖] 코리아 탭 오케스트라, 올 댓 리듬 [울산]",울산문화예술회관,2022-11-12~2022-11-12,유료,울산문화예술회관 052-275-9623
부산광역시,무용/발레,신데렐라 [부산],영도문화예술회관,2022-11-12~2022-11-12,유료,영도문화예술회관 051-419-5571~4
서울특별시,음악/콘서트,청년예술인시리즈 with Trio N,영산양재홀,2022-11-12~2022-11-12,유료,영산양재홀 02-571-7689
경기도,음악/콘서트,시민과 청소년을 위한 열린 가을 음악회,성남아트센터 콘서트홀,2022-11-12~2022-11-12,유료,"성남청소년오케스트라 사무국 010-3996-6148, 010-6338-9952"
인천광역시,음악/콘서트,Vivaldi Recomposed: Tango & Minimalism,인천학생교육문화회관,2022-11-12~2022-11-12,무료,인천학생교육문화회관 032-760-3538
경기도,음악/콘서트,로맨틱 애프터눈 콘서트 [과천],과천시민회관 소극장,2022-11-12~2022-11-12,유료,과천문화재단 02-2009-9772
경상남도,뮤지컬/오페라,슈퍼 루나틱 [김천],김천문화예술회관,2022-11-12~2022-11-12,유료,김천문화예술회관 054-420-7824
서울특별시,무용/발레,춤방 가는 길,서울돈화문국악당,2022-11-12~2022-11-12,유료,댄스오리진 010-8928-3038 / 010-8892-7492
인천광역시,뮤지컬/오페라,도서관에 간 사자 [인천],트라이보울 공연장,2022-11-12~2022-11-12,유료,트라이보울 032-832-7996
서울특별시,음악/콘서트,Einsamkeit 고독,북서울 꿈의숲아트센터,2022-11-12~2022-11-12,유료,브레멘예술기획 02-875-8224
서울특별시,음악/콘서트,2022 이웃사랑 나눔콘서트,여의도 KBS홀,2022-11-12~2022-11-12,무료,"KBS강태원복지재단 담당자 Tel. 02-781-2943, E-mail. kbsktw@daum.net"
서울특별시,국악,"심소라의 춘향가: 시작, 그 길에서",정효아트센터,2022-11-12~2022-11-12,유료,심소라 010-4160-7133
서울특별시,음악/콘서트,11월 토요일은 삼각산청이좋아 <우리동네 재즈클럽>,삼각산시민청,2022-11-12~2022-11-12,무료,"삼각산시민청 공연 담당자 02-900-0036, 0043"
경기도,음악/콘서트,"Journey Piano Duo, 박선아 음민아 피아노 듀오 콘서트",성남아트센터,2022-11-12~2022-11-12,무료,성남아트센터 031-783-8000
경기도,음악/콘서트,애니메이션 OST 스페셜 콘서트 [수원],경기아트센터,2022-11-12~2022-11-12,유료,경기아트센터 031-230-3440
전라남도,국악,"제834회 전남도립국악단 토요가무악희 시즌 3, 그린국악",남도소리울림터,2022-11-12~2022-11-12,유료,전남도립국악단 061-981-6923
서울특별시,음악/콘서트,박수원 하프 독주회,예술의전당 리사이틀홀,2022-11-12~2022-11-12,유료,영음예술기획 02-581-5404
서울특별시,음악/콘서트,"구로 클래식 페스타, 필레오오케스트라 & 구로여성합창단 & 느티나무합창단 (11.12)",구로아트밸리예술극장,2022-11-12~2022-11-12,유료,"구로문화재단 02-2029-1725, 1700"
인천광역시,음악/콘서트,Wanderers' Society Piano Trio: Emotional flow,엘림아트센터,2022-11-12~2022-11-12,유료,엘림아트센터 032-289-4275
대전광역시,음악/콘서트,장진선 바이올린 리사이틀,대전예술의전당,2022-11-12~2022-11-12,유료,대전예술기획 1544-3751
경상남도,음악/콘서트,달콤한 음악스토리 with Classic,양산문화예술회관,2022-11-12~2022-11-12,유료,양산문화예술회관 055-379-8550
경상남도,뮤지컬/오페라,MEMORIES [성주],성주군문화예술회관,2022-11-12~2022-11-12,유료,성주문화예술회관 054-933-6912
제주특별자치도,연극,농사의 신 자청비 [제주],제주문예회관,2022-11-12~2022-11-12,무료,제주문예회관 064-710-7656
부산광역시,무용/발레,신데렐라 [영도],영도문화예술회관,2022-11-12~2022-11-12,유료,영도문화예술회관 051-419-5571~4
서울특별시,음악/콘서트,제27회 서울솔리스트 첼로앙상블 정기연주회,예술의전당 IBK챔버홀,2022-11-12~2022-11-12,유료,조인클래식 02-525-6162
대구광역시,연극,임지윤의 하루 2 [대구],소극장 소금창고,2022-11-12~2022-11-12,유료,카카오톡 오픈채팅 '극단 제이와이 <임지윤의 하루> 문의방'으로 문의 / 인터파크 1544-1555
인천광역시,무용/발레,춤시(詩) 오딧세이 [인천],부평아트센터 해누리 극장,2022-11-12~2022-11-12,유료,부평구문화재단 032-500-2000
경기도,국악,전통창작음악집단 4인놀이 콘서트: Born Von 本 [용인],용인문화예술원(마루홀),2022-11-12~2022-11-12,유료,보름달컴퍼니 070-8959-9569
강원도,음악/콘서트,"대관령음악제 연중기획, 조재혁의 토크콘서트 4",알펜시아 콘서트홀,2022-11-12~2022-11-12,유료,강원문화재단 033-240-1363
대구광역시,뮤지컬/오페라,"제19회 DIOF, 오페라 콘체르탄테: 카발레리아 루스티카나 & 잔니 스키키",대구오페라하우스,2022-11-12~2022-11-12,유료,대구오페라하우스 053-666-6000 / 전화예매 1661-5946
서울특별시,국악,완창판소리 (11월),국립극장 하늘극장,2022-11-12~2022-11-12,유료,국립극장 02-2280-4114
경기도,뮤지컬/오페라,피노키오 [용인],용인시문예회관 처인홀,2022-11-12~2022-11-12,유료,극단 희망 010-2258-9411
서울특별시,음악/콘서트,토마스 체헤트마이어 & 프랑스 오베르뉴 국립 오케스트라,예술의전당 콘서트홀,2022-11-12~2022-11-12,유료,더브릿지컴퍼니 02-6094-1001
서울특별시,국악,"금호영아티스트콘서트, 임지현 민요 독창회",금호아트홀 연세,2022-11-12~2022-11-12,유료,금호문화재단 02-6303-1977
경기도,뮤지컬/오페라,겨울왕국: 겨울이야기 [고양],고양어울림누리,2022-11-12~2022-11-12,유료,극단 희망 010-2258-9411
서울특별시,음악/콘서트,"금호영재콘서트, 임효린 오보에 독주회",금호아트홀 연세,2022-11-12~2022-11-12,유료,금호문화재단 02-6303-1977
서울특별시,음악/콘서트,정신나간 작곡가와 키스하다,국립극장 해오름극장,2022-11-12~2022-11-12,유료,오페라마예술경영연구소 02-560-7912
충청남도,뮤지컬/오페라,빨간모자와 늑대 [계룡],계룡문화예술의 전당,2022-11-12~2022-11-12,유료,010-8230-8883
대구광역시,음악/콘서트,"월드오케스트라시리즈, WOS 비르투오소 챔버",대구콘서트하우스 그랜드홀,2022-11-12~2022-11-12,유료,월드오케스트라시리즈 조직위원회 053-250-1447~8
광주광역시,뮤지컬/오페라,라푼젤 [광주],광산문화예술회관,2022-11-12~2022-11-12,유료,극단 희망 010-2258-9411
경상남도,뮤지컬/오페라,리틀고양이 [구미],강동문화복지회관 천생아트홀,2022-11-12~2022-11-12,유료,조이컬쳐 010-9611-2073
서울특별시,음악/콘서트,제5회 뷔에르 앙상블 정기연주회,예술의전당 IBK챔버홀,2022-11-12~2022-11-12,유료,목프로덕션 02-338-3816
경기도,무용/발레,류무용단의 상상(想像)하는 우리춤 [안성],안성맞춤아트홀,2022-11-12~2022-11-12,유료,안성맞춤아트홀 031-660-0666
울산광역시,음악/콘서트,"노부스 콰르텟, 오직 베토벤 [울산]",중구문화의전당,2022-11-12~2022-11-12,유료,울산중구문화의전당 052-290-4000
강원도,뮤지컬/오페라,어린이 캣 [원주],원주문화원,2022-11-12~2022-11-12,유료,원앤원 1688-8616
충청남도,뮤지컬/오페라,프린세스 공주뮤지컬쇼 [예산],충남도청 문예회관,2022-11-12~2022-11-12,유료,진엔터컴 1566-7356
대구광역시,음악/콘서트,오르가니스트 한영태 독주회 [대구],소담아트홀,2022-11-12~2022-11-12,유료,010-4306-3336
경기도,기타,크로이체르 소나타: 베토벤과 톨스토이의 만남 [용인],용인시 평생학습관,2022-11-12~2022-11-12,유료,용인문화재단 CS센터 031-260-3355 / 3358
경상남도,연극,사랑해요 당신 [창녕] (11.12),창녕문화예술회관,2022-11-12~2022-11-12,유료,창녕문화예술회관 055-530-1911
서울특별시,뮤지컬/오페라,아기돼지 삼형제 [노원],노원문화예술회관,2022-11-12~2022-11-12,유료,극단 복주머니 010-2407-7823
서울특별시,음악/콘서트,서울기타콰르텟 23주년 정기 연주회,세종문화회관 체임버홀,2022-11-12~2022-11-12,유료,서울기타콰르텟 010-6224-7857
경기도,뮤지컬/오페라,헤어드레서 [연천],연천수레울아트홀,2022-11-12~2022-11-12,유료,"연천수레울아트홀 031-834-3770, 031-839-2910"
서울특별시,음악/콘서트,소현진 귀국 비올라 독주회,예술의전당 리사이틀홀,2022-11-12~2022-11-12,유료,예인예술기획 02-586-0945
경기도,무용/발레,댄싱뮤지엄 [오산],오산문화예술회관,2022-11-12~2022-11-12,유료,오산문화예술회관 031-379-9999
경기도,뮤지컬/오페라,생텍쥐페리 [남양주],다산아트홀,2022-11-12~2022-11-12,유료,"다산아트홀 031-590-4358, 4361"
서울특별시,음악/콘서트,손미나의 인문학콘서트 with 조윤성,오류아트홀,2022-11-12~2022-11-12,유료,02)2614-7967
경기도,국악,2022 전통창작음악집단 4인놀이 콘서트 “Born Von 本 : 근본으로부터 태어나다”,용인문화예술원(마루홀),2022-11-12~2022-11-12,유료,070-8959-9569
서울특별시,뮤지컬/오페라,엘리자벳 10주년 기념공연,블루스퀘어 신한카드홀,2022-08-25~2022-11-13,유료,멜론티켓 1899-0042
서울특별시,뮤지컬/오페라,배니싱,아트원씨어터,2022-08-30~2022-11-13,유료,더웨이브 02-6954-0772
서울특별시,연극,82년생 김지영,백암아트홀,2022-09-01~2022-11-13,유료,(주)스포트라이트 010-2278-8977
서울특별시,연극,헤르츠클란,브릭스씨어터(구.콘텐츠 그라운드),2022-09-05~2022-11-13,유료,인터파크 1544-1555
서울특별시,연극,트루웨스트,대학로 TOM(티오엠) 2관,2022-09-06~2022-11-13,유료,02-764-8760
서울특별시,뮤지컬/오페라,라흐 헤스트,드림아트센터,2022-09-06~2022-11-13,유료,1577-3363
서울특별시,뮤지컬/오페라,사랑의 불시착,코엑스아티움,2022-09-16~2022-11-13,유료,인터파크 1544-1555
대구광역시,연극,내 모든걸 [대구],문화예술전용극장 CT,2022-09-21~2022-11-13,유료,053-252-5733
대전광역시,연극,딜리버리 [대전],이수아트홀,2022-09-24~2022-11-13,유료,이수아트홀 1644-4325
서울특별시,뮤지컬/오페라,이머시브공연 <금란방> 창작가무극,국립정동극장,2022-10-11~2022-11-13,유료,1577-3363
서울특별시,연극,제7회 단단페스티벌,소극장 혜화당,2022-10-12~2022-11-13,유료,010-2701-3069
서울특별시,전시,[소마미술관] Into Drawing 46 김혜숙 전 <낱눈>,소마미술관 1관,2022-10-14~2022-11-13,유료,02-425-1077
서울특별시,연극,연극 <러브레터>,예술의전당 자유소극장,2022-10-25~2022-11-13,유료,02-6925-0419
서울특별시,행사/축제,NEXTAR COMPETITION VOL.4,노들섬 라이브하우스,2022-10-27~2022-11-13,무료,02-749-4500
서울특별시,연극,"아이히만, 암흑이 시작 하는 곳에서",산울림 소극장,2022-10-28~2022-11-13,유료,극단 파수꾼 070-8197-7950
서울특별시,연극,오슬로에서 온 남자,나온씨어터,2022-10-28~2022-11-13,유료,02-742-7563
강원도,전시,조정태 : 갈림길을 지나며,개나리미술관,2022-11-01~2022-11-13,무료,070-8095-3899
서울특별시,연극,먹감나무 아래 있는 집,드림시어터,2022-11-01~2022-11-13,유료,070-7562-9980
서울특별시,연극,벙거지꾼 계동이,대학로 공간아울,2022-11-03~2022-11-13,유료,010-9711-8526
경기도,연극,맥베스 [수원],경기아트센터,2022-11-03~2022-11-13,유료,경기도극단 031-230-3302~3304
서울특별시,연극,노웨이 투데이,미마지아트센터 물빛극장,2022-11-03~2022-11-13,유료,010-5795-7777
서울특별시,연극,버닝필드(Burning Field),CKL스테이지,2022-11-04~2022-11-13,유료,CKL스테이지 02-6441-3951
서울특별시,연극,탈주자,아름다운 극장,2022-11-04~2022-11-13,유료,인터파크 1544-1555
서울특별시,연극,어느 날 문을 열고,문래예술공장 박스시어터,2022-11-04~2022-11-13,유료,010-3310-3952
서울특별시,연극,루나자에서 춤을,여행자극장,2022-11-04~2022-11-13,유료,"010-8931-8370, 010-3882-4324"
대구광역시,뮤지컬/오페라,킹키부츠 [대구],대구 계명아트센터,2022-11-04~2022-11-13,유료,계명아트센터 053-580-6600
경기도,뮤지컬/오페라,장화신은 고양이 [안산],NC소극장 안산 고잔,2022-11-05~2022-11-13,유료,NC소극장 031-414-2100
충청남도,연극,으랏차차 순무가족의 커다란 순무 [천안],천안어린이꿈누리터,2022-11-05~2022-11-13,무료,천안어린이꿈누리터 041-522-7199
서울특별시,전시,휴식(休息) : Show Your Relaxation,드플로허,2022-11-05~2022-11-13,무료,yoona7553@gmail.com
서울특별시,뮤지컬/오페라,우리 아빠가 최고야 [용산],대원콘텐츠라이브,2022-11-05~2022-11-13,유료,대원콘텐츠라이브 02-6373-3366
경기도,뮤지컬/오페라,거리위의 빨간모자 [부천],한국만화박물관,2022-11-05~2022-11-13,유료,극단 다람 032-612-8883
경기도,음악/콘서트,"제11회 SF미래과학축제, SF음악콘서트",국립과천과학관 천체투영관,2022-11-06~2022-11-13,유료,국립과천과학관 02-3677-1458
서울특별시,연극,"혜화동1번지 7기동인 가을페스티벌, FBW",연극실험실 혜화동 1번지,2022-11-07~2022-11-13,유료,카카오톡 아이디 hhd7th / 인터파크 1544-1555
서울특별시,무용/발레,도시 속 계절,대학로 스튜디오 블루 (구 두레홀 3관),2022-11-08~2022-11-13,유료,인터파크 1544-1555
서울특별시,연극,거울,보광극장,2022-11-09~2022-11-13,유료,인터파크 1544-1555
대구광역시,연극,"제4회 실험극 페스티벌, 작작zoom하자: 세라핀 - 그림자의 색",골목실험극장,2022-11-09~2022-11-13,유료,극단 골목 골목실험극장 010-4072-2378
서울특별시,행사/축제,2022 제3회 <ㅊㅊ-하다 페스티벌>,세종문화회관 S씨어터,2022-11-09~2022-11-13,유료,070-5001-0926
부산광역시,연극,"안톤체홉, 결혼과 사랑 [부산]",가온아트홀,2022-11-09~2022-11-13,유료,가온아트홀 1600-1602
서울특별시,연극,BE HAPPY,극장 PLOT (구 1M SPACE),2022-11-10~2022-11-13,유료,인터파크 1544-1555
서울특별시,연극,불장난,미아리고개예술극장,2022-11-10~2022-11-13,유료,010-9350-2351
경상남도,뮤지컬/오페라,바람아 구름아 [경주],경주예술의전당,2022-11-10~2022-11-13,유료,경주시립예술단 1899-2138
서울특별시,뮤지컬/오페라,빛아이 어둠아이,노원어린이극장,2022-11-10~2022-11-13,유료,인터파크 1544-1555
서울특별시,뮤지컬/오페라,리골레토,세종문화회관 M씨어터,2022-11-10~2022-11-13,유료,세종문화티켓 02-399-1000
대전광역시,뮤지컬/오페라,토스카 [대전],대전예술의전당,2022-11-10~2022-11-13,유료,대전예술의전당 042-270-8333
강원도,무용/발레,"연무열전, 무용",축제극장몸짓,2022-11-10~2022-11-13,유료,통통창의력발전소 070-4223-3972
서울특별시,연극,달콤한 기억,대학로 예술극장,2022-11-11~2022-11-13,유료,02-3668-0007
서울특별시,무용/발레,<지젤>,예술의전당 오페라극장,2022-11-11~2022-11-13,유료,1544-1555
경기도,연극,지는 해의 그림자 [안양],안양아트센터,2022-11-11~2022-11-13,유료,극단 미스터리 031-444-6783
경기도,연극,산책하는 침략자,고양아람누리 새라새극장,2022-11-11~2022-11-13,유료,고양문화재단 1577-7766
경기도,뮤지컬/오페라,삼총사 [고양],고양아람누리 아람극장,2022-11-11~2022-11-13,유료,창라이프 1566-6551
대전광역시,뮤지컬/오페라,빨래 [대전],대전시립연정국악원,2022-11-11~2022-11-13,유료,지오엠미디어 1899-4150
서울특별시,연극,"봄 작가, 겨울 무대, 달콤한 기억",대학로 예술극장,2022-11-11~2022-11-13,유료,아르코 대학로예술극장 02-3668-0007
서울특별시,연극,비단잉어를 보았다,대학로 예술공간 혜화,2022-11-12~2022-11-13,유료,010.4773.1746
서울특별시,연극,"제22회 월드 2인극 페스티벌, 불청객",대학로 예술공간 혜화,2022-11-12~2022-11-13,유료,2인극페스티벌 조직위원회 070-7776-6613
서울특별시,음악/콘서트,"악기야놀자, 첫눈이 내리면",충무아트센터 컨벤션홀,2022-11-12~2022-11-13,유료,꾸러기예술단 02-547-9851
광주광역시,연극,"작은 무대에 부는 바람 #2, 행복 아파트 강아지 도난사건 [광주]",씨어터 연바람,2022-11-12~2022-11-13,유료,씨어터 연바람 062-226-2446
강원도,음악/콘서트,한국 가곡 대축제 [강릉],강릉아트센터 사임당홀,2022-11-12~2022-11-13,유료,"두남재엔터테인먼트 02-6292-9368, 9370"
부산광역시,뮤지컬/오페라,캐치! 티니핑: 프린세스 다이어리 [부산(앵콜)],부산시민회관,2022-11-12~2022-11-13,유료,동그라미그리기 1577-4868
서울특별시,연극,별무리,플랫폼74,2022-11-12~2022-11-13,유료,인터파크 1544-1555
서울특별시,뮤지컬/오페라,사슴 코딱코의 재판,갈산문화예술센터,2022-11-12~2022-11-13,유료,엠제이플래닛 02-2278-5741
광주광역시,연극,"ACC 국제 공동 창·제작 쇼케이스, 남편 없는 부두",국립아시아문화전당,2022-11-12~2022-11-13,유료,국립아시아문화전당 1899-5566
전라북도,뮤지컬/오페라,누가 내 머리에 똥 쌌어? [군산],군산예술의전당,2022-11-12~2022-11-13,유료,극단 국민 010-4095-3005
대구광역시,뮤지컬/오페라,수박수영장 [대구],대구 엑스코(EXCO),2022-11-12~2022-11-13,유료,에이엠컬처 02-6413-3698
인천광역시,뮤지컬/오페라,더퀸: 선덕여왕의 귀환 [인천],남동소래아트홀,2022-11-12~2022-11-13,유료,극단 파아란 1600-0316
서울특별시,무용/발레,공주전,영등포아트홀,2022-11-12~2022-11-13,유료,영등포아트홀 02-2629-2200(3)
경기도,뮤지컬/오페라,캐리TV 러브콘서트: KPOP [부천],부천시민회관 대공연장,2022-11-12~2022-11-13,유료,드림엔터테인먼트 1600-1787
경상남도,뮤지컬/오페라,바다탐험대 옥토넛 시즌2: 대산호초 보호작전 [창원(앵콜)],KBS 창원홀,2022-11-12~2022-11-13,유료,율문화예술기획 1522-2061
전라북도,뮤지컬/오페라,신비아파트 시즌5: 감염된 도시의 비밀 [전주],전북대학교 삼성문화회관,2022-11-12~2022-11-13,유료,동그라미그리기 1577-4868
대전광역시,뮤지컬/오페라,시크릿쥬쥬 시즌3: 별의 여신 마지막콘서트 [대전],한밭대학교 아트홀,2022-11-12~2022-11-13,유료,동그라미그리기 1577-4868
경기도,뮤지컬/오페라,급식왕: 발가락 떡볶이의 비밀 [용인],용인포은아트홀,2022-11-12~2022-11-13,유료,창라이프 1566-6551
경기도,뮤지컬/오페라,"민쩌미, 사랑해요 엄마! [고양]",고양어울림누리,2022-11-12~2022-11-13,유료,동그라미그리기 1577-4868
서울특별시,음악/콘서트,히사이시 조 영화음악 콘서트 파이널 [서울],롯데콘서트홀,2022-11-12~2022-11-13,유료,라이브러리컴퍼니 070-4190-1289
경상남도,뮤지컬/오페라,무지개 물고기 [안동],안동문화예술의전당,2022-11-12~2022-11-13,유료,1661-6702
세종특별자치시,뮤지컬/오페라,한국사 대모험 [세종],세종문화예술회관,2022-11-12~2022-11-13,유료,세종문화예술회관 044-850-8940
서울특별시,연극,"제6회 구로꿈나무인형극제, 도서관 생쥐",구로꿈나무극장,2022-11-12~2022-11-13,유료,구로꿈나무극장 02-830-2561~2 / 2508
광주광역시,연극,"제25회 광주소극장축제, 고슴도치에게 선물을",예술극장 통,2022-11-12~2022-11-13,유료,광주소극장협회 062-222-7008 / 010-4701-7300
인천광역시,뮤지컬/오페라,피터팬 [인천],검단복지회관,2022-11-12~2022-11-13,유료,하늘극단 1670-7343
서울특별시,연극,"꽃, 피우다.",아르코예술극장 소극장,2022-11-13~2022-11-13,유료,02-3668-0007
서울특별시,음악/콘서트,Letter (서신) (11.13),쌀롱드무지끄,2022-11-13~2022-11-13,유료,쌀롱드무지끄 010-8826-8364
서울특별시,음악/콘서트,김하늘 피아노 독주회,금호아트홀 연세,2022-11-13~2022-11-13,유료,J&R예술기획 02-3491-2370
서울특별시,국악,"류가양 완창 本 vol. 1, 흥보가",한국문화의집 KOUS,2022-11-13~2022-11-13,유료,한국문화재재단 02-566-6300
광주광역시,연극,"빛고을 어린이 연극잔치, 용감한 탄티",국립아시아문화의전당 어린이문화원,2022-11-13~2022-11-13,무료,교육극단 파랑새 062-514-4328
인천광역시,음악/콘서트,앙상블 플렉스 [인천],엘림아트센터,2022-11-13~2022-11-13,유료,엘림아트센터 032-289-4275
경기도,음악/콘서트,"MEG아트홀 기획연주 40, Story on the Strings : 더 비전 스트링 퀄텟",MEG아트홀,2022-11-13~2022-11-13,유료,MEG아트홀 010-9458-5310
서울특별시,국악,전주대사습뎐,국립극장 하늘극장,2022-11-13~2022-11-13,유료,국립극장 02-2280-4114
서울특별시,음악/콘서트,코리아 반도네온 페스티벌,세종문화회관 체임버홀,2022-11-13~2022-11-13,유료,"조인클래식 02-525-6162, 5"
서울특별시,음악/콘서트,김하늘 피아노 독주회,금호아트홀 연세,2022-11-13~2022-11-13,유료,02-3491-2370
경기도,음악/콘서트,제8회 더 스트링스 정기연주회,성남아트센터,2022-11-13~2022-11-13,유료,지클레프 02-515-5123
서울특별시,연극,"아시아연출가전, 꽃, 피우다",아르코예술극장 소극장,2022-11-13~2022-11-13,유료,극단 각인각색 010-4156-4541
서울특별시,음악/콘서트,"구로 클래식 페스타, 드림챔버오케스트라",구로아트밸리예술극장,2022-11-13~2022-11-13,유료,"구로문화재단 02-2029-1725, 1700"
서울특별시,음악/콘서트,"바리톤 김주택 & 피아니스트 정태양, 오페라 오페라",예술의전당 IBK챔버홀,2022-11-13~2022-11-13,유료,예술의전당 02-580-1300
경기도,뮤지컬/오페라,페임,반석아트홀,2022-11-13~2022-11-13,무료,070-4218-9928
서울특별시,뮤지컬/오페라,제2회 Bel di 오페라단 정기연주회,북서울 꿈의숲아트센터,2022-11-13~2022-11-13,유료,010-2455-0218
부산광역시,음악/콘서트,"부산솔로이스츠앙상블 시그니처콘서트7, Classy with 송영민",금정문화회관,2022-11-13~2022-11-13,유료,부산솔로이스츠앙상블 010-8524-0069
서울특별시,무용/발레,"제43회 서울무용제, 무.념.무.상(舞.念.舞.想) Ⅱ",아르코예술극장 대극장,2022-11-13~2022-11-13,유료,서울무용제 조직위원회 02-744-8066
서울특별시,연극,빨간 열매,예술의전당,2022-11-13~2022-11-13,유료,1101 어린이라운지 02-580-1101
서울특별시,음악/콘서트,김은기 플루트 독주회,예술의전당 리사이틀홀,2022-11-13~2022-11-13,유료,예인예술기획 02-586-0945
서울특별시,음악/콘서트,김형주 귀국 호른 독주회,예술의전당 리사이틀홀,2022-11-13~2022-11-13,유료,예인예술기획 02-586-0945
광주광역시,뮤지컬/오페라,엘사의 생일파티 [광주],5.18 기념문화회관 민주홀,2022-11-13~2022-11-13,유료,"극단 예일 02-555-0822~3, 1143"
경상남도,뮤지컬/오페라,겨울왕국: 겨울이야기 [진해],진해문화센터,2022-11-13~2022-11-13,유료,극단 희망 010-2258-9411
경기도,뮤지컬/오페라,피노키오 [부천],오정아트홀,2022-11-13~2022-11-13,유료,극단 희망 010-2258-9411
서울특별시,음악/콘서트,"LOVE IN SEOUL, 콜 미 바이 유어 네임 인 콘서트",세종문화회관 세종대극장,2022-11-13~2022-11-13,유료,세종문화티켓 02-399-1000
서울특별시,음악/콘서트,이준화 바흐 무반주 첼로 모음곡 전곡연주,예술의전당 인춘아트홀,2022-11-13~2022-11-13,유료,조인클래식 02-525-6162
대전광역시,음악/콘서트,앙상블 톤과 함께하는 히사이시 조 영화음악콘서트,대전 아트브릿지,2022-11-13~2022-11-13,유료,아트로 042-482-4463
충청남도,음악/콘서트,"2022 카즈미 타테이시 트리오 내한 공연-지브리, 재즈를 만나다(천안)",천안예술의전당,2022-11-13~2022-11-13,유료,070-8680-8477
서울특별시,음악/콘서트,제7회 포아 피아노연구회 정기연주회,금호아트홀 연세,2022-11-14~2022-11-14,유료,카카오톡채널 PoAH 포아피아노연구회 / 인터파크 1544-1555
서울특별시,음악/콘서트,"음악으로 읽는 세계문학 시리즈 Ⅲ, 오텔로",세라믹팔레스홀,2022-11-14~2022-11-14,유료,공연예술창작소 예술은감자다 010-3367-1726
서울특별시,음악/콘서트,KCO와 랄프 고토니의 모차르트 교향곡 46 전곡 연주 시리즈 7,롯데콘서트홀,2022-11-14~2022-11-14,유료,"인아츠프로덕션 02-6954-7760, KCO 02-592-5728"
서울특별시,음악/콘서트,"코리안 영 아티스트 시리즈 Ⅱ, 김채원 피아노 리사이틀",명동성당,2022-11-14~2022-11-14,유료,목프로덕션 02-338-3816
서울특별시,음악/콘서트,김백영 클래식기타 독주회,예술의전당 인춘아트홀,2022-11-15~2022-11-15,유료,뮤직클레프 02-3297-3387
충청남도,음악/콘서트,제7회 챔버인상주의 정기연주회 [천안],천안시청 봉서홀,2022-11-15~2022-11-15,유료,챔버인상주의 010-6485-9747
서울특별시,음악/콘서트,제8회 앙상블 더 브릿지 정기연주회,금호아트홀 연세,2022-11-15~2022-11-15,유료,조인클래식 02-525-6162
서울특별시,음악/콘서트,이스트만 플레이어즈,영산아트홀,2022-11-15~2022-11-15,유료,예인예술기획 02-586-0945
대구광역시,음악/콘서트,소프라노 김상은 독창회 [대구],달서아트센터,2022-11-15~2022-11-15,유료,IL CLASSICO 010-2247-0246
서울특별시,음악/콘서트,바리톤 한경석 독창회,세종문화회관 체임버홀,2022-11-15~2022-11-15,유료,콘서트디자인 02-597-2004
충청남도,음악/콘서트,Rising Piano Festival IV [천안],천안예술의전당,2022-11-15~2022-11-15,유료,라온예술기획 041-577-1855
경기도,음악/콘서트,피아니스트 윤소영의 모차르트 피아노 소나타 전곡 시리즈 [수원],경기아트센터,2022-11-15~2022-11-15,유료,영음예술기획 02-581-5404
경상남도,음악/콘서트,제15회 이수인 가곡의 밤,3.15아트센터,2022-11-15~2022-11-15,유료,경남오페라단 055-266-5580
서울특별시,음악/콘서트,유지연 바이올린 독주회,롯데콘서트홀,2022-11-15~2022-11-15,유료,이든예술기획 02-6412-3053
서울특별시,음악/콘서트,이고르 레비트 피아노 리사이틀,예술의전당 콘서트홀,2022-11-15~2022-11-15,유료,02-599-5743
부산광역시,국악,"부산공연콘텐츠페스타, 현의 노래",부산문화회관 대극장,2022-11-15~2022-11-15,유료,부산문화회관 051-607-6000 (ARS 1번)
서울특별시,음악/콘서트,제58회 콰르텟21 정기연주회,예술의전당 IBK챔버홀,2022-11-15~2022-11-15,유료,예인예술기획 02-586-0945
경기도,음악/콘서트,남양주시립합창단 기획연주회: 칸티아모,다산아트홀,2022-11-15~2022-11-15,무료,남양주시 문화예술과 031-590-2475
대전광역시,음악/콘서트,"대전시립교향악단 챔버시리즈 4, 비바! 비올라",대전예술의전당,2022-11-15~2022-11-15,유료,대전시립교향악단 042-270-8382~8
울산광역시,음악/콘서트,"2022 카즈미 타테이시 트리오 내한 공연-지브리, 재즈를 만나다(울산)",울산북구문화예술회관,2022-11-15~2022-11-15,유료,070-8680-8477
경기도,기타,안산시립예술단과 함께하는 수수콘(수요일 수려한 콘서트),소극장 보노마루,2022-05-04~2022-11-16,유료,080-481-4000
서울특별시,기타,윤형주의 쎄시봉 콘서트,삼청각 일화당,2022-08-17~2022-11-16,유료,삼청각 02-765-3000
부산광역시,연극,"작은무대에 부는 바람, 아빠들의 소꿉놀이",공간소극장,2022-11-14~2022-11-16,유료,공간소극장 051-611-8518 / 010-3530-2690
서울특별시,무용/발레,"손경순의 춤, 무심청정: 새로운 여정의 시작",국립국악원 풍류사랑방,2022-11-15~2022-11-16,유료,010-4245-5843
경기도,연극,미치던 날 [의정부],의정부문화원,2022-11-15~2022-11-16,유료,학교에연극을심는사람들 010-2684-3766
서울특별시,음악/콘서트,소프라노 이영은 독창회 Autumn Moonlight,세종문화회관 체임버홀,2022-11-16~2022-11-16,유료,레인보우브릿지 02-6339-2040
부산광역시,국악,"수요공감, 채수정소리단의 진도씻김굿",국립부산국악원,2022-11-16~2022-11-16,유료,국립부산국악원 051-811-0114
서울특별시,음악/콘서트,황수진 귀국 타악기 독주회,예술의전당 리사이틀홀,2022-11-16~2022-11-16,유료,프로젝트무지카 02-6160-6380
서울특별시,무용/발레,"제43회 서울무용제, 명작무극장",아르코예술극장 대극장,2022-11-16~2022-11-16,유료,서울무용제 조직위원회 02-744-8066
서울특별시,음악/콘서트,트리오 루카 정기연주회,예술의전당 인춘아트홀,2022-11-16~2022-11-16,유료,영음예술기획 02-581-5404
인천광역시,음악/콘서트,제407회 인천시립교향악단 정기연주회,아트센터 인천,2022-11-16~2022-11-16,유료,인천시립교향악단 032-420-2781
부산광역시,음악/콘서트,"부산국제클래식음악제, BICmf챔버오케스트라",부산문화회관 중극장,2022-11-16~2022-11-16,유료,부산국제클래식음악제조직위원회 080-600-2030
경상남도,음악/콘서트,"아침애 음악회, 프랑스 몽마르트의 천재들 [거제]",거제문화예술회관,2022-11-16~2022-11-16,유료,거제시문화예술재단 055-680-1050~1
서울특별시,음악/콘서트,장애인식개선을 위한 하트 투 하트 콘서트,예술의전당 콘서트홀,2022-11-16~2022-11-16,유료,하트-하트재단 02-430-2000 (내선 7905)
부산광역시,뮤지컬/오페라,마술피리 [부산],영도문화예술회관,2022-11-16~2022-11-16,무료,영도문화예술회관 051-419-5571~4
충청남도,음악/콘서트,"살롱 드 공주, 순수를 연주하다",공주문예회관,2022-11-16~2022-11-16,유료,공주문예회관 041-852-0858
경상남도,음악/콘서트,클래식 영 아티스트 콘서트 [안동],안동문화예술의전당,2022-11-16~2022-11-16,무료,안동문화예술의전당 054-840-3600
인천광역시,국악,"커피콘서트 Ⅸ, 퓨전국악 콘서트: 경로이탈",인천문화예술회관,2022-11-16~2022-11-16,유료,인천문화예술회관 032-420-2737
경기도,음악/콘서트,"국립합창단, 모차르트 레퀴엠 [오산]",오산문화예술회관,2022-11-16~2022-11-16,유료,오산문화예술회관 031-379-9999
서울특별시,무용/발레,차이코프스키 발레환타지,반포심산아트홀,2022-11-16~2022-11-16,유료,서초문화재단 공연사업팀 02-3477-2805
서울특별시,음악/콘서트,"FAC 리사이틀 시리즈 Ⅷ, 마트베이 데민",예술의전당 IBK챔버홀,2022-11-16~2022-11-16,유료,플루트아트센터 02-2632-1909
서울특별시,음악/콘서트,KCO와 랄프 고토니의 모차르트 교향곡 46 전곡 연주 시리즈 8,롯데콘서트홀,2022-11-16~2022-11-16,유료,"InArts 02-6954-7760, KCO 02-592-5728"
대전광역시,음악/콘서트,"리사이틀 & 앙상블 시리즈 Ⅶ, 노부스 콰르텟 [대전]",대전예술의전당,2022-11-16~2022-11-16,유료,대전예술의전당 042-270-8333
대구광역시,음악/콘서트,"명연주시리즈, 이고르 레비트 피아노 리사이틀",대구콘서트하우스 그랜드홀,2022-11-16~2022-11-16,유료,대구콘서트하우스 053-250-1400 (ARS 1번)
부산광역시,음악/콘서트,"부산국제클래식음악제, Pre-Concert 대전환 그리고 포용: 챔버오케스트라",부산문화회관 중극장,2022-11-16~2022-11-16,유료,부산국제클래식음악제조직위원회 080-600-2030
서울특별시,음악/콘서트,"2022 카즈미 타테이시 트리오 내한 공연-지브리, 재즈를 만나다(서울 마포)",마포아트센터 아트홀맥,2022-11-16~2022-11-16,유료,070-8680-8477
서울특별시,국악,국립국악원 무용단 안무자 육성 기획공연 <심보심작 (尋寶心作)>,국립국악원 우면당,2022-11-10~2022-11-17,유료,02-580-3300
서울특별시,무용/발레,"안무자 육성 기획공연, 춤 심보심작(尋寶心作)",국립국악원 우면당,2022-11-10~2022-11-17,유료,국립국악원 02-580-3300
서울특별시,연극,휴먼코메디,나루아트센터,2022-11-10~2022-11-17,유료,광진문화재단 02-2049-4700
서울특별시,연극,"제22회 월드 2인극 페스티벌, 두 영웅: 주민센터에 간 도쿠가와 이에야스",시온아트홀,2022-11-15~2022-11-17,유료,2인극페스티벌 조직위원회 070-7776-6613
경상남도,연극,아버지와 살면 [구미],소극장 공터다,2022-11-15~2022-11-17,유료,공터다 054-444-0604
인천광역시,무용/발레,무버 MERRY GO ROUND [인천],트라이보울 공연장,2022-11-16~2022-11-17,유료,02-2633-2071
서울특별시,국악,"풍물명인전(風物名人傳), 내포 남사당 이광수",민속극장풍류,2022-11-17~2022-11-17,유료,민속극장 풍류 02-3011-2178
경상남도,음악/콘서트,제192회 포항시립교향악단 정기연주회,포항문화예술회관,2022-11-17~2022-11-17,유료,포항시 문화예술과 예술단운영팀 054-270-5482
서울특별시,음악/콘서트,마티네 콘서트: 권서경 & 강혜정 & 김현수,롯데콘서트홀,2022-11-17~2022-11-17,유료,비스카엔터테인먼트 070-7954-3329
경기도,음악/콘서트,소윤경 피아노 독주회,성남아트센터,2022-11-17~2022-11-17,유료,"성남아트센터 콜센터 1544-8117, 031-783-8000"
서울특별시,무용/발레,"제43회 서울무용제, 열정춤판",아르코예술극장 소극장,2022-11-17~2022-11-17,유료,서울무용제 조직위원회 02-744-8066
서울특별시,국악,풍물명인전,민속극장풍류,2022-11-17~2022-11-17,유료,(02) 566-6300
경기도,음악/콘서트,한국지역난방공사와 함께하는 2022 마티네 콘서트 - 11월,성남아트센터 콘서트홀,2022-11-17~2022-11-17,유료,1544-8117
서울특별시,음악/콘서트,강석원 귀국 클라리넷 독주회,예술의전당 리사이틀홀,2022-11-17~2022-11-17,유료,투픽스 02-441-5876
충청남도,뮤지컬/오페라,신 별주부전 [예산],충남도청 문예회관,2022-11-17~2022-11-17,유료,아산시교향악단 070-8817-9235
충청남도,음악/콘서트,제191회 공주시충남교향악단 정기연주회,공주문예회관,2022-11-17~2022-11-17,유료,공주문예회관 041-856-0778
서울특별시,음악/콘서트,"아름다운 목요일, NET; WORK: 문태국 Cello",금호아트홀 연세,2022-11-17~2022-11-17,유료,금호문화재단 02-6303-1977
경기도,음악/콘서트,"브런치클래식, 도나우강 뮤직 크루즈 Ⅵ: 도나우에서 흑해로",군포문화예술회관,2022-11-17~2022-11-17,유료,군포문화예술회관 031-390-3500~1
부산광역시,음악/콘서트,"부산국제클래식음악제, Pre-Concert 대전환 그리고 포용: 손민수독주회",부산문화회관 챔버홀,2022-11-17~2022-11-17,유료,부산국제클래식음악제조직위원회 080-600-2030
서울특별시,음악/콘서트,피아니스트 송영민과 함께 하는 한별콩쿠르 입상자 콘서트: 별의 시간,예술의전당 인춘아트홀,2022-11-17~2022-11-17,유료,인터파크 1544-1555
경상남도,국악,송소희x두번째달x오단해: 모던민요 [창녕],창녕문화예술회관,2022-11-17~2022-11-17,유료,창녕문화예술회관 055-530-1911
서울특별시,뮤지컬/오페라,예술의전당 후원회와 함께하는 예술의전당 콘서트 오페라 운명의 힘,예술의전당 콘서트홀,2022-11-17~2022-11-17,유료,예술의전당 02-580-1300
서울특별시,음악/콘서트,임재성 첼로 리사이틀,예술의전당 IBK챔버홀,2022-11-17~2022-11-17,유료,이든예술기획 02-6412-3053
부산광역시,음악/콘서트,"부산시립교향악단 기획음악회, BPO Odyssey: 경험이 가득한 긴 여정",부산문화회관 중극장,2022-11-17~2022-11-17,무료,부산문화회관 051-607-6000 (ARS 1번)
서울특별시,음악/콘서트,제47회 우리가곡연구회 정기연주회,세종문화회관 체임버홀,2022-11-17~2022-11-17,유료,유니코예술기획 02-532-4876
부산광역시,음악/콘서트,"2022 카즈미 타테이시 트리오 내한 공연-지브리, 재즈를 만나다(부산)",영화의 전당 하늘연극장,2022-11-17~2022-11-17,유료,070-8680-8477
전라북도,연극,여보 나도 할말 있어 [정읍],연지아트홀,2022-11-17~2022-11-18,유료,연지아트홀 063-539-7871~5
서울특별시,음악/콘서트,서울시향 프랑수와 프레데리크 기의 베토벤 황제,롯데콘서트홀,2022-11-17~2022-11-18,유료,서울시립교향악단 1588-1210
서울특별시,음악/콘서트,프랑수아 프레데리크 기의 베토벤 '황제’,롯데콘서트홀,2022-11-17~2022-11-18,유료,1588-1210
서울특별시,음악/콘서트,국립합창단 <신진지휘자 초청연주회>,예술의전당 IBK챔버홀,2022-11-18~2022-11-18,유료,02-587-8111
대전광역시,음악/콘서트,대전시립합창단 가곡의 향기,대전예술의전당,2022-11-18~2022-11-18,유료,대전시립합창단 042-270-8363~5
인천광역시,음악/콘서트,정진우 바이올린 독주회,엘림아트센터,2022-11-18~2022-11-18,유료,투픽스 02-441-5876
서울특별시,음악/콘서트,제4회 예풀뮤직 정기연주회,광림아트센터 장천홀,2022-11-18~2022-11-18,유료,MYART컴퍼니 02-2612-4123
경상남도,연극,골든타임 [밀양],밀양아리랑아트센터,2022-11-18~2022-11-18,유료,밀양문화관광재단 055-359-4500
서울특별시,기타,Scene＃,웨스트브릿지,2022-11-18~2022-11-18,유료,문화상인 보부 02-583-9979
서울특별시,음악/콘서트,이종은 귀국 피아노 독주회,예술의전당 리사이틀홀,2022-11-18~2022-11-18,유료,예인예술기획 02-586-0945
서울특별시,음악/콘서트,"구로 클래식 페스타, 에스제이오케스트라",구로아트밸리예술극장,2022-11-18~2022-11-18,유료,"구로문화재단 02-2029-1725, 1700"
광주광역시,뮤지컬/오페라,명랑시장 [광주],광주북구문화센터,2022-11-18~2022-11-18,유료,광주북구문화센터 062-410-8367
강원도,음악/콘서트,제129회 강릉시립교향악단 정기연주회,강릉아트센터 사임당홀,2022-11-18~2022-11-18,유료,강릉시립예술단 033-642-0363
대구광역시,뮤지컬/오페라,프랭크 와일드혼의 뮤지컬콘서트: ONLY LOVE [대구],대구 계명아트센터,2022-11-18~2022-11-18,유료,트리니티이앤엠 02-7936-333
충청남도,국악,전통창작음악집단 4인놀이 콘서트: Interplay [천안],천안예술의전당,2022-11-18~2022-11-18,유료,천안예술의전당 1566-0155
경기도,무용/발레,"국립무용단, 새날 [평택]",평택남부문예회관 대공연장,2022-11-18~2022-11-18,유료,평택시문화재단 031-8053-3532
서울특별시,무용/발레,제12회 국립전통예술고등학교 무용과 발표회,국립국악원 예악당,2022-11-18~2022-11-18,무료,국립전통예술고등학교 02-6488-3533
대구광역시,음악/콘서트,제489회 대구시립교향악단 정기연주회,대구콘서트하우스 그랜드홀,2022-11-18~2022-11-18,유료,대구시립교향악단 053-250-1475
서울특별시,국악,작곡동인 원시인X아쟁앙상블 Bow+ing: 오늘의 음악,서울돈화문국악당,2022-11-18~2022-11-18,유료,서울돈화문국악당 02-3210-7001
서울특별시,음악/콘서트,국립합창단 신진지휘자 초청연주회,예술의전당 IBK챔버홀,2022-11-18~2022-11-18,유료,국립합창단 02-587-8111
경기도,무용/발레,물속 골리앗 [남양주],다산아트홀,2022-11-18~2022-11-18,유료,"다산아트홀 031-590-4358, 4361"
경기도,음악/콘서트,제297회 부천필하모닉오케스트라 정기연주회,부천시민회관 대공연장,2022-11-18~2022-11-18,유료,부천시립예술단 032-327-7523
서울특별시,국악,"관현악시리즈 Ⅱ, 역동과 동력",국립극장 해오름극장,2022-11-18~2022-11-18,유료,국립극장 02-2280-4114
서울특별시,음악/콘서트,"샤를 리샤르, 아믈랭 피아노 리사이틀",예술의전당 콘서트홀,2022-11-18~2022-11-18,유료,더브릿지컴퍼니 02-6094-1001
서울특별시,음악/콘서트,국립합창단 <신진지휘자 초청연주회>,예술의전당 IBK챔버홀,2022-11-18~2022-11-18,"유료,할인",국립합창단 02) 587-8111
서울특별시,국악,작곡동인 원시인 X 아쟁앙상블 Bow+ing <오늘의 음악>,서울돈화문국악당,2022-11-18~2022-11-18,유료,서울돈화문국악당 02-3210-7001
서울특별시,기타,"다크필드 3부작, 플라이트",LG아트센터,2022-10-26~2022-11-19,유료,LG아트센터 서울 티켓박스 1661-0017
서울특별시,기타,"다크필드 3부작, 코마",LG아트센터,2022-10-26~2022-11-19,유료,LG아트센터 서울 티켓박스 1661-0017
서울특별시,기타,"다크필드 3부작, 고스트쉽",LG아트센터,2022-10-26~2022-11-19,유료,LG아트센터 서울 티켓박스 1661-0017
경기도,뮤지컬/오페라,헨젤과 그레텔 [김포],김포한강괜찮은홀,2022-11-05~2022-11-19,유료,김포한강괜찮은홀 070-8886-2516
서울특별시,연극,개굴개굴 고래고래,종로아이들극장,2022-11-17~2022-11-19,유료,"국립아시아문화전당재단 062-601-4664, 4670"
서울특별시,뮤지컬/오페라,블루홀 속으로,금나래아트홀,2022-11-17~2022-11-19,유료,금천문화재단 예술진흥팀 02-2627-2989
경기도,연극,종이아빠 [군포],군포시평생학습원 상상극장,2022-11-17~2022-11-19,유료,군포시평생학습원 상상극장 031-390-3050
인천광역시,뮤지컬/오페라,사랑의 포스트,부평아트센터 해누리 극장,2022-11-18~2022-11-19,무료,010-5515-2515
부산광역시,연극,먼데서 오는 여자 [부산],공간소극장,2022-11-18~2022-11-19,유료,공간소극장 051-611-8518
강원도,연극,춘천시립인형극단 제3회 정기공연 <변신> 프란츠 카프카 원작 이병훈 구성 및 연출,춘천인형극장 대극장,2022-11-18~2022-11-19,"유료,할인",070-4633-5798
경기도,뮤지컬/오페라,의심의 소녀 [광명],광명시민회관,2022-11-18~2022-11-19,유료,아리보네 협동조합 010-2748-8274
울산광역시,연극,세인트 조앤 [울산],현대예술관,2022-11-18~2022-11-19,유료,현대예술관 1522-3331
경기도,뮤지컬/오페라,백만송이의 사랑 [수원],경기아트센터,2022-11-18~2022-11-19,유료,경기아트센터 031-230-3440
경상남도,연극,염쟁이 유씨 [김해],김해서부문화센터 하늬홀,2022-11-18~2022-11-19,유료,김해서부문화센터 055-344-1800
전라북도,뮤지컬/오페라,삼총사 [익산],익산예술의전당 대공연장,2022-11-18~2022-11-19,유료,익산예술의전당 063-859-3254
강원도,연극,제3회 춘천시립인형극단 정기공연,춘천인형극장 대극장,2022-11-18~2022-11-19,유료,춘천시립인형극단 070-4633-5789
서울특별시,국악,"남산초이스, 강민수",남산골한옥마을,2022-11-18~2022-11-19,유료,서울남산국악당 02-2261-0500
대구광역시,뮤지컬/오페라,"제19회 대구국제오페라축제, 심청",대구오페라하우스,2022-11-18~2022-11-19,유료,대구오페라하우스 053-666-6000 / 전화예매 1661-5946
경상남도,뮤지컬/오페라,토스카 [진주],경상남도 문화예술회관,2022-11-18~2022-11-19,유료,경상남도문화예술회관 1544-6711
서울특별시,무용/발레,정글북: 또 다른 세계,LG아트센터 서울,2022-11-18~2022-11-19,유료,LG아트센터 서울 티켓박스 1661-0017
경기도,연극,회란기 [용인],용인시문예회관 처인홀,2022-11-18~2022-11-19,유료,"용인문화재단 031-260-3355, 3358"
전라북도,뮤지컬/오페라,푸치니 투란도트 [전주],한국소리문화의전당,2022-11-18~2022-11-19,유료,호남오페라단 063-288-6807 / 문자 010-2108-6807
대전광역시,국악,적벽 [대전],대전시립연정국악원,2022-11-18~2022-11-19,유료,대전시립연정국악원 042-270-8500
세종특별자치시,무용/발레,"요안 부르주아 컴퍼니, 기울어진 사람들 [세종]",세종 예술의전당,2022-11-18~2022-11-19,유료,세종예술의전당 044-850-8921
경기도,뮤지컬/오페라,뮤지컬 <의심의 소녀>,광명시민회관,2022-11-18~2022-11-19,유료,arebornemusical@gmail.com
대구광역시,음악/콘서트,피아니스트 백혜선 시와 그림이 있는 음악회 [대구],대구범어대성당 드망즈홀,2022-11-19~2022-11-19,유료,범어대성당 드망즈홀 053-790-1300
대구광역시,국악,"대구문화예술회관 판소리 완창시리즈, 소리 최경희의 정광수제 수궁가",대구문화예술회관,2022-11-19~2022-11-19,유료,"대구문화예술회관 053-606-6135, 6133"
서울특별시,음악/콘서트,이현정 초청 바이올린 독주회,세라믹팔레스홀,2022-11-19~2022-11-19,유료,"세라믹팔레스홀 02-3411-4668, 4667"
대구광역시,음악/콘서트,제2회 르 송 앙상블 정기연주회,대구콘서트하우스 챔버홀,2022-11-19~2022-11-19,유료,프란츠클래식 0507-1338-2389
전라남도,뮤지컬/오페라,슈퍼 루나틱 [목포],목포시민문화체육센터 대공연장,2022-11-19~2022-11-19,유료,목포문화예술회관 공연팀 061-270-8488
서울특별시,음악/콘서트,김남중 비올라 독주회,예술의전당 리사이틀홀,2022-11-19~2022-11-19,유료,이든예술기획 02-6412-3053
충청북도,뮤지컬/오페라,신데렐라 [제천],제천시문화회관,2022-11-19~2022-11-19,유료,제천문화회관 043-642-6410
경기도,국악,이희문 오방神과,복사골문화센터 아트홀,2022-11-19~2022-11-19,유료,032-320-6336
서울특별시,음악/콘서트,"그림 읽어주는 베토벤, 빨강머리 앤",팝콘D스퀘어 대원뮤지엄,2022-11-19~2022-11-19,유료,대원콘텐츠라이브 02-6373-3366
강원도,뮤지컬/오페라,누가 내머리에 똥쌌어? [삼척],삼척문화예술회관,2022-11-19~2022-11-19,유료,삼척문화예술센터 033-572-1331
인천광역시,뮤지컬/오페라,미술관에 간 윌리 [인천],계양문화회관,2022-11-19~2022-11-19,유료,계양문화회관 032-719-4472
서울특별시,음악/콘서트,손창인 콘트라베이스 독주회,예술의전당 리사이틀홀,2022-11-19~2022-11-19,유료,조인클래식 02-525-6162
인천광역시,음악/콘서트,수험생을 위한 특별음악회: 게임음악 콘서트 [인천],아트센터 인천,2022-11-19~2022-11-19,유료,아트센터인천 032-453-7700
서울특별시,음악/콘서트,안영지 플루트 독주회,예술의전당 인춘아트홀,2022-11-19~2022-11-19,유료,"음악교육신문 02-549-4133, 1131"
부산광역시,음악/콘서트,레인보우 키즈 클래식 콘서트 [초록],청년창조발전소 3층 문화예술공연장,2022-11-19~2022-11-19,유료,샤콘느 010-4018-1979
서울특별시,음악/콘서트,"구로 클래식 페스타, 베누스토심포니오케스트라",구로아트밸리예술극장,2022-11-19~2022-11-19,유료,"구로문화재단 02-2029-1725, 1700"
경상남도,연극,"경남도립극단, 리어왕 [거제]",거제문화예술회관,2022-11-19~2022-11-19,무료,거제문화예술회관 055-680-1050
부산광역시,음악/콘서트,우크라이나 평화기원 체르니우치 챔버 필하모니 오케스트라 초청 콘서트,영도문화예술회관,2022-11-19~2022-11-19,유료,영도문화예술회관 051-419-5571~4
경상남도,연극,리미트 [함안],함안문화예술회관,2022-11-19~2022-11-19,유료,"함안문화예술회관 055-580-3623, 3627"
부산광역시,음악/콘서트,"레인보우 키즈 클래식 콘서트, 노랑 (11.19)",청년창조발전소 3층 문화예술공연장,2022-11-19~2022-11-19,유료,청년창조발전소 051-746-2018 / 010-4018-1979
경기도,뮤지컬/오페라,"아람누리 오페라 콘서트 시리즈 Ⅶ, 라 트라비아타: 고독",고양아람누리 아람음악당,2022-11-19~2022-11-19,유료,고양문화재단 1577-7766
강원도,음악/콘서트,"대관령음악제 연중기획, Four For All 3: 서울챔버뮤직소사이어티",알펜시아 콘서트홀,2022-11-19~2022-11-19,유료,강원문화재단 033-240-1363
서울특별시,음악/콘서트,노부스 콰르텟 베토벤 현악사중주 전곡 연주 5,예술의전당 IBK챔버홀,2022-11-19~2022-11-19,유료,목프로덕션 02-338-3816
경기도,국악,이희문 오방神과 [부천],복사골문화센터 아트홀,2022-11-19~2022-11-19,유료,복사골문화센터 아트홀 032-320-6336
경기도,뮤지컬/오페라,돼지책 [구리],구리아트홀 유채꽃 소극장,2022-11-19~2022-11-19,유료,극단 가람 031-633-4864
서울특별시,음악/콘서트,"금호영재콘서트, 신성민 피아노 독주회",금호아트홀 연세,2022-11-19~2022-11-19,유료,금호문화재단 02-6303-1977
서울특별시,국악,"금호영아티스트콘서트, 박시은 피리 독주회",금호아트홀 연세,2022-11-19~2022-11-19,유료,금호문화재단 02-6303-1977
경기도,뮤지컬/오페라,고고다이노 우리동네공룡 [평택],평택시 서부문화예술회관,2022-11-19~2022-11-19,유료,인터파크 1544-1555
부산광역시,음악/콘서트,"부산국제클래식음악제, Pre-Concert 대전환 그리고 포용: 실내악",부산문화회관 챔버홀,2022-11-19~2022-11-19,유료,부산국제클래식음악제조직위원회 080-600-2030
서울특별시,음악/콘서트,신세계와 함께하는 예술의전당 토요콘서트 (11월),예술의전당 콘서트홀,2022-11-19~2022-11-19,유료,예술의전당 02-580-1300
서울특별시,음악/콘서트,대니 구 바이올린 리사이틀,롯데콘서트홀,2022-11-19~2022-11-19,유료,크레디아뮤직앤아티스트 02-318-4301
경기도,무용/발레,바디콘서트 [경기 광주],남한산성아트홀,2022-11-19~2022-11-19,유료,광주시문화재단 031-762-8638
전라북도,음악/콘서트,"Fantasie, 브랜든 최 X 일리야 라쉬코프스키 듀오 콘서트",전주 한벽문화관,2022-11-19~2022-11-19,유료,전주문화재단 브랜드공연팀 063-280-7040
경상남도,뮤지컬/오페라,프린세스 공주뮤지컬쇼 [김해 장유],김해장유문화센터,2022-11-19~2022-11-19,유료,진엔터컴 1566-7356
경기도,뮤지컬/오페라,겨울왕국: 겨울이야기 [남양주],남양주 어린이비전센터,2022-11-19~2022-11-19,유료,옴니아트홀 070-8183-9755
대구광역시,뮤지컬/오페라,앤 ANNE [대구],어울아트센터,2022-11-19~2022-11-19,유료,행복북구문화재단 053-320-5120
서울특별시,무용/발레,"제43회 서울무용제, 남판여판춤판",아르코예술극장 소극장,2022-11-19~2022-11-19,유료,서울무용제 조직위원회 02-744-8066
서울특별시,음악/콘서트,이지원 바이올린 독주회,푸르지오 아트홀,2022-11-19~2022-11-19,유료,위드클래식 02-588-6360
부산광역시,음악/콘서트,"부산국제클래식음악제, BICmf 실내악",부산문화회관 챔버홀,2022-11-19~2022-11-19,유료,부산국제클래식음악제조직위원회 080-600-2030
대구광역시,기타,The Magic 팬텀 & 퀸 [대구],달서아트센터,2022-11-19~2022-11-19,유료,달서아트센터 053-584-8719~20
제주특별자치도,무용/발레,다시 설문대가 오다 [제주],제주문예회관,2022-11-19~2022-11-19,무료,제주문예회관 064-710-7656
충청남도,뮤지컬/오페라,라흐마니노프 [논산],논산아트센터,2022-11-19~2022-11-19,무료,논산아트센터 041-730-2932
서울특별시,음악/콘서트,제99회 서울챔버오케스트라 정기연주회,예술의전당 IBK챔버홀,2022-11-19~2022-11-19,유료,서울챔버오케스트라 070-4204-8251
경상남도,국악,"별이 빛나는 포항 시리즈 Ⅲ, 이필기 국악공연",포항문화예술회관,2022-11-19~2022-11-19,유료,포항문화재단 054-289-7830
부산광역시,뮤지컬/오페라,"키즈 오페라 콘서트, 푸치니 나비부인",청년창조발전소 3층 문화예술공연장,2022-11-19~2022-11-19,유료,샤콘느 010-4018-1979
경기도,무용/발레,바디 콘서트,남한산성아트홀,2022-11-19~2022-11-19,유료,광주시문화재단 031-762-8638
서울특별시,음악/콘서트,이지원 바이올린 독주회,푸르지오 아트홀,2022-11-19~2022-11-19,유료,02-588-6360
경기도,음악/콘서트,"2022 카즈미 타테이시 트리오 내한 공연-지브리, 재즈를 만나다(성남)",성남아트센터 콘서트홀,2022-11-19~2022-11-19,유료,070-8680-8477
서울특별시,전시,[집밖] 2022 신진미술인 전시지원 프로그램,SeMA 벙커,2022-07-06~2022-11-20,무료,전시문의 02-2124-8942
경기도,전시,[현대어린이책미술관] 네모난 오아시스,현대어린이책미술관,2022-07-14~2022-11-20,유료,031-5170-3700
서울특별시,연극,오만과 편견,예스24스테이지,2022-08-30~2022-11-20,유료,02-744-4033
서울특별시,전시,[집밖] 춤추는 낱말,서울시립미술관,2022-09-01~2022-11-20,무료,전시문의 02-2124-8932 / 관람문의 02-2124-8868
서울특별시,전시,서울시립미술관 《춤추는 낱말》,서울시립미술관,2022-09-01~2022-11-20,무료,02-2124-8932
서울특별시,뮤지컬/오페라,어차피 혼자,홍익대 대학로 아트센터 대극장,2022-09-06~2022-11-20,유료,070-7724-1535
서울특별시,연극,히스토리 보이즈,두산아트센터 연강홀,2022-10-01~2022-11-20,유료,클립서비스 1577-3363
광주광역시,연극,오백에삼십 [광주],기분좋은극장,2022-10-13~2022-11-20,유료,주식회사 플레이팩토리 1600-6689
대구광역시,연극,행오버 [대구],송죽씨어터,2022-10-20~2022-11-20,유료,송죽씨어터 053-252-5733
서울특별시,연극,모노드라마 햄 릿,대학로 스카이씨어터,2022-10-26~2022-11-20,유료,010-2029-6233
서울특별시,연극,너 자신이 되라,알과핵소극장,2022-11-03~2022-11-20,유료,잘한다프로젝트 02-922-9553
서울특별시,연극,춘천 거기 for original,대학로 선돌극장,2022-11-03~2022-11-20,유료,아트리버 02-6498-0403
서울특별시,국악,"닭들의 꿈, 날다",한양레퍼토리씨어터,2022-11-04~2022-11-20,유료,02-6052-8552
서울특별시,연극,내 모든 걸,후암스테이지,2022-11-08~2022-11-20,유료,비컨크리에이티브 053-252-5733
서울특별시,연극,서쪽나라의 멋쟁이,명보아트홀,2022-11-09~2022-11-20,유료,인터파크 1544-1555
서울특별시,뮤지컬/오페라,아나키스트의 아내,극장 봄,2022-11-10~2022-11-20,유료,극단 더늠 010-8917-5851
서울특별시,연극,"웰컴 대학로, 홈쑈핑 주식회사",서경대학교 공연예술센터(혜화역),2022-11-10~2022-11-20,유료,온택트티비 1661-1301
서울특별시,연극,찬란하고 찬란한,연우소극장,2022-11-11~2022-11-20,유료,연우소극장 02-744-7090 / 인터파크 1544-1555
서울특별시,연극,그림자,천장산우화극장,2022-11-12~2022-11-20,유료,김재란 010-2498-5890
경기도,연극,봄의 노래는 바다에 흐르고 [수원],수원SK아트리움,2022-11-12~2022-11-20,유료,아트리버 02-6498-0403 / 수원문화재단 031-267-1644
경기도,연극,수원시립공연단 제19회 정기공연 연극 <봄의 노래는 바다에 흐르고>,수원SK아트리움,2022-11-12~2022-11-20,유료,02-6498-0403
서울특별시,연극,그날의 타이밍,코델아트홀,2022-11-15~2022-11-20,유료,인스타그램 THEATER_WOO / 인터파크 1544-1555
서울특별시,연극,등장인물,세종문화회관 S씨어터,2022-11-16~2022-11-20,유료,서울시극단 02-399-1794
서울특별시,연극,나무의 아이,노원어린이극장,2022-11-17~2022-11-20,유료,"국립아시아문화전당재단 062-601-4664, 4670"
서울특별시,연극,Meet Again,대학로 열린극장,2022-11-17~2022-11-20,유료,인터파크 1544-1555
대구광역시,연극,우리들의 히어로 [대구],봉산문화회관,2022-11-17~2022-11-20,유료,봉산문화회관 053-661-3521 / 극단미르 010-5820-7529
서울특별시,연극,틴에이지 딕,국립극장 달오름극장,2022-11-17~2022-11-20,유료,02-2280-4114
서울특별시,연극,사라의 행성,대학로예술극장 소극장,2022-11-18~2022-11-20,유료,02-3668-0007
서울특별시,연극,무상 (無常),소극장피카소,2022-11-18~2022-11-20,유료,우노컴퍼니 010-6619-4399
서울특별시,연극,리릿: 두개의 이야기,보광극장,2022-11-18~2022-11-20,유료,인터파크 1544-1555
서울특별시,무용/발레,작꾸 둥굴구 서뚜르게,예술의전당 자유소극장,2022-11-18~2022-11-20,유료,02-3472-1420
서울특별시,연극,삼질이의 히어로,소극장 창덕궁,2022-11-18~2022-11-20,유료,010-2068-6194
서울특별시,무용/발레,<트리플 빌>,예술의전당 오페라극장,2022-11-18~2022-11-20,유료,1544-1555
광주광역시,연극,로미오와 줄리엣 [광주],국립아시아문화전당,2022-11-18~2022-11-20,유료,010-9978-7665
서울특별시,연극,"봄 작가, 겨울 무대, 사라의 행성",대학로예술극장 소극장,2022-11-18~2022-11-20,유료,대학로예술극장 02-3668-0007
대구광역시,무용/발레,"제4회 실험극 페스티벌, 작작zoom하자: 춤으로 만나는 천국의 나무",골목실험극장,2022-11-18~2022-11-20,유료,010-4072-2378
충청남도,연극,님의계절,당진문예의전당,2022-11-19~2022-11-20,유료,당진 청소년청년 극단예능 041-355-4141
광주광역시,기타,노래가 되자,국립아시아문화의전당 어린이문화원,2022-11-19~2022-11-20,유료,국립아시아문화전당 1899-5566
서울특별시,연극,"제22회 월드 2인극 페스티벌, 만원 버스",시온아트홀,2022-11-19~2022-11-20,유료,2인극페스티벌 조직위원회 070-7776-6613
서울특별시,연극,"제22회 월드 2인극 페스티벌, 게스트하우스",대학로 예술공간 혜화,2022-11-19~2022-11-20,유료,2인극페스티벌 조직위원회 070-7776-6613
서울특별시,뮤지컬/오페라,푸푸게노! 똥 밟았네?,북서울 꿈의숲아트센터,2022-11-19~2022-11-20,유료,사단법인 라벨라오페라단 02-572-6773
제주특별자치도,뮤지컬/오페라,엄마까투리: 마트에 간 꽁지 [제주],제주대학교 한라아트홀,2022-11-19~2022-11-20,유료,극단 국민 010-4095-3005
부산광역시,뮤지컬/오페라,겨울왕국: 겨울이야기 [부산 강서],성원아트홀,2022-11-19~2022-11-20,유료,극단 희망 010-2258-9411
강원도,뮤지컬/오페라,엘사의 생일파티 [춘천],춘천문화예술회관,2022-11-19~2022-11-20,유료,극단 예일 02-555-0822~3
강원도,뮤지컬/오페라,미니특공대: 애니멀트론 [춘천],백령아트센터,2022-11-19~2022-11-20,유료,ES생활문화 1661-0759 / 인터파크 1544-1555
경기도,뮤지컬/오페라,캐리TV 러브콘서트: KPOP [고양],고양어울림누리,2022-11-19~2022-11-20,유료,드림엔터테인먼트 1600-1787
대전광역시,뮤지컬/오페라,백설공주 [대전],대전평송청소년문화센터 소극장,2022-11-19~2022-11-20,유료,조이컬쳐 010-9611-2073
대구광역시,뮤지컬/오페라,바다탐험대 옥토넛 시즌2: 대산호초 보호작전 [대구(앵콜)],대구보건대학교 인당아트홀,2022-11-19~2022-11-20,유료,전공이엔티 1522-2061
대구광역시,뮤지컬/오페라,겨울왕국: 겨울이야기 [대구],대백프라자 프라임홀,2022-11-19~2022-11-20,유료,조이컬쳐 053-420-8088
경기도,뮤지컬/오페라,백설공주 [수원],경기아트센터,2022-11-19~2022-11-20,유료,극단 상상마당 1588-6212
충청남도,뮤지컬/오페라,한국사 대모험 [당진],당진문예의전당,2022-11-19~2022-11-20,유료,당진문예의전당 041-350-2911~5
경기도,뮤지컬/오페라,누가 내머리에 똥 쌌어? [고양],고양어울림누리,2022-11-19~2022-11-20,유료,한울엔터테인먼트 1566-7754
경상남도,뮤지컬/오페라,무지개 물고기 [창원],성산아트홀,2022-11-19~2022-11-20,유료,1661-6702？
서울특별시,기타,화려,민송아트홀,2022-11-19~2022-11-20,유료,화려 010-7219-0702 / 카카오채널 화려
대전광역시,뮤지컬/오페라,캐치! 티니핑: 프린세스 다이어리 [대전(앵콜)],한밭대학교 아트홀,2022-11-19~2022-11-20,유료,동그라미그리기 1577-4868
경기도,뮤지컬/오페라,시크릿쥬쥬 시즌3: 별의 여신 마지막콘서트 [안산],안산문화예술의전당,2022-11-19~2022-11-20,유료,동그라미그리기 1577-4868
울산광역시,뮤지컬/오페라,신비아파트 시즌5: 감염된 도시의 비밀 [울산],KBS 울산홀,2022-11-19~2022-11-20,유료,동그라미그리기 1577-4868
전라남도,뮤지컬/오페라,"민쩌미, 사랑해요 엄마! [순천]",순천문화예술회관,2022-11-19~2022-11-20,유료,동그라미그리기 1577-4868
서울특별시,연극,"제6회 구로꿈나무인형극제, 늙은 개",구로꿈나무극장,2022-11-19~2022-11-20,유료,구로꿈나무극장 02-830-2561~2 / 2508
경기도,연극,버스를 놓치다 [안산],안산문화예술의전당,2022-11-19~2022-11-20,유료,극단 전진 031-507-6448
서울특별시,연극,갈수록 가관이네! [성북],꿈빛극장,2022-11-19~2022-11-20,유료,꿈빛극장 02-6953-3201
경기도,뮤지컬/오페라,킹키부츠 [성남],성남아트센터,2022-11-19~2022-11-20,유료,장터미디어 1877-5030
서울특별시,음악/콘서트,이병우 기타 솔로콘서트,백암아트홀,2022-11-19~2022-11-20,유료,아츠팝콘 02-577-1923
울산광역시,뮤지컬/오페라,미인 [울산],울산문화예술회관 소공연장,2022-11-20~2022-11-20,유료,울산문화예술회관 052-275-9623
서울특별시,음악/콘서트,앙상블 로맨티코 콘서트,예술의전당 인춘아트홀,2022-11-20~2022-11-20,유료,예인예술기획 02-586-0945
경기도,음악/콘서트,"MEG아트홀 기획연주 42, 첼리스트 김민지: 바흐 무반주 전곡 리사이틀",MEG아트홀,2022-11-20~2022-11-20,유료,MEG아트홀 010-9458-5310
부산광역시,음악/콘서트,대니 구 바이올린 리사이틀,부산문화회관 대극장,2022-11-20~2022-11-20,유료,부산문화회관 051-607-6000 (ARS 1번)
서울특별시,음악/콘서트,피아니스트 김진석 베토벤 시리즈 5,예술의전당 IBK챔버홀,2022-11-20~2022-11-20,유료,가온클래식 070-8811-0513
서울특별시,음악/콘서트,지브리 페스티벌,예술의전당 콘서트홀,2022-11-20~2022-11-20,유료,스톰프뮤직 02-2658-3546
부산광역시,음악/콘서트,제10회 첼리스트 이명로 독주회,부산문화회관 챔버홀,2022-11-20~2022-11-20,유료,첼리스트의 서재 010-5029-5807
경기도,뮤지컬/오페라,프린세스 공주 [수원],장안구민회관(한누리아트홀),2022-11-20~2022-11-20,유료,조이컬쳐 010-9611-2073
경상남도,뮤지컬/오페라,빨간모자와 늑대 [거제],거제시청소년수련관,2022-11-20~2022-11-20,유료,교육극단 파랑새 010-8230-8883
부산광역시,음악/콘서트,히사이시 조 영화음악 콘서트 파이널 [부산],부산시민회관,2022-11-20~2022-11-20,유료,라이브러리컴퍼니 070-4190-1289
경상남도,뮤지컬/오페라,호두까기인형 [김해],김해장유문화센터,2022-11-20~2022-11-20,유료,극단 희망 010-2258-9411
충청북도,뮤지컬/오페라,프린세스 공주뮤지컬쇼 [충주],충주시문화회관,2022-11-20~2022-11-20,유료,진엔터컴 1566-7356
서울특별시,음악/콘서트,허정인 첼로 독주회,예술의전당 리사이틀홀,2022-11-20~2022-11-20,유료,예인예술기획 02-586-0945
경기도,뮤지컬/오페라,라푼젤 [파주],문산행복센터,2022-11-20~2022-11-20,유료,극단 해미소 02-974-5745 / 인터파크 1544-1555
대구광역시,음악/콘서트,제19회 대구베누스토오케스트라 정기연주회,대구콘서트하우스 그랜드홀,2022-11-20~2022-11-20,유료,010-2584-2712
서울특별시,음악/콘서트,박지현 오보에 독주회,금호아트홀 연세,2022-11-20~2022-11-20,유료,예인예술기획 02-586-0945
서울특별시,음악/콘서트,대한민국 남성합창 페스티발,국립극장 해오름극장,2022-11-20~2022-11-20,유료,훈엔터테인먼트 02-332-5545
서울특별시,음악/콘서트,하세연 첼로 독주회,예술의전당 리사이틀홀,2022-11-20~2022-11-20,유료,지클레프 02-515-5123
서울특별시,음악/콘서트,"구로 클래식 페스타, 서서울필하모닉오케스트라",구로아트밸리예술극장,2022-11-20~2022-11-20,유료,"구로문화재단 02-2029-1725, 1700"
서울특별시,음악/콘서트,피아니스트 김진석 베토벤 시리즈 5,예술의전당 IBK챔버홀,2022-11-20~2022-11-20,유료,가온클래식 070-8811-0513
서울특별시,음악/콘서트,지브리 페스티벌,예술의전당 콘서트홀,2022-11-20~2022-11-20,유료,스톰프뮤직 02-2658-3546
경상남도,음악/콘서트,경상필하모닉오케스트라 전국순회음악회 <황혼에서의 판타지아>,김해문화의전당,2022-11-11~2022-11-22,무료,010-4468-0427
울산광역시,뮤지컬/오페라,"씨네스테이지, 십계",중구문화의전당,2022-11-22~2022-11-22,무료,울산중구문화의전당 052-290-4000
대전광역시,음악/콘서트,김지향 퍼커션 리사이틀,대전예술의전당,2022-11-22~2022-11-22,유료,나무예술기획 042-477-8220
부산광역시,음악/콘서트,게임 음악 콘서트 [부산],금정문화회관,2022-11-22~2022-11-22,유료,금정문화회관 051-519-5661~4
대전광역시,음악/콘서트,대전시립교향악단 마티네 콘서트 4,대전시립연정국악원,2022-11-22~2022-11-22,유료,대전시립교향악단 042-270-8382~8
서울특별시,음악/콘서트,한국을 이끄는 음악가 시리즈 6,롯데콘서트홀,2022-11-22~2022-11-22,유료,한경arte필하모닉 02-360-4073
서울특별시,음악/콘서트,엘리소 비르살라제 피아노 리사이틀,강동아트센터,2022-11-22~2022-11-22,유료,강동아트센터 02-440-0500
부산광역시,음악/콘서트,"부산국제클래식음악제, Pre-Concert 대전환 그리고 포용: 솔로이스츠",부산문화회관 챔버홀,2022-11-22~2022-11-22,유료,부산국제클래식음악제조직위원회 080-600-2030
경기도,국악,광주시문화재단 출범 2주년 기념 콘서트 [경기 광주],남한산성아트홀,2022-11-22~2022-11-22,유료,광주시문화재단 031-762-8638
서울특별시,음악/콘서트,마리아 조앙 피레스 피아노 리사이틀,예술의전당 콘서트홀,2022-11-22~2022-11-22,유료,인아츠프로덕션 02-6954-7760
강원도,음악/콘서트,"GAC 화요극장, 베를린 필하모닉 카메라타",강릉아트센터 소공연장,2022-11-22~2022-11-22,무료,강릉아트센터 033-660-6800
서울특별시,음악/콘서트,바리톤 정효식 독창회,세종문화회관 체임버홀,2022-11-22~2022-11-22,유료,영음예술기획 02-581-5404
서울특별시,음악/콘서트,남유리나 첼로 독주회,예술의전당 리사이틀홀,2022-11-22~2022-11-22,유료,지클레프 02-515-5123
경기도,국악,광주시문화재단 2주년 기념 콘서트 어서옵SHOW!,남한산성아트홀,2022-11-22~2022-11-22,유료,광주시문화재단 031-762-8638
부산광역시,연극,아버지와 살면 [부산],공간소극장,2022-11-21~2022-11-23,유료,공간소극장 051-611-8518
광주광역시,연극,"작은 무대에 부는 바람 #4, 고슴도치를 입양하세요",씨어터 연바람,2022-11-21~2022-11-23,유료,씨어터 연바람 062-226-2446
서울특별시,국악,제22회 국립국악고등학교 개교 67돌 기념 목멱한마당,국립국악원 예악당,2022-11-23~2022-11-23,무료,국립국악고등학교 02-3497-0860
전라북도,음악/콘서트,오케스트라 판 창단연주회,한국소리문화의전당,2022-11-23~2022-11-23,유료,오케스트라 판 010-7298-7737
경기도,국악,사군자,하남문화예술회관,2022-11-23~2022-11-23,무료,남성가객단 타래 010-7917-1995
경기도,음악/콘서트,제192회 성남시립교향악단 정기연주회,성남아트센터 콘서트홀,2022-11-23~2022-11-23,유료,성남시립교향악단 031-729-4809
서울특별시,음악/콘서트,첼리스트 주연선 리사이틀,영산아트홀,2022-11-23~2022-11-23,유료,프레스토 아트 02-533-8207
서울특별시,무용/발레,"박성호의 전통춤 <술래잡기, 땡>",국립극장 하늘극장,2022-11-23~2022-11-23,유료,(주)나우판코리아 02-6925-1255
부산광역시,국악,"수요공감, 이서아의 녹야청류",국립부산국악원,2022-11-23~2022-11-23,유료,국립부산국악원 051-811-0114
대구광역시,음악/콘서트,"대구아티스트위크 시즌 4, 관악: 클래식 루키즈 [대구]",대구콘서트하우스 챔버홀,2022-11-23~2022-11-23,유료,대구콘서트하우스 053-250-1400
부산광역시,기타,"전원경의 아트살롱, 그림콘서트: 상트페테르부르크의 겨울바람",부산문화회관 챔버홀,2022-11-23~2022-11-23,유료,부산문화회관 051-607-6000 (ARS 1번)
서울특별시,음악/콘서트,서울챔버뮤직소사이어티 네번째 공연,예술의전당 IBK챔버홀,2022-11-23~2022-11-23,유료,서울챔버뮤직소사이어티 02-544-6988
서울특별시,음악/콘서트,낭만주의 거장 차이코프스키 & 라흐마니노프,롯데콘서트홀,2022-11-23~2022-11-23,유료,"두남재엔터테인먼트 02-6292-9368, 9370"
부산광역시,무용/발레,Fly Higher with KNB [부산],부산시민회관,2022-11-23~2022-11-23,유료,부산문화회관 051-607-6000 (ARS 1번)
대전광역시,음악/콘서트,피아니스트 이지영 리사이틀,대전예술의전당,2022-11-23~2022-11-23,유료,아트로 042-482-4463
경기도,음악/콘서트,"서희태의 렉쳐콘서트, 1도 몰라도 즐기는 가족 클래식: 사계&동물의사육제",고양아람누리 아람음악당,2022-11-23~2022-11-23,유료,뉴서울필하모닉오케스트라 02-6002-6290~1
서울특별시,음악/콘서트,"세실콘서트, 첼리스트 문지형",세실아트홀,2022-11-23~2022-11-23,유료,"세실아트홀 02-543-6352, 02-543-6752"
서울특별시,음악/콘서트,김진경 첼로 독주회,예술의전당 리사이틀홀,2022-11-23~2022-11-23,유료,"조인클래식 02-525-6162,5"
서울특별시,음악/콘서트,김수영 피아노 독주회,금호아트홀 연세,2022-11-23~2022-11-23,유료,J&R예술기획 02-3491-2370
서울특별시,음악/콘서트,"첼리스트 문지형, 2022 세실콘서트",세실아트홀,2022-11-23~2022-11-23,유료,"02 543 6752, 6352"
대전광역시,국악,판소리 다섯마당: 오색유파전 [대전],대전시립연정국악원,2022-03-31~2022-11-24,유료,042-270-8500
인천광역시,전시,"희망, 꽃 빛에 열리다",인천광역시교육청평생학습관,2022-11-16~2022-11-24,무료,032)899-1516
인천광역시,전시,엄마와 딸의 3번째 발자국,인천광역시교육청평생학습관,2022-11-16~2022-11-24,무료,032)899-1516
서울특별시,연극,카운트,소극장피카소,2022-11-21~2022-11-24,유료,극단 숨결 010-9175-1945
서울특별시,연극,"제22회 월드 2인극 페스티벌, 너울",시온아트홀,2022-11-22~2022-11-24,유료,2인극페스티벌 조직위원회 070-7776-6613
서울특별시,연극,"제22회 월드 2인극 페스티벌, 드랙퀸 오! 마담",시온아트홀,2022-11-22~2022-11-24,유료,2인극페스티벌 조직위원회 070-7776-6613
서울특별시,무용/발레,"제43회 서울무용제, SEOUL DANCE LAB",아르코예술극장 소극장,2022-11-22~2022-11-24,유료,서울무용제 조직위원회 02-744-8066
대전광역시,무용/발레,정글북: 또 다른 세계 [대전],대전예술의전당,2022-11-23~2022-11-24,유료,대전예술의전당 042-270-8333
대구광역시,음악/콘서트,"제16회 영남필하모니오케스트라 정기연주회, 한국적 창작 작품의 향연",대구콘서트하우스 그랜드홀,2022-11-24~2022-11-24,유료,영남필하모니오케스트라 사무국 053-217-5592
경상남도,무용/발레,Fly Higher with KNB [경주],경주예술의전당,2022-11-24~2022-11-24,유료,경주문화재단 054-777-6304
서울특별시,국악,화음,민속극장풍류,2022-11-24~2022-11-24,유료,(02) 566-6300
경기도,음악/콘서트,"남양주시립합창단 기획연주회, 클래식 세계여행 (11.24)",다산아트홀,2022-11-24~2022-11-24,무료,남양주시 문화예술과 031-590-2475
대구광역시,음악/콘서트,"대구아티스트위크 시즌 4, 관악: 플루티스트 김영주 & 클라리네티스트 박에스라 듀오 리사이틀",대구콘서트하우스 챔버홀,2022-11-24~2022-11-24,유료,대구콘서트하우스 053-250-1400
서울특별시,음악/콘서트,"아름다운 목요일, 금호 Exclusive: 엘리소 비르살라제 Piano",금호아트홀 연세,2022-11-24~2022-11-24,유료,금호문화재단 02-6303-1977
서울특별시,음악/콘서트,"M소나타 시리즈 #6, 문지영 피아노 리사이틀",마포아트센터 아트홀맥,2022-11-24~2022-11-24,유료,마포아트센터 02-3274-8600
경기도,음악/콘서트,부천시립합창단 신예지휘자 연주회,부천시민회관 대공연장,2022-11-24~2022-11-24,유료,부천시립예술단 032-327-7523
서울특별시,음악/콘서트,제784회 KBS교향악단 정기연주회,예술의전당 콘서트홀,2022-11-24~2022-11-24,유료,KBS교향악단 02-6099-7400
인천광역시,음악/콘서트,"박혜진과 함께하는 브런치콘서트, 당신의 마음은 (11월)",부평아트센터 해누리 극장,2022-11-24~2022-11-24,유료,부평구문화재단 032-500-2000
경상남도,음악/콘서트,우크라이나 체르니우치 필하모니 챔버 오케스트라 [안동],안동문화예술의전당,2022-11-24~2022-11-24,유료,안동문화예술의전당 054-840-3600
울산광역시,음악/콘서트,마리아 조앙 피레스 피아노 리사이틀 [울산],현대예술관,2022-11-24~2022-11-24,유료,현대예술관 1522-3331
경기도,뮤지컬/오페라,"씨네오페라, 라보엠 [용인]",용인포은아트홀,2022-11-24~2022-11-24,유료,"용인문화재단 031-260-3355, 3358"
서울특별시,음악/콘서트,오귀스탱 뒤메이 바이올린 리사이틀,롯데콘서트홀,2022-11-24~2022-11-24,유료,인아츠프로덕션 02-6954-7760
경기도,무용/발레,에미 母 Emi : Mother,성남아트센터,2022-11-24~2022-11-24,유료,성남아트센터 031-783-8000
경기도,무용/발레,"인천시티발레단, 지젤 [평택]",평택남부문예회관 대공연장,2022-11-24~2022-11-24,유료,평택시문화재단 031-8053-3513
서울특별시,음악/콘서트,제19회 한국피아노듀오협회 스페셜콘서트,예술의전당 IBK챔버홀,2022-11-24~2022-11-24,유료,매니지먼트예진 02-2266-7740
경기도,음악/콘서트,장애인을 위한 세상의 빛 음악회,고양아람누리 아람음악당,2022-11-24~2022-11-24,무료,우림복지재단 031-924-5784
서울특별시,음악/콘서트,M 소나타 시리즈 〈문지영 피아노 리사이틀〉,마포아트센터 아트홀맥,2022-11-24~2022-11-24,유료,02-3274-8600[공연문의1번]
전라북도,뮤지컬/오페라,판소리댄스컬 ‘몽연-서동의 꽃’ - 전주,전북예술회관,2022-06-03~2022-11-25,유료,"063-230-7419,39"
전라북도,기타,몽연: 서동의 꽃,전북예술회관,2022-06-03~2022-11-25,유료,063-230-7419~29
서울특별시,무용/발레,"제43회 서울무용제, 경연대상부문",아르코예술극장 대극장,2022-11-18~2022-11-25,유료,서울무용제 조직위원회 02-744-8066
경기도,연극,연극 <FBW>,안산문화예술의전당,2022-11-24~2022-11-25,유료,080-481-4000
강원도,음악/콘서트,춘천시립합창단 특별연주회: 오페라 칸타타 윤동주,춘천문화예술회관,2022-11-24~2022-11-25,유료,춘천시립예술단 033-259-5874 / 5877
대전광역시,음악/콘서트,"연주자를 만나다 Ⅱ, 피아니스트 이진옥의 ARTIFEX 2",골프존조이마루 아트홀,2022-11-25~2022-11-25,유료,나무예술기획 042-477-8220
서울특별시,기타,미디어아트 x 시나 쓰는 앨리스: 상실의 별,스페이스 브릭,2022-11-25~2022-11-25,유료,인터파크 1544-1555
전라북도,음악/콘서트,박희경 & 김노을 Joint Recital [전주],한국소리문화의전당,2022-11-25~2022-11-25,유료,"010-2718-1269, 010-6241-9061"
경상남도,무용/발레,MOTI: 어디로부터 [진주],경상남도 문화예술회관,2022-11-25~2022-11-25,유료,경상남도문화예술회관 1544-6711
서울특별시,음악/콘서트,KT와 함께하는 예술의전당 마음을 담은 클래식 (11월),예술의전당 콘서트홀,2022-11-25~2022-11-25,유료,예술의전당 02-580-1300
서울특별시,음악/콘서트,필하모니 코리아 창단연주회,예술의전당 콘서트홀,2022-11-25~2022-11-25,유료,더브릿지컴퍼니 02-6094-1001
서울특별시,음악/콘서트,신세계로부터,롯데콘서트홀,2022-11-25~2022-11-25,유료,심포니 송 02-549-0046
경기도,음악/콘서트,문지영 피아노 리사이틀 [성남],성남아트센터 콘서트홀,2022-11-25~2022-11-25,유료,성남아트센터 031-783-8000
울산광역시,음악/콘서트,"마스터피스 시리즈 6, 제225회 울산시립교향악단 정기연주",울산문화예술회관,2022-11-25~2022-11-25,유료,울산문화예술회관 052-275-9623
서울특별시,음악/콘서트,바이올리니스트 박지현 & 비올리스트 홍진선 듀오 리사이틀,일신홀,2022-11-25~2022-11-25,유료,인터뮤직 02-2235-8956
경상남도,뮤지컬/오페라,라흐마니노프 [구미],강동문화복지회관 천생아트홀,2022-11-25~2022-11-25,유료,구미강동문화복지회관 054-480-4565 / 054-480-4554
서울특별시,음악/콘서트,Vox Amicis 두번째 연주회,영산아트홀,2022-11-25~2022-11-25,유료,코바기획 070-4110-8290
서울특별시,음악/콘서트,바이올리니스트 탁보늬 콘서트,웨스트브릿지,2022-11-25~2022-11-25,유료,인터파크 1544-1555
서울특별시,음악/콘서트,정나래 작곡 발표회: 음의 정경,롯데콘서트홀,2022-11-25~2022-11-25,유료,J&R예술기획 02-3491-2370
서울특별시,음악/콘서트,박지원 바이올린 독주회,세종문화회관 체임버홀,2022-11-25~2022-11-25,유료,예인예술기획 02-586-0945
서울특별시,음악/콘서트,이보미 귀국 피아노 독주회,예술의전당 리사이틀홀,2022-11-25~2022-11-25,유료,마스트미디어 02-541-3184
대구광역시,음악/콘서트,"대구아티스트위크 시즌 4, 관악: 바로크: 통주저음의 시대 [대구]",대구콘서트하우스 챔버홀,2022-11-25~2022-11-25,유료,대구콘서트하우스 053-250-1400
대전광역시,국악,"대전시립연정국악단, 토요국악",대전시립연정국악원,2022-03-12~2022-11-26,유료,042-270-8585
대전광역시,국악,[대전시립연정국악단] 상설공연 '토요국악',대전시립연정국악원,2022-03-12~2022-11-26,유료,042-270-8585
부산광역시,음악/콘서트,컬쳐 팔레트 시즌2,동래문화회관대극장,2022-07-30~2022-11-26,무료,051-550-6611
울산광역시,뮤지컬/오페라,개구리왕자 [울산],울산 레미어린이극장,2022-10-27~2022-11-26,유료,레미어린이극장 052-288-8799
경기도,음악/콘서트,"해설이 있는 클래식 음악회, 낭만시리즈 2 [과천]",과천시민회관 대극장,2022-10-29~2022-11-26,유료,과천문화재단 02-2009-9772
서울특별시,뮤지컬/오페라,우렁이색시 [서울 금천],레미어린이극장 금천점,2022-11-05~2022-11-26,유료,레미어린이극장 금천점 02-868-5961
충청남도,뮤지컬/오페라,아기 돼지 삼형제: 우주탐사편 [천안],홈플러스천안신방점소극장,2022-11-19~2022-11-26,유료,홈플러스천안신방점 소극장 041-578-1090
서울특별시,연극,그녀는 함흥차를 타고 어디로 갔을까?,플랫폼74,2022-11-24~2022-11-26,유료,070-7954-4905
부산광역시,연극,"작은 무대에 부는 바람, 고슴도치를 입양하세요 [부산]",공간소극장,2022-11-25~2022-11-26,유료,공간소극장 051-611-8518
경기도,아동/가족,노래하는 토리,복사골문화센터 판타지아극장,2022-11-25~2022-11-26,유료,032-320-6336
부산광역시,연극,"경숙이, 경숙아버지 [부산]",부산문화회관 중극장,2022-11-25~2022-11-26,유료,부산문화회관 051-607-6000 (ARS 1번)
경상남도,무용/발레,호두까기인형 [안동],안동문화예술의전당,2022-11-25~2022-11-26,유료,안동문화예술의전당 054-840-3600
경기도,뮤지컬/오페라,"국립오페라단, 라 트라비아타 [군포]",군포문화예술회관,2022-11-25~2022-11-26,유료,군포문화예술회관 031-390-3500~1
인천광역시,뮤지컬/오페라,토스카 [인천],아트센터 인천,2022-11-25~2022-11-26,유료,아트센터인천 032-453-7700
인천광역시,뮤지컬/오페라,오! 당신이 잠든 사이 [인천],인천동구청소년수련관,2022-11-25~2022-11-26,유료,동구문화체육센터 032-772-7700
경기도,뮤지컬/오페라,적벽 [오산],오산문화예술회관,2022-11-25~2022-11-26,유료,오산문화예술회관 031-379-9999
서울특별시,연극,"한밤의 공연 산책, 내게 빛나는 모든 것 (11월)",강동아트센터,2022-11-25~2022-11-26,유료,강동아트센터 02-440-0500
부산광역시,연극,제73회 부산시립극단 정기공연: 나혜석,부산문화회관 대극장,2022-11-25~2022-11-26,유료,부산문화회관 051-607-6000 (ARS 1번)
서울특별시,국악,자라는 자라,남산골한옥마을,2022-11-25~2022-11-26,유료,서울남산국악당 02-2261-0500
대구광역시,연극,"작은 무대에 부는 바람, 먼데서 오는 여자 [대구]",한울림 소극장,2022-11-25~2022-11-26,유료,한울림소극장 053-246-2925
대구광역시,뮤지컬/오페라,LAST MOON [대구],달서아트센터,2022-11-25~2022-11-26,유료,브리즈 053-584-9273
충청북도,뮤지컬/오페라,오즈의 마법사 [음성],음성문화예술회관,2022-11-26~2022-11-26,유료,케이뮤지컬컴퍼니 010-6760-8792
경기도,음악/콘서트,"토요키즈클래식, 클래식으로 만나는 겨울 [용인] (11월)",용인포은아트홀,2022-11-26~2022-11-26,유료,"용인문화재단 031-260-3355, 3358"
전라북도,무용/발레,Fly Higher with KNB [익산],익산예술의전당 대공연장,2022-11-26~2022-11-26,유료,익산예술의전당 063-859-3254
부산광역시,음악/콘서트,필름 뮤직 판타지 (Film Music Fantasy),동래문화회관대극장,2022-11-26~2022-11-26,무료,동래문화회관 051-550-6611
경기도,음악/콘서트,노부스 콰르텟-오직베토벤,복사골문화센터 아트홀,2022-11-26~2022-11-26,유료,032-320-6336
서울특별시,음악/콘서트,"인 하우스 아티스트 시리즈 II, 신창용 (11.26)",롯데콘서트홀,2022-11-26~2022-11-26,유료,롯데문화재단 1544-7744
경상남도,음악/콘서트,"조희창의 음악 오디세이, 책갈피 속의 클래식",포항문화예술회관,2022-11-26~2022-11-26,유료,포항문화재단 054-289-7830
서울특별시,음악/콘서트,서울시향 실내악 시리즈 VII,세종문화회관 체임버홀,2022-11-26~2022-11-26,유료,서울시립교향악단 1588-1210
대구광역시,음악/콘서트,일리야 라쉬코프스키 라흐마니노프 3개의 피아노협주곡 [대구],대구콘서트하우스 그랜드홀,2022-11-26~2022-11-26,유료,"두남재엔터테인먼트 02-6292-9368, 9370"
경기도,음악/콘서트,"아람 로열 클래식 4, 손민수 리사이틀",고양아람누리 아람음악당,2022-11-26~2022-11-26,유료,고양문화재단 1577-7766
경기도,음악/콘서트,"노부스 콰르텟, 오직 베토벤 [부천]",복사골문화센터 아트홀,2022-11-26~2022-11-26,유료,복사골문화센터 아트홀 032-320-6336
서울특별시,뮤지컬/오페라,책먹는여우 [구로],구로구민회관,2022-11-26~2022-11-26,유료,극단 가람 031-633-4864
서울특별시,뮤지컬/오페라,알라딘과 자스민공주 [서울 강서],강서구민회관,2022-11-26~2022-11-26,유료,"극단 예일 02-555-0822~3, 1143"
경기도,뮤지컬/오페라,바다탐험대 옥토넛 시즌2: 대산호초 보호작전 [화성],유앤아이센터 화성아트홀,2022-11-26~2022-11-26,유료,오름기획 1599-9354
서울특별시,음악/콘서트,"금호영아티스트콘서트, 차준호 피아노 독주회",금호아트홀 연세,2022-11-26~2022-11-26,유료,금호문화재단 02-6303-1977
서울특별시,음악/콘서트,박혜지 타악기 리사이틀,예술의전당 IBK챔버홀,2022-11-26~2022-11-26,유료,더브릿지컴퍼니 02-6094-1001
서울특별시,음악/콘서트,"금호영재콘서트, 이주와 피아노 독주회",금호아트홀 연세,2022-11-26~2022-11-26,유료,금호문화재단 02-6303-1977
서울특별시,음악/콘서트,어벤져스 히어로즈 VS 빌런즈 영화음악 콘서트,예술의전당 콘서트홀,2022-11-26~2022-11-26,유료,스톰프뮤직 02-2658-3546
경상남도,뮤지컬/오페라,호두까기 인형 [김해],김해칠암도서관,2022-11-26~2022-11-26,유료,나눔 053-423-1219
경기도,뮤지컬/오페라,겨울왕국: 겨울이야기 [동두천],동두천시민회관,2022-11-26~2022-11-26,유료,극단 희망 010-2258-9411
경기도,연극,장수상회 [안산],안산문화예술의전당,2022-11-26~2022-11-26,유료,오름기획 1599-9354
서울특별시,연극,무니의 문 [서울 양천],갈산문화예술센터,2022-11-26~2022-11-26,유료,"양천문화재단 공연예술TF팀 02-2021-8910, 8906"
서울특별시,뮤지컬/오페라,프린세스 공주뮤지컬쇼 [서울 노원],노원구민의전당(구 노원구민회관),2022-11-26~2022-11-26,유료,진엔터컴 1566-7356
경기도,뮤지컬/오페라,박쥐 [수원],경기아트센터,2022-11-26~2022-11-26,유료,경기아트센터 031-230-3440
대전광역시,음악/콘서트,천현지 바이올린 독주회,대전예술의전당,2022-11-26~2022-11-26,유료,톤픽쳐 070-8018-8473
경상남도,뮤지컬/오페라,스냅 [거제],거제문화예술회관,2022-11-26~2022-11-26,유료,거제문화예술회관 055-680-1050
인천광역시,국악,"장사익 소리판, 사람이 사람을 만나 [인천]",인천문화예술회관,2022-11-26~2022-11-26,유료,인터파크 1544-1555
경상남도,음악/콘서트,"우아한 클래식, 스페이스 클래식 [김해]",김해서부문화센터 하늬홀,2022-11-26~2022-11-26,유료,김해서부문화센터 055-344-1800
대구광역시,음악/콘서트,강동석 & 친구들과 떠나는 실내악 여행 [대구],대덕문화전당 드림홀,2022-11-26~2022-11-26,유료,대덕문화전당 053-664-3118
경기도,국악,허균의 꿈 [안성],안성맞춤아트홀,2022-11-26~2022-11-26,유료,안성맞춤아트홀 031-660-0666
경기도,기타,크로키키 브라더스 [안양],평촌아트홀,2022-11-26~2022-11-26,유료,"평촌아트홀 031-687-0555, 0500"
경기도,국악,이날치 단독 콘서트 [구리],구리아트홀 코스모스대극장,2022-11-26~2022-11-26,유료,구리아트홀 아트서비스존 031-580-7900~1
경기도,뮤지컬/오페라,누가 내머리에 똥 쌌어? [시흥],ABC홀,2022-11-26~2022-11-26,유료,한울엔터테인먼트 1566-7754
경기도,연극,"HCF kids 청소년 2, 회란기 [화성]",반석아트홀,2022-11-26~2022-11-26,유료,화성시문화재단 1588-5234
경기도,음악/콘서트,국립심포니오케스트라와 만나는 한국동요와 가곡: 온 가족이 함께하는 우리노래 [남양주],다산아트홀,2022-11-26~2022-11-26,유료,"다산아트홀 031-590-4358, 4361"
인천광역시,음악/콘서트,최규미 오르간 독주회 [인천],엘림아트센터,2022-11-26~2022-11-26,유료,엘림아트센터 032-289-4275
서울특별시,음악/콘서트,임현정의 신청곡 콘서트,마포아트센터 아트홀맥,2022-11-26~2022-11-26,유료,다나기획사 031-5176-2516
서울특별시,음악/콘서트,홍서현 귀국 첼로 독주회,예술의전당 리사이틀홀,2022-11-26~2022-11-26,유료,이든예술기획 02-6412-3053
경기도,음악/콘서트,테너 김세일의 겨울 나그네 [광명],광명시민회관,2022-11-26~2022-11-26,유료,광명문화재단 02-2621-8845
광주광역시,뮤지컬/오페라,푸치니 투란도트 [광주],국립아시아문화전당,2022-11-26~2022-11-26,유료,광주시립오페라단 062-412-2507
경기도,아동/가족,2022 방방곡곡 문화공감 [크로키키 브라더스],평촌아트홀,2022-11-26~2022-11-26,유료,031-687-0555/0500
서울특별시,음악/콘서트,2022 서울시향 실내악 시리즈 VII: 슬라브,세종문화회관 체임버홀,2022-11-26~2022-11-26,유료,1588-1210
서울특별시,음악/콘서트,어벤져스 히어로즈 VS 빌런즈 영화음악 콘서트,예술의전당 콘서트홀,2022-11-26~2022-11-26,유료,스톰프뮤직 02-2658-3546
인천광역시,전시,송암미술관 2022년 체험특별전 ' 문자 + 더하기 그림',송암미술관,2022-06-28~2022-11-27,무료,032-440-6777
충청북도,전시,[집밖] MMCA 청주프로젝트 2022 : 도시공명,국립현대미술관 청주관,2022-08-24~2022-11-27,무료,043-261-1400
광주광역시,전시,[집밖] 2022 ACCxGB 지역-아시아 전시 <쓰고도 달콤한>,국립아시아문화전당 문화창조원,2022-08-25~2022-11-27,무료,1899-5566
인천광역시,뮤지컬/오페라,피터팬! 아주 특별한 이야기 [인천],인천어린이과학관,2022-09-17~2022-11-27,유료,극단 자유마당 02-741-0720 / 010-6227-6718
경기도,전시,[아트센터 화이트블럭] 새로운 사물의 발견 Neue Deutsche Dinge,아트센터 화이트블럭,2022-09-30~2022-11-27,유료,031-992-4400
서울특별시,뮤지컬/오페라,세종 이도의 꿈,경복궁아트홀,2022-10-03~2022-11-27,유료,경복궁아트홀 02-735-0506
서울특별시,연극,가면산장 살인사건 [서울],이화여자대학교 삼성홀,2022-10-04~2022-11-27,유료,비컨컴퍼니 1668-4338
서울특별시,연극,프랑켄슈타인,안똔체홉극장,2022-10-14~2022-11-27,유료,애플씨어터 02-742-7753
대구광역시,연극,시골쥐와 서울쥐 [대구],대백프라자 5층 레오문화홀,2022-10-15~2022-11-27,유료,대백레오문화홀 053-420-8050
서울특별시,뮤지컬/오페라,드래곤 하이,국립중앙박물관 극장 용,2022-10-29~2022-11-27,유료,브러쉬씨어터 1600-8534
서울특별시,무용/발레,제12회 Duo Dance Festival,성균소극장,2022-11-02~2022-11-27,유료,DDFcommittee 02-3675-3336
서울특별시,연극,극동 시베리아 순례길,국립극단 백성희장민호극장,2022-11-02~2022-11-27,유료,국립극단 1644-2003
서울특별시,연극,발가락 육상천재 [서울],국립극단 소극장 판,2022-11-03~2022-11-27,유료,국립극단 1644-2003
서울특별시,연극,하이타이,후암씨어터,2022-11-03~2022-11-27,유료,010-2206-0523
서울특별시,무용/발레,제43회 서울무용제,아르코예술극장 대극장,2022-11-11~2022-11-27,유료,02-3668-0007
부산광역시,연극,엔딩크레딧 [부산],여기는 극장입니다,2022-11-12~2022-11-27,유료,010-5060-2788
서울특별시,뮤지컬/오페라,"웰컴 대학로, 더 라스트맨",서경대학교 공연예술센터(혜화역),2022-11-15~2022-11-27,유료,더웨이브 02-6954-0772
강원도,연극,"연무열전, 연극",축제극장몸짓,2022-11-17~2022-11-27,유료,통통창의력발전소 070-4223-3972
대전광역시,뮤지컬/오페라,페트로스 [대전],이음아트홀,2022-11-17~2022-11-27,유료,이음아트홀 042-252-0887
서울특별시,무용/발레,[집밖] 작꾸 둥굴구 서뚜르게,예술의전당 자유소극장,2022-11-18~2022-11-27,유료,02-3472-1420
서울특별시,연극,NOCHE DE PALOMA,대학로 스튜디오 블루 (구 두레홀 3관),2022-11-18~2022-11-27,유료,극단 아루또 02-6012-2511
서울특별시,연극,서울빠뺑자매,씨어터 조이(구 마당세실극장),2022-11-18~2022-11-27,유료,창작집단 상상두목 0505-041-0707
경기도,뮤지컬/오페라,팥죽할멈과 호랑이 [안산],NC소극장 안산 고잔,2022-11-19~2022-11-27,유료,NC백화점 안산고잔점 어린이소극장 031-414-2100
서울특별시,연극,신진연극인페스티벌 7,코델아트홀,2022-11-22~2022-11-27,유료,플레이티켓 02-322-3658
서울특별시,연극,미치던 날 [서울],대학로 공간아울,2022-11-22~2022-11-27,유료,학교에연극을심는사람들 010-2684-3766
부산광역시,뮤지컬/오페라,엘리자벳 10주년 기념공연 [부산],드림씨어터,2022-11-22~2022-11-27,유료,공연마루 1588-0766 / 드림씨어터 1833-3755
서울특별시,연극,"웰컴 대학로, 이솝우화",서경대학교 공연예술센터(혜화역),2022-11-24~2022-11-27,유료,공상집단 뚱딴지 010-3925-1358
경기도,뮤지컬/오페라,크리스마스 칸타타 [고양],고양아람누리 아람극장,2022-11-24~2022-11-27,유료,사단법인 그라시아스합창단 1899-2199
서울특별시,연극,붉은 가을,대학로예술극장 소극장,2022-11-25~2022-11-27,유료,02-3668-0007
서울특별시,연극,뤂_홀,서강대 메리홀,2022-11-25~2022-11-27,유료,010-6835-6543
서울특별시,무용/발레,스텝업,예술의전당 자유소극장,2022-11-25~2022-11-27,유료,02-3472-1420
서울특별시,연극,깔깔나무,종로아이들극장,2022-11-25~2022-11-27,유료,"국립아시아문화전당재단 062-601-4664, 4670"
서울특별시,무용/발레,"요안 부르주아, 푸가/트램펄린",LG아트센터 서울,2022-11-25~2022-11-27,유료,LG아트센터 서울 티켓박스 1661-0017
서울특별시,무용/발레,"요안 부르주아 컴퍼니, 기울어진 사람들",LG아트센터 서울,2022-11-25~2022-11-27,유료,LG아트센터 서울 티켓박스 1661-0017
서울특별시,무용/발레,더 토핑,세종문화회관 S씨어터,2022-11-25~2022-11-27,유료,세종문화티켓 02-399-1000
충청북도,뮤지컬/오페라,서편제 [청주],청주예술의전당,2022-11-25~2022-11-27,유료,콘서트하우스 043-222-7200
서울특별시,연극,"봄 작가, 겨울 무대, 붉은 가을",대학로예술극장 소극장,2022-11-25~2022-11-27,유료,아르코 대학로예술극장 02-3668-0007
경기도,무용/발레,본(本),경기아트센터,2022-11-26~2022-11-27,유료,031-230-3311~3314
경기도,무용/발레,"경기아트센터 레퍼토리시즌, 경기도무용단: 본 [수원]",경기아트센터,2022-11-26~2022-11-27,유료,"경기도무용단 031-230-3311~3314, 3319"
부산광역시,뮤지컬/오페라,미니특공대: 애니멀트론 [부산],KBS부산홀,2022-11-26~2022-11-27,유료,KBS부산홀 051-620-7181
인천광역시,뮤지컬/오페라,겨울왕국: 겨울이야기 [인천],부평아트센터 달누리극장,2022-11-26~2022-11-27,유료,나눔 053-423-1219
대구광역시,뮤지컬/오페라,캐리TV 러브콘서트: KPOP [대구],대구 엑스코(EXCO),2022-11-26~2022-11-27,유료,동그라미그리기 1577-4868
대전광역시,뮤지컬/오페라,로봇똥 [대전],평송청소년문화센터,2022-11-26~2022-11-27,유료,조이컬쳐 010-9611-2073
세종특별자치시,뮤지컬/오페라,번개맨: 우주최강 번개삼총사 [세종],세종문화예술회관,2022-11-26~2022-11-27,유료,세종문화예술회관 044-850-8940
울산광역시,뮤지컬/오페라,사운드 오브 뮤직 [울산],울산북구문화예술회관,2022-11-26~2022-11-27,유료,아이에이치컬쳐 070-4045-2302
경기도,뮤지컬/오페라,캐치! 티니핑: 프린세스 다이어리 [고양(앵콜)],고양어울림누리,2022-11-26~2022-11-27,유료,동그라미그리기 1577-4868
충청남도,뮤지컬/오페라,시크릿쥬쥬 시즌3: 별의 여신 마지막콘서트 [천안],성환문화회관,2022-11-26~2022-11-27,유료,동그라미그리기 1577-4868
대구광역시,뮤지컬/오페라,호두까기인형 [대구],신세계 문화홀 대구점,2022-11-26~2022-11-27,유료,좋은사람들 070-4045-2302
경기도,뮤지컬/오페라,킹키부츠 [이천],이천아트홀,2022-11-26~2022-11-27,유료,이천아트홀 031-636-2202
서울특별시,연극,"제6회 구로꿈나무인형극제, 퍼니 프렌즈",구로꿈나무극장,2022-11-26~2022-11-27,유료,구로꿈나무극장 02-830-2561~2 / 2508
서울특별시,연극,갈수록 가관이네! [관악],관악아트홀,2022-11-26~2022-11-27,유료,관악아트홀 02-828-5700
경상남도,뮤지컬/오페라,신비아파트 시즌5: 감염된 도시의 비밀 [포항],포항문화예술회관,2022-11-26~2022-11-27,유료,동그라미그리기 1577-4868
전라북도,무용/발레,여립 (汝立): 지워진 이름 정여립 [전주],한국소리문화의전당,2022-11-26~2022-11-27,유료,010-5171-3404
서울특별시,연극,"제22회 월드 2인극 페스티벌, 남매",대학로 예술공간 혜화,2022-11-26~2022-11-27,유료,2인극페스티벌 조직위원회 070-7776-6613
경기도,뮤지컬/오페라,엄마까투리: 마트에 간 꽁지 [수원],롯데백화점 문화홀,2022-11-26~2022-11-27,유료,인터파크 1544-1555
서울특별시,무용/발레,"제43회 서울무용제, 폐막 및 시상식",아르코예술극장 대극장,2022-11-27~2022-11-27,무료,서울무용제 조직위원회 02-744-8066
경기도,음악/콘서트,"MEG아트홀 기획연주 43, Fantasy of Romance: 플루트 박은지 피아노 나누리",MEG아트홀,2022-11-27~2022-11-27,유료,MEG아트홀 010-9458-5310
서울특별시,음악/콘서트,이현진 피아노 독주회,예술의전당 인춘아트홀,2022-11-27~2022-11-27,유료,스톰프뮤직 02-2658-3546
서울특별시,음악/콘서트,[파가니니 탄생 240주년] 리스트와 쇼팽이 추억하는 파가니니,예술의전당 콘서트홀,2022-11-27~2022-11-27,유료,스톰프뮤직 02-2658-3546
서울특별시,연극,이인환각연쇄고리,koldsleep,2022-09-02~2022-11-28,유료,koldsleep@gmail.com
서울특별시,음악/콘서트,크리스티안 틸레만 & 베를린 슈타츠카펠레 [롯데콘서트홀],롯데콘서트홀,2022-11-28~2022-11-28,유료,마스트미디어 02-541-2512
서울특별시,국악,2022 팔일(八佾),한국문화의 집 코우스,2022-11-08~2022-11-29,유료,한국문화의집 KOUS 02-3011-1740
서울특별시,음악/콘서트,트리오 베스페로 정기연주회,금호아트홀 연세,2022-11-29~2022-11-29,유료,지클레프 02-515-5123
울산광역시,뮤지컬/오페라,"SAC ON SCREEN, 마술피리",서울주문화센터,2022-11-29~2022-11-29,무료,서울주문화센터 052-262-8907
경기도,음악/콘서트,윤한과 함께하는 아침음악살롱,안산문화예술의전당,2022-11-29~2022-11-29,유료,안산문화예술의전당 콜센터 080-481-4000 / 인터파크 1544-1555 / 단체관람 031-481-4028
대전광역시,음악/콘서트,"DJAC 청년오케스트라 기획공연 2, 드라마틱",대전예술의전당,2022-11-29~2022-11-29,유료,대전예술의전당 042-270-8333
경기도,음악/콘서트,조이 오브 스트링스 Winter Story [경기 광주],남한산성아트홀,2022-11-29~2022-11-29,유료,광주시문화재단 031-762-8638
강원도,음악/콘서트,"GAC 화요극장, 스피릿 오브 베토벤",강릉아트센터 소공연장,2022-11-29~2022-11-29,무료,강릉아트센터 033-660-6800
서울특별시,음악/콘서트,곽지승 플루트 독주회,예술의전당 리사이틀홀,2022-11-29~2022-11-29,유료,예인예술기획 02-586-0945
서울특별시,음악/콘서트,김응수 & 크리스토퍼 박 듀오 리사이틀,예술의전당 IBK챔버홀,2022-11-29~2022-11-29,유료,피트뮤직 02-396-9697
서울특별시,음악/콘서트,유한나 바이올린 독주회,세종문화회관 체임버홀,2022-11-29~2022-11-29,유료,예인예술기획 02-586-0945
경기도,음악/콘서트,조이 오브 스트링스 <겨울 이야기>,남한산성아트홀,2022-11-29~2022-11-29,유료,광주시문화재단 031-762-8638
서울특별시,국악,2022 다담,국립국악원 우면당,2022-02-23~2022-11-30,유료,02-580-3300
서울특별시,국악,다담,국립국악원 우면당,2022-02-23~2022-11-30,유료,02-580-3300
서울특별시,뮤지컬/오페라,요한복음,광야아트센터,2022-03-12~2022-11-30,유료,-
대전광역시,국악,K-브런치콘서트: 우.아.한 [대전],대전시립연정국악원,2022-03-30~2022-11-30,유료,042-270-8500
서울특별시,뮤지컬/오페라,뮤지컬 <써니텐>,하마씨어터,2022-07-08~2022-11-30,유료,02-766-0830
서울특별시,국악,"삼청각 수요상설공연, 남상일의 토크 국악",삼청각 일화당,2022-09-07~2022-11-30,유료,02-765-3000
부산광역시,뮤지컬/오페라,소믈리에,부산 레몬트리소극장,2022-09-17~2022-11-30,유료,010-8352-2537
서울특별시,연극,7시에 만나 Renewal,창조소극장 (구. 민아트홀),2022-10-04~2022-11-30,유료,인스타그램 @see_u_at_7 / 인터파크 1544-1555
부산광역시,뮤지컬/오페라,소믈리에 [부산],부산 레몬트리소극장,2022-10-14~2022-11-30,유료,010-8352-2537
서울특별시,음악/콘서트,국립한글박물관 11월 문화행사 공연,국립한글박물관,2022-11-01~2022-11-30,무료,02-2124-6292
광주광역시,국악,광주국악상설공연 (11월),광주공연마루,2022-11-02~2022-11-30,무료,"광주문화예술회관 062-613-8379, 8372"
광주광역시,연극,"작은 무대에 부는 바람 #5, 아빠들의 소꿉놀이",씨어터 연바람,2022-11-28~2022-11-30,유료,씨어터 연바람 062-226-2446
충청남도,음악/콘서트,"해설이 있는 11시콘서트, 재즈앙상블 크레센트 트리오",천안예술의전당,2022-11-30~2022-11-30,유료,천안예술의전당 1566-0155
경상남도,연극,"이야기가 있는 키즈클래식, 빨간모자와 늑대 [안동]",안동문화예술의전당,2022-11-30~2022-11-30,무료,안동문화예술의전당 054-840-3600
경기도,음악/콘서트,윤한과 함께하는 아침음악살롱 (11월) [안산],안산문화예술의전당,2022-11-30~2022-11-30,유료,안산문화예술의전당 080-481-4000
서울특별시,음악/콘서트,크리스티안 틸레만 & 베를린 슈타츠카펠레,예술의전당 콘서트홀,2022-11-30~2022-11-30,유료,마스트미디어 02-541-2512
경기도,연극,"네버랜드 in 군포 Ⅵ, 아버지와 살면",군포문화예술회관,2022-11-30~2022-11-30,유료,군포문화예술회관 031-390-3500~1
서울특별시,음악/콘서트,예술의전당 아티스트 라운지 (11월),예술의전당 IBK챔버홀,2022-11-30~2022-11-30,유료,예술의전당 02-580-1300
강원도,기타,Recovery 춘천: 놀我YOU,춘천문화예술회관,2022-11-30~2022-11-30,유료,춘천문화재단 033-259-5837
경기도,음악/콘서트,"클래식으로 읽는 동화 2, 꿀벌마야의 모험 [의정부]",의정부아트캠프,2022-11-30~2022-11-30,유료,의정부 아트캠프 031-850-5134
서울특별시,음악/콘서트,박민 바이올린 독주회,예술의전당 인춘아트홀,2022-11-30~2022-11-30,유료,지클레프 02-515-5123
울산광역시,음악/콘서트,"하우스콘서트, 에메트앙상블 (11월)",울주문화예술회관,2022-11-30~2022-11-30,유료,울주문화예술회관 052-980-2270
경상남도,뮤지컬/오페라,"국립오페라단 my opera, 마농",경상남도 문화예술회관,2022-11-30~2022-11-30,유료,경상남도문화예술회관 1544-6711
경기도,음악/콘서트,첼로댁 조윤경 리사이틀 [안성],안성맞춤아트홀,2022-11-30~2022-11-30,유료,안성맞춤아트홀 031-660-0666
광주광역시,뮤지컬/오페라,"ACC 브런치콘서트, 전수경X더뮤즈",국립아시아문화전당,2022-11-30~2022-11-30,유료,국립아시아문화전당 1899-5566
경기도,뮤지컬/오페라,<2022 경기도 문화의 날 [안양아트인 데이] 오페라 라 보엠> - 안양,안양아트센터,2022-11-30~2022-11-30,무료,031-687-0500/0555
서울특별시,국악,국립국악관현악단 <정오의 음악회 12월>,국립극장 해오름극장,2022-12-01~2022-12-01,유료,02-2280-4114
서울특별시,연극,"[돈의문박물관마을] 장소특정, 관객참여형 연극 '백 년의 밤'",돈의문박물관마을,2022-09-30~2022-12-02,유료,"돈의문박물관마을 전화 070-4411-5700 , 이메일 dm_village@naver.com"
경기도,국악,Concert Meditation <반향 2022 : 묵(默)>,경기아트센터,2022-12-02~2022-12-02,유료,031-289-6471~6474
서울특별시,연극,토요마임극장,스튜디오QDA,2022-03-05~2022-12-03,유료,01098198992
서울특별시,뮤지컬/오페라,정글 라이프 [서울],반포심산아트홀,2022-11-23~2022-12-03,유료,서초문화재단 공연사업팀 02-3477-2805
서울특별시,국악,국립무용단 <홀춤Ⅲ : 홀춤과 겹춤>,국립극장 달오름극장,2022-12-02~2022-12-03,유료,02-2280-4114
경기도,연극,연극 <전태일 네 이름은 무엇이냐>,안산문화예술의전당,2022-12-03~2022-12-03,유료,080-481-4000
서울특별시,뮤지컬/오페라,에곤 실레,예스24스테이지,2022-09-14~2022-12-04,유료,HJ컬쳐 02-588-7708
서울특별시,뮤지컬/오페라,모딜리아니,예스24스테이지,2022-09-14~2022-12-04,유료,02-588-7708
서울특별시,뮤지컬/오페라,인간의 법정,아트원씨어터,2022-09-28~2022-12-04,유료,070-7724-1535
경기도,연극,앤 [고양],고양아람누리 새라새극장,2022-10-24~2022-12-04,유료,하랑씨어터 기획팀 070-8637-9032
대전광역시,연극,차사 강림 [대전],아신극장,2022-11-04~2022-12-04,유료,아신극장 1599-9210
서울특별시,뮤지컬/오페라,앨리스 in 원더랜드 (앨리스 인 원더랜드) [서울],상상나라극장,2022-11-19~2022-12-04,유료,상상나라극장 02-456-0116
서울특별시,연극,화원,나온씨어터,2022-11-25~2022-12-04,유료,창작집단LAS 070-8154-9944
인천광역시,뮤지컬/오페라,해와 달의 이야기 [인천],아띠홀,2022-11-25~2022-12-04,유료,아띠홀 032-623-4222
인천광역시,연극,인천시립극단 제87회 정기공연 <백년의 비밀>,인천문화예술회관,2022-11-26~2022-12-04,유료,인천시립극단 032-420-2790
서울특별시,뮤지컬/오페라,오페라<라보엠>,예술의전당 오페라극장,2022-12-01~2022-12-04,유료,02-580-1300
서울특별시,무용/발레,침묵,대학로예술극장 소극장,2022-12-03~2022-12-04,유료,02-3668-0007
서울특별시,음악/콘서트,Peace Concert '끝나지 않은 이야기',노원문화예술회관,2022-12-05~2022-12-05,"유료,할인",카카오톡 채널 [ 아트밤 ]
서울특별시,음악/콘서트,에릭 루 피아노 리사이틀,예술의전당 IBK챔버홀,2022-12-06~2022-12-06,유료,02-541-2512
경기도,뮤지컬/오페라,오페라 <라보엠>,성남아트센터,2022-12-09~2022-12-09,유료,031-783-8000
경기도,뮤지컬/오페라,피노키오 [김포],김포한강괜찮은홀,2022-11-26~2022-12-10,유료,김포한강괜찮은홀 070-8886-2516
경기도,음악/콘서트,파리나무십자가 소년합창단,부천시민회관 대공연장,2022-12-10~2022-12-10,유료,032-320-6336
경기도,음악/콘서트,피아니스트 박종해와 친구들,성남아트센터 콘서트홀,2022-12-10~2022-12-10,유료,031-783-8000
서울특별시,음악/콘서트,케이트 리우 피아노 리사이틀,예술의전당 IBK챔버홀,2022-12-10~2022-12-10,유료,스톰프뮤직 02-2658-3546
서울특별시,연극,아트 (ART),예스24스테이지,2022-09-17~2022-12-11,유료,나인스토리 02-3672-0900
서울특별시,뮤지컬/오페라,테레즈 라캥,드림아트센터,2022-09-20~2022-12-11,유료,070-8095-9734
서울특별시,연극,[집밖] 메이드 인 제인,CJ 아지트 대학로(구 SM아트홀),2022-11-12~2022-12-11,유료,창작집단 농담 010-4151-3424
서울특별시,연극,진구는 게임 중,학전블루소극장,2022-11-12~2022-12-11,유료,학전 02-763-8233
서울특별시,뮤지컬/오페라,"알로하, 나의 엄마들",세종문화회관 M씨어터,2022-11-22~2022-12-11,유료,서울시뮤지컬단 02-399-1771~3
서울특별시,연극,로켓 캔디,아르코예술극장 소극장,2022-12-03~2022-12-11,유료,02-3668-0007
서울특별시,연극,스푸트니크,아르코예술극장 소극장,2022-12-03~2022-12-11,유료,02-3668-0007
서울특별시,무용/발레,겨울 나그네,예술의전당 자유소극장,2022-12-09~2022-12-11,유료,02-3472-1420
서울특별시,음악/콘서트,오마주 투 쇼팽,예술의전당 콘서트홀,2022-12-11~2022-12-11,유료,스톰프뮤직 02-2658-3546
서울특별시,음악/콘서트,국립합창단 제192회 정기연주회 <2022 송년축하 음악회>,롯데콘서트홀,2022-12-12~2022-12-12,유료,02-587-8111
서울특별시,음악/콘서트,국립합창단 제192회 정기연주회 <2022 송년축하 음악회>,롯데 콘서트홀,2022-12-12~2022-12-12,"유료,할인",국립합창단 02) 587-8111
서울특별시,음악/콘서트,"2022 카즈미 타테이시 트리오 내한 공연-크리스마스, 재즈를 만나다-",세종문화회관 M씨어터,2022-12-13~2022-12-13,유료,070-8680-8477
서울특별시,국악,민속악단 기획공연 <서도소리와 놀다-왔구나 왔어! 3인의 배뱅이>,국립국악원 풍류사랑방,2022-12-13~2022-12-14,유료,02-580-3300
경기도,음악/콘서트,크리스마스 지브리 탱고,성남아트센터 콘서트홀,2022-12-14~2022-12-14,유료,031-783-8000
경기도,기타,안산시립예술단 특별기획공연: 안산의 사계,소극장 보노마루,2022-04-28~2022-12-15,유료,문화예술과 031-481-2064
서울특별시,음악/콘서트,포아 피아노연구회 베토벤 피아노 소나타 전곡 연주,푸르지오 아트홀,2022-11-10~2022-12-15,유료,카카오톡채널 포아피아노연구회 / 인터파크 1544-1555
경기도,음악/콘서트,토크 콘서트 : 12월의 랑데북,경기아트센터,2022-12-15~2022-12-15,유료,20:00~21:40
경기도,음악/콘서트,한국지역난방공사와 함께하는 2022 마티네 콘서트 - 12월,성남아트센터 콘서트홀,2022-12-15~2022-12-15,유료,1544-8117
서울특별시,전시,진민욱 초대전 <어제 걸은 길 The road that I walked yesterday>,한원미술관,2022-10-06~2022-12-16,무료,02-588-5642
서울특별시,음악/콘서트,2022 파리나무십자가 소년합창단 특별초청공연,예술의전당 콘서트홀,2022-12-16~2022-12-16,유료,031-738-1492
경기도,음악/콘서트,사라 장 & 비르투오지,남한산성아트홀,2022-12-16~2022-12-16,유료,광주시문화재단 031-762-8638
서울특별시,음악/콘서트,이우일 바이올린 독주회,예술의전당 인춘아트홀,2022-12-16~2022-12-16,유료,스톰프뮤직 02-2658-3546
서울특별시,연극,세컨드 찬스,두산아트센터 space111,2022-11-29~2022-12-17,유료,010-2069-7202
경기도,아동/가족,환상의 버블벌룬쇼,복사골문화센터 판타지아극장,2022-12-16~2022-12-17,유료,032-320-6334
경기도,음악/콘서트,2022파리나무십자가 소년합창단 특별초청공연-성남,성남아트센터 콘서트홀,2022-12-17~2022-12-17,유료,031-738-1492
서울특별시,연극,물고양이,씨어터 앤 펍 맥거핀,2022-10-13~2022-12-18,유료,010-8324-8454
서울특별시,연극,연극 <밝은 밤>,옵/신 스페이스(구 서촌공간 서로),2022-12-09~2022-12-18,"유료,할인",070-8156-6330
제주특별자치도,아동/가족,성탄가족뮤지컬 크리스마스 캐롤,제주관광대학교 컨벤션홀,2022-12-17~2022-12-18,유료,010-4192-3492
부산광역시,전시,전쟁과 평화 : 임진왜란에서 조선통신사의 길로,국립해양박물관,2022-10-05~2022-12-20,무료,051-309-1784
서울특별시,국악,별곡,민속극장풍류,2022-12-06~2022-12-20,유료,(02) 566-6300
서울특별시,음악/콘서트,오르간 오딧세이 (2~12월),롯데콘서트홀,2022-02-16~2022-12-21,유료,1544-7744
서울특별시,국악,"삼청각 수요상설공연, 박애리의 특별한 국악콘서트",삼청각 일화당,2022-10-05~2022-12-21,유료,삼청각 02-765-3000
서울특별시,국악,대표공연 <임인진연>,국립국악원 예악당,2022-12-16~2022-12-21,유료,02-580-3300
서울특별시,국악,세 가지 선물-창극 콘서트 <연작(連作)>,국립극장 해오름극장,2022-12-20~2022-12-21,유료,02-2280-4114
서울특별시,연극,2시간탈출졸탄쇼,졸탄극장,2022-07-01~2022-12-22,유료,1661-3124
서울특별시,전시,신촌문화발전소 기획전시 <클라인 클럽 Klein Club>,신촌문화발전소,2022-10-25~2022-12-23,무료,02-330-4393
서울특별시,국악,더스토리인간문화재,민속극장풍류,2022-12-21~2022-12-23,유료,(02) 566-6300
서울특별시,국악,더스토리인간문화재,민속극장풍류,2022-12-21~2022-12-23,유료,(02) 566-6300
서울특별시,기타,2022 1-2월 토요국악동화,국립국악원 (풍류사랑방),2022-02-05~2022-12-24,유료,02-580-3300
부산광역시,국악,토요신명 (7~12월),국립부산국악원,2022-07-02~2022-12-24,유료,051-811-0114
서울특별시,국악,2022 토요명품,국립국악원 우면당,2022-11-05~2022-12-24,유료,02-580-3300
서울특별시,국악,토요국악동화,국립국악원 풍류사랑방,2022-11-05~2022-12-24,유료,02-580-3300
서울특별시,무용/발레,"안녕, 나의 그르메",대학로예술극장 대극장,2022-12-23~2022-12-24,유료,02-3668-0007
경기도,뮤지컬/오페라,뮤지컬 <스페셜5>,안산문화예술의전당,2022-12-23~2022-12-24,유료,080-481-4000
경기도,음악/콘서트,2022 리처드 용재 오닐 송년 콘서트 <선물>,성남아트센터 콘서트홀,2022-12-24~2022-12-24,유료,031-783-8000
경상남도,뮤지컬/오페라,인피니티 플라잉 [경주],경주세계문화엑스포 문화센터 공연장,2022-04-08~2022-12-25,유료,054-775-0815
서울특별시,국악,영재국악회,남산골한옥마을,2022-05-15~2022-12-25,유료,클립서비스 1577-3363
광주광역시,전시,2022 ACC 미디어파사드 <반디산책: 지구와 화해하는 발걸음>,국립아시아문화전당,2022-09-01~2022-12-25,무료,1899-5566
전라북도,뮤지컬/오페라,프리즌 [전주],한해랑아트홀,2022-10-07~2022-12-25,유료,극단 한해랑 1644-4356 / 010-2995-1002
경기도,연극,메리크리스마스 산타할아버지 [수원],KBS수원아트홀,2022-11-12~2022-12-25,유료,KBS수원아트홀 031-216-5201
서울특별시,연극,스카팽 [서울 용산],국립극단 명동예술극장,2022-11-23~2022-12-25,유료,국립극단 1644-2003
서울특별시,무용/발레,예술의전당 & 국립발레단 <호두까기인형>,예술의전당 오페라극장,2022-12-17~2022-12-25,유료,미정
제주특별자치도,연극,보잉보잉,제주관광대학교 컨벤션홀,2022-12-23~2022-12-25,유료,010-2488-8913
서울특별시,무용/발레,세 가지 선물-전통춤 모음 <수작(秀作)>,국립극장 해오름극장,2022-12-24~2022-12-25,유료,02-2280-4114
경기도,음악/콘서트,콘서트 <유키구라모토와 친구들>,안산문화예술의전당,2022-12-25~2022-12-25,유료,080-481-4000
경기도,음악/콘서트,<브로콜리너마저 크리스마스 콘서트> - 안양,평촌아트홀,2022-12-25~2022-12-25,유료,031-687-0500/0555
서울특별시,뮤지컬/오페라,푸에르자 부르타 웨이라 인 서울,잠실종합운동장 보조경기장,2022-09-29~2022-12-26,유료,쇼비얀엔터테인먼트 02-540-2010
서울특별시,연극,학교스타그램,졸탄극장,2022-11-14~2022-12-26,유료,졸탄극장 010-4521-6193
서울특별시,음악/콘서트,라움 마티네 콘서트,소셜베뉴 라움,2022-02-22~2022-12-27,유료,02-538-3366
서울특별시,음악/콘서트,2022 라움 마티네 콘서트,소셜베뉴 라움,2022-03-29~2022-12-27,"유료,할인",02-6925-4794
서울특별시,국악,예인열전(藝人列傳) 최경만의 피리 소리 스치우고,한국문화의 집 코우스,2022-11-01~2022-12-27,유료,한국문화의집KOUS 02-3011-1740
서울특별시,무용/발레,0g,대학로예술극장 소극장,2022-12-29~2022-12-30,유료,02-3668-0007
서울특별시,기타,CONTACT_온라인 마술 공연,라온플레이,2020-08-04~2022-12-31,유료,02-914-1500
경기도,뮤지컬/오페라,온라인 매직스쿨,용용아저씨,2021-01-04~2022-12-31,유료,010-7229-4288
서울특별시,전시,국립중앙도서관 「실감서재」,실감서재,2021-03-23~2022-12-31,무료,02-3456-6169
서울특별시,연극,사랑과 전쟁2,대학로 스튜디오 블루 (구 두레홀 3관),2021-07-15~2022-12-31,유료,대학로 두레홀 02-3672-0855
경기도,교육/체험,디지털 「소나기」산책 영상체험관 + AR 체험,-,2021-07-17~2022-12-31,기타,031-773-2299
경기도,전시,원더풀랜드,고양 어린이박물관,2021-08-17~2022-12-31,유료,031-839-0300
전라남도,교육/체험,[집밖] 어린이박물관 개관 특별전 <문화재를 지키는 박물관 사람들>,-,2021-12-21~2022-12-31,무료,국립나주박물관 061-330-7800
서울특별시,전시,S프로젝트_Connected Tunnel,소마미술관 2관,2021-12-21~2022-12-31,무료,02-425-1077
부산광역시,전시,[집밖] 이우환공간 상설전,이우환 공간,2022-01-01~2022-12-31,"유료,무료,할인",051-740-2603
경기도,전시,도전! 어린이 건축가,경기도어린이박물관,2022-01-01~2022-12-31,무료,031-270-8600
광주광역시,전시,700년의 시간여행-신안 도자기를 찾아서,국립광주박물관,2022-01-01~2022-12-31,무료,062-570-7805
서울특별시,연극,오백에삼십,세우아트센터,2022-01-01~2022-12-31,"유료,할인",010-6460-7679
경상남도,교육/체험,울진 국립해양과학관X홀라이트,국립해양과학관,2022-01-01~2022-12-31,"유료,무료",054-780-5000
경기도,교육/체험,우리는 숲에서 문화생활 합니다,-,2022-01-04~2022-12-31,유료,031-437-2041
서울특별시,뮤지컬/오페라,뮤지컬 환타,하마씨어터,2022-01-14~2022-12-31,유료,02-766-0830
서울특별시,전시,"훈민정음, 천년의 문자 계획",국립한글박물관,2022-01-21~2022-12-31,무료,02-2124-6200
서울특별시,연극,연극 옥탑방 고양이,대학로 틴틴홀,2022-02-01~2022-12-31,유료,02-764-8760
서울특별시,연극,늘근도둑이야기,아트포레스트 아트홀,2022-03-05~2022-12-31,유료,02-3672-0900
서울특별시,뉴스/지식,[국립국악원 e-국악아카데미] 뉴스레터로 가장 빠르게 국악 콘텐츠를 만나보세요! (온라인),-,2022-04-22~2022-12-31,무료,02-580-3086
서울특별시,교육/체험,2022년 선릉아트홀 명인 명창 국악특강 시리즈 14 MASTER CLASS,-,2022-05-01~2022-12-31,유료,"02-553-0067 평일(11시~18시), 점심시간 제외(13시~14시) , 카카오톡 채널 '선릉아트홀'"
서울특별시,전시,FUTURE FOOD · 혀가 느끼는 고민 展,셀린박갤러리,2022-05-18~2022-12-31,유료,아이러브아트센터 070-5222-3778
서울특별시,뮤지컬/오페라,뮤직드라마 당신만이,JTN 아트홀,2022-05-27~2022-12-31,유료,070-8245-2602
서울특별시,뮤지컬/오페라,당신만이,JTN 아트홀,2022-05-27~2022-12-31,유료,070-8245-2602
경기도,교육/체험,식물공방 체험프로그램 안내,-,2022-06-01~2022-12-31,유료,031-437-2041
서울특별시,음악/콘서트,판소리와 미디어 아트의 입체적 만남 '두개의 눈',국립극장,2022-06-23~2022-12-31,"유료,할인",국립극장
서울특별시,아동/가족,국립한글박물관 2022년 하반기 공연 일정,국립한글박물관,2022-07-01~2022-12-31,무료,02-2124-6292
서울특별시,뮤지컬/오페라,날개 잃은 천사: 사람은 무엇으로 사는가,북촌나래홀,2022-07-06~2022-12-31,유료,조이피플 02-988-2258
서울특별시,교육/체험,증강현실로 만나는 도서관,-,2022-07-14~2022-12-31,무료,02-3413-4800
서울특별시,전시,[집밖] S프로젝트_커넥티드터널,소마미술관,2022-09-02~2022-12-31,유료,02-425-1077
서울특별시,뮤지컬/오페라,내일은 스타,명작극장,2022-09-18~2022-12-31,유료,명작극장 010-7417-9986
서울특별시,전시,"쉼 , 밤의 흔적 물의 위로",미디어 아트 갤러리 언더독뮤지엄,2022-09-19~2022-12-31,유료,02-336-0423
경기도,전시,Everyday New Art Fair!,아트뮤제갤러리 롯데백화점 일산점,2022-10-01~2022-12-31,무료,아트뮤제 갤러리 031-909-3187 / 아트뮤제 본사 02-543-6151
서울특별시,연극,러브 앤 전쟁,원패스아트홀,2022-10-01~2022-12-31,유료,인터파크 1544-1555
서울특별시,뮤지컬/오페라,디바,룸어씨어터,2022-10-20~2022-12-31,유료,아쉬레엔터테인먼트 1800-5073
서울특별시,뮤지컬/오페라,NEW 사랑을 이루어 드립니다,룸 씨어터,2022-10-21~2022-12-31,유료,에스앤엘컴퍼니 1661-7901
서울특별시,연극,추적 [대학로],대학로 SH아트홀,2022-10-21~2022-12-31,유료,070-4179-1775
서울특별시,무용/발레,제12회 별의별춤 페스티벌,소극장 스튜디오SK,2022-10-22~2022-12-31,유료,한국춤예술센터 02-3675-3336
광주광역시,전시,"도시의 경계와 균열, 새로운 연결의 공공예술",이강하 미술관,2022-11-05~2022-12-31,무료,062.674.8515
울산광역시,뮤지컬/오페라,당신만이 [울산],CK아트홀,2022-11-12~2022-12-31,유료,CK아트홀 1533-2704
서울특별시,연극,<맥베스 레퀴엠>,국립정동극장,2022-12-01~2022-12-31,유료,02-751-1500
서울특별시,국악,세 가지 선물-송년 음악회 <명작(名作)>,국립극장 해오름극장,2022-12-30~2022-12-31,유료,02-2280-4114
서울특별시,국악,국립극장 <송년판소리>,국립극장,2022-12-31~2022-12-31,유료,02-2280-4114
부산광역시,연극,오 나의 귀신님 [부산],BNK부산은행조은극장 1관,2022-09-08~2023-01-01,유료,1588-2757
부산광역시,연극,오늘도 극한직업,BNK부산은행조은극장 2관,2022-09-22~2023-01-01,유료,1588-2757
서울특별시,뮤지컬/오페라,랭보,대학로 TOM(티오엠)1관,2022-10-18~2023-01-01,유료,클립서비스 1577-3363
부산광역시,연극,이프온리 크리스마스특별 공연 [부산],부산메트로홀(구 AN아트홀광안),2022-10-21~2023-01-01,유료,㈜플레이더부산 1600-0316
대구광역시,연극,오백에 삼십 [대구],아트플러스씨어터,2022-11-03~2023-01-01,유료,010-6460-7679
서울특별시,연극,복길잡화점 (앵콜),해오름 예술극장,2022-11-04~2023-01-01,유료,010-9167-5619
대구광역시,연극,사랑일까? [대구],여우별아트홀,2022-11-04~2023-01-01,유료,여우별아트홀 010-2875-1931
서울특별시,뮤지컬/오페라,우리가 사랑했던 그날,한성아트홀,2022-11-11~2023-01-01,유료,어드벤쳐프로젝트 070-8919-0647
경기도,연극,딜리버리 [수원],KBS수원아트홀,2022-11-18~2023-01-01,유료,KBS수원아트홀 031-216-5201
대전광역시,연극,라면 [대전],아신극장,2022-11-18~2023-01-01,유료,아신아트컴퍼니 1599-9210
서울특별시,연극,온 더 비트,대학로 TOM(티오엠) 2관,2022-11-21~2023-01-01,유료,클립서비스 1577-3363
대구광역시,연극,헬로우미스미스터［대구］,문화예술전용극장 CT,2022-11-22~2023-01-01,유료,비컨크리에이티브 053-252-5733
광주광역시,연극,운빨로맨스 [광주],기분좋은극장,2022-11-24~2023-01-01,유료,상무지구 기분좋은극장 1600-6689
서울특별시,뮤지컬/오페라,범옹,드림아트센터,2022-10-25~2023-01-08,유료,인터파크 1544-1555
서울특별시,뮤지컬/오페라,우리들의 사랑,예그린씨어터,2022-11-18~2023-01-08,유료,문민기획 02-723-2245
대구광역시,연극,옥탑방고양이 [대구],송죽씨어터,2022-11-23~2023-01-08,유료,비컨크리에이티브 053-252-5733
서울특별시,연극,사나이 와타나베,컬쳐스페이스 엔유(구.쁘띠첼 씨어터),2022-10-25~2023-01-15,유료,인사이트엔터텐인먼트 02-541-7152
서울특별시,뮤지컬/오페라,바람으로의 여행,JTN 아트홀,2022-11-04~2023-01-15,유료,LP STORY 02-565-2245
서울특별시,뮤지컬/오페라,브로드웨이 42번가,예술의전당 CJ토월극장,2022-11-05~2023-01-15,유료,오픈리뷰 1588-5212
서울특별시,뮤지컬/오페라,지저스 크라이스트 수퍼스타 50주년 기념 한국 공연,광림아트센터 BBCH홀,2022-11-10~2023-01-15,유료,클립서비스 1577-3363
서울특별시,뮤지컬/오페라,드라큘라,올림픽공원 우리금융아트홀,2022-11-15~2023-01-15,유료,글로벌컨텐츠 02-2051-1698 / 1577-3363
서울특별시,연극,러브액츄얼리,"R&J씨어터(구,연진아트홀)",2022-10-21~2023-01-17,유료,인터파크 1544-1555
경기도,전시,바로크 백남준 展,백남준아트센터,2022-07-20~2023-01-24,무료,031-201-8548
서울특별시,뮤지컬/오페라,볼륨업,더 서울라이티움 1관,2022-09-02~2023-01-24,유료,010-9970-8101
서울특별시,뮤지컬/오페라,클림트,더 서울라이티움 1관,2022-09-16~2023-01-24,유료,02-466-8101
서울특별시,전시,[집밖] 제12회 서울미디어시티비엔날레 사전프로그램 <정거장>,서울시립미술관 남서울미술관,2022-07-21~2023-01-29,무료,02-2124-8975
충청북도,전시,[집밖] 전시배달부,국립현대미술관 청주관,2022-08-24~2023-01-29,무료,043-261-1400
서울특별시,전시,[집밖] 문신(文信) : 우주를 향하여,국립현대미술관 덕수궁관,2022-09-01~2023-01-29,무료,02-2022-0600
서울특별시,연극,에쿠우스 [서울],충무아트센터 중극장 블랙,2022-11-08~2023-01-29,유료,아트리버 02-6498-0403
서울특별시,뮤지컬/오페라,푸른 잿빛 밤,드림아트센터,2022-11-22~2023-01-29,유료,홍컴퍼니 02-3444-0205
서울특별시,뮤지컬/오페라,용의자X의 헌신,한전아트센터,2022-11-26~2023-01-29,유료,티켓링크 1588-7890
서울특별시,전시,[소마미술관] 뒤뷔페전,소마미술관 2관,2022-10-01~2023-01-31,유료,02-425-1077
서울특별시,전시,[집밖] 뒤뷔페 그리고 빌레글레,소마미술관,2022-10-01~2023-01-31,무료,02-425-1077
울산광역시,도서,마음 한 스푼,-,2022-02-04~2023-02-04,무료,-
울산광역시,도서,위로가 필요한 그대에게,-,2022-02-04~2023-02-04,무료,-
서울특별시,전시,[집밖] 이만익-별을그리는마음,소마미술관,2022-09-02~2023-02-05,유료,02-425-1077
서울특별시,전시,[소마미술관] 작가재조명전<이만익-별을 그리는 마음>,소마미술관 1관,2022-09-02~2023-02-05,유료,02-425-1077
서울특별시,뮤지컬/오페라,하트시그널,하마씨어터,2022-11-02~2023-02-14,유료,하마컴퍼니 02-766-0830
서울특별시,연극,서툰 사람들,예스24스테이지,2022-11-26~2023-02-19,유료,파크컴퍼니 02-6925-0419
경상남도,전시,"2022 정기기획전 - '선비들의 출처, 나아감과 물러남'",유교문화박물관,2022-06-21~2023-02-26,무료,한국국학진흥원 유교문화박물관 054-851-0800
부산광역시,전시,[집밖] 각진원형:김용관,부산시립미술관,2022-08-23~2023-02-26,"유료,무료,할인",051-744-2602
서울특별시,전시,[집밖] MMCA 현대차 시리즈 2022: 최우람 - 작은 방주,국립현대미술관 서울관,2022-09-09~2023-02-26,유료,02-3701-9500
경기도,전시,[집밖] 다다익선 : 즐거운 협연,국립현대미술관 과천관,2022-09-14~2023-02-26,무료,국립현대미술관 과천 02-2188-6000
서울특별시,뮤지컬/오페라,마틸다,디큐브아트센터,2022-10-05~2023-02-26,유료,인터파크 1544-1555
서울특별시,뮤지컬/오페라,여신님이 보고 계셔 10th Anniversary,대학로 유니플렉스 1관,2022-11-08~2023-02-26,유료,클립서비스 1577-3363
서울특별시,뮤지컬/오페라,웨스트 사이드 스토리,충무아트센터 대극장,2022-11-17~2023-02-26,유료,쇼노트 02-3485-8700
서울특별시,연극,오펀스(Orphans),아트원씨어터,2022-11-29~2023-02-26,유료,인터파크 1544-1555
서울특별시,기타,그랜드 엑스페디션,블루스퀘어 카오스홀,2022-09-30~2023-03-01,유료,인터파크 1544-1555
경기도,전시,이풀실내정원 기획전시 <ORGANIC SPECTRUM>,이풀실내정원,2022-07-05~2023-03-03,무료,031-437-2525
서울특별시,교육/체험,[집밖] 어린이박물관 상설전시 <우리 이제 만나요>,국립민속박물관 어린이박물관,2022-04-28~2023-03-12,무료,"02-3704-3014, 3015"
서울특별시,전시,[집밖] 서도호와 아이들: 아트랜드,서울시립 북서울미술관,2022-07-26~2023-03-12,무료,전시문의 02-2124-5269 / 관람문의 02-2124-5201
서울특별시,연극,진짜나쁜소녀,대학로 유니플렉스 3관,2022-11-12~2023-03-12,유료,휴먼컴퍼니 02-6221-6485
서울특별시,전시,[집밖] MMCA 이건희컬렉션 특별전 이중섭,국립현대미술관 서울관,2022-08-12~2023-04-23,무료,02-3701-9500
서울특별시,전시,2022 SOMA 공공미술프로젝트,올림픽공원,2022-10-17~2023-05-31,무료,02-425-1077
경기도,기타,[집밖] MMCA 과천프로젝트 2022 : 옥상정원 시간의 정원,국립현대미술관 과천관,2022-06-29~2023-06-25,무료,02-2188-6000
서울특별시,전시,"[집밖] 영원한 삶의 집, 아스타나 고분",국립중앙박물관,2022-07-16~2023-07-15,무료,02-2077-9000
제주특별자치도,전시,다이노스 어라이브 제주,제주항공우주박물관,2022-08-10~2023-08-09,유료,1544-1555
서울특별시,전시,박노해 사진전 <아이들은 놀라워라>,라 카페 갤러리,2022-09-30~2023-10-01,무료,라 카페 갤러리 02-379-1975
서울특별시,전시,[집밖] 일본 불교조각의 세계,국립중앙박물관,2022-04-05~2023-10-09,무료,02-2077-9000
경상남도,전시,The 경주 : 경주연대기,경주예술의전당 알천미술관,2022-05-31~2023-12-31,유료,054-777-5822
서울특별시,전시,"[집밖] 영원한 나르시시스트, 천경자-상시",서울시립미술관,2022-08-29~2023-12-31,무료,02-2124-8954
서울특별시,전시,"[집밖] 메소포타미아, 저 기록의 땅",국립중앙박물관,2022-07-22~2024-01-28,무료,02-2077-9000
경기도,전시,김포다도박물관 상설전시,김포다도박물관,2020-12-31~2024-12-31,유료,031-998-1000
